PC1,PC2,PC3,PC4,PC5,binary
-1.48242419468977,-0.6326324140575557,0.09785646838971095,0.3791298325670719,0.8581591808612761,0
2.8637309479608692,-1.3160929885533643,0.31549518100846863,-0.7165740174034406,0.4971888281708581,0
0.6493993802093464,-1.1728088830980419,-1.5729151769826986,0.24285912445060834,1.59199934246176,1
-0.9071184203609479,0.3544132077158712,1.2845518766632282,0.602984763075651,-0.6625474468850774,0
-1.8952150105274812,-1.1740083511641979,-0.18021473279814754,0.5548997325902966,1.7228486682583626,1
-0.837002967737436,0.7902630898465673,0.4997868187451324,-1.0542219103458783,-0.5482339614925702,0
2.4372340365661116,0.6617523560916658,-1.2963704313693423,-0.10445623856117792,1.5180869277900164,0
1.7860278015379465,-1.6321856419282508,1.0876394380867527,1.4699488081039804,0.29670384572668734,0
-1.3306333566591206,-2.5130796342489505,-1.1414873132501961,0.8008998044565984,0.28559966025312433,0
-0.17076935803928292,-0.2905835755793273,-2.604079310932126,0.9638872895736125,-1.0525218060348822,0
-1.3551357510378441,-1.2776461062550564,-0.7554907376553268,-0.28727728302198624,0.5666677313844352,1
-0.17100571809185738,-0.9827485406690531,-1.6288762160592622,3.5563744319856085,-2.1536145450472453,0
-1.5299488855425367,-0.007014505436555176,0.9617850930311189,-0.6368332747995199,-0.7433757375476489,0
-1.7163951460905682,-0.25351454056189454,1.3378453821833693,0.23087905938849546,-1.264833039046774,0
-0.5667818198218633,-1.0320747302728466,0.5990486322380919,0.47849930625544784,-1.5399218919311297,0
-0.4528568440540841,2.0943552837801698,1.1449618945258024,2.133352827425596,-0.6660697261831592,0
1.0950420137050125,1.4922267986022222,-1.0580848528834816,-0.6800714397601494,-0.4833764348290831,0
-1.289840644601916,-1.7280978133140648,1.0160819650728845,-0.07950621571700572,1.0894229603256254,0
1.6421528292752312,2.4015555523136536,1.0856833447245091,-1.8992567298192298,1.5281539222120226,0
-1.7521232088687384,-0.9102262798827444,-0.3661258585599294,1.252037813414505,-0.6808322872808217,0
1.021055480865352,1.7352299850091955,4.3430719532690665,1.4540539160038042,0.4826743445746491,0
-2.159964501644717,0.29078714345304973,0.7028151384427077,0.5592798733834687,0.9704857418703223,0
1.5346504331659463,-0.3526390359184384,0.0322990717681849,0.02987695113025316,-0.030668928133097715,0
2.388926796967317,-0.71281635656879,-0.41136565248825646,-0.043384712171536784,-0.19413543057669017,0
0.11951981020409137,1.4329166009549246,-0.0005021792742299318,0.7277319314051961,-0.2359614643940159,0
-2.785153718851774,1.1256690478476408,-0.8924768709658382,0.024042067232635262,1.3430073294883205,1
1.0441569263538844,-1.7823950073382338,-0.10953083407077228,-0.609072934540903,0.8065346839327296,0
-1.8196843185970872,1.4591701504566486,-0.9542554621172356,0.8681137989458856,0.5539648767413204,0
-1.2802391950629453,1.822876265349274,-0.10361177954762239,0.1797282816099289,0.8231620453522615,0
0.8307907001156623,0.5904441348226925,2.055966529273689,0.7803734677249866,1.2998846047619939,0
-1.0389612070624354,-0.1586972059670021,2.0351729062462485,0.6616324515000722,0.12628114544819982,0
-0.6355717224787288,4.1075523583557825,-2.2288897733425728,-0.10444154456191787,2.0476173211897284,0
-1.1503454911813926,0.6719335799080035,2.608968245182189,1.8660203018261714,2.1513317425254788,0
-0.6732672973383476,-0.17322258208211658,-0.045710530112572444,-0.8419625257169305,-0.3608364757693749,0
-1.467658025600512,-0.9090281479837501,0.8940045949738598,1.1868535167289105,0.7764136858552013,0
-2.75633431395308,-0.44769738233467143,-0.37262742507877755,-1.3934617373447296,-0.074099263141497,0
0.9760045264056035,3.0989697586312044,-2.6753705983048617,-0.4437507729957077,0.35881822144901115,0
-2.2599446384057766,-0.5809032949177889,0.2340062337995178,0.1997146587914087,1.2070300777684613,1
-1.5318227046068806,-1.7006610274947729,0.02458325628150442,0.5717459866803064,0.19480726525340294,0
0.9863728970551787,-0.4433676758251903,0.8194553300561302,-0.6840874588337069,0.24460339831165154,0
-0.22297623952873052,-0.44143839320179634,0.04488354396188423,-0.9992969390186244,-0.7837418706746421,0
-0.7730647651843624,1.1083477652186728,0.25673922771907115,0.9059885623531583,-0.4137690839844498,0
2.3696243050984003,-1.0481785434746884,-0.16968399458321526,-0.02307173783797669,-0.28873945651722416,0
-0.7108358232132235,1.6554498115869523,-0.3691904836921745,-0.28433764828452596,-0.6480233182173533,0
2.6040054193504862,3.073405412452392,0.5199329462162646,-1.9950117204994258,3.3844652856624307,0
-0.8994865282896192,-1.0954912068399483,0.7722699505073124,-0.3227894671124276,0.7771649043091695,0
-1.982217958373643,-0.9890755464197873,1.139097881626375,-0.642278920647604,-0.4092539339970643,0
-1.234264587524058,-1.073442985058174,-0.4965134913156125,-1.5159686900994949,0.48990612224642743,1
-2.157015178305221,-2.116413359892299,-1.5461752203061758,0.6801485516907384,1.179545791889025,0
-0.16374038112753178,1.7045799399035875,1.485353213576927,-0.09743985222217627,-0.013118042038111007,0
0.17270485005091885,0.635266509868634,0.6703981533390486,-2.0592434975160434,0.061527025734039495,1
-0.5927335826270884,0.5017986093779103,0.5764630352992302,0.037128387855797265,1.1844648044749373,0
-1.4408969045567501,1.2759206026502423,-0.2296975940039267,0.2955722246751088,1.2091746311955038,0
1.049717726992987,-0.057203917270347016,-0.4189333633934716,-1.337731039376845,-2.223621240929937,0
-0.9304473999639747,-0.6146041643538807,-0.43759117917237855,0.7587666545594253,0.026343661671185986,0
3.944405941121307,0.03033000211190511,2.055947284583281,0.5781453856145686,0.9239575468398286,0
-0.22587983596353856,0.20456247348205478,0.002176421232826074,0.21864051628470016,-0.03772742718037527,1
-2.769606521476145,0.6839883668972574,-0.5176395399992999,-0.035297213561911935,0.012887060565777776,1
-0.6994226489371596,0.021382162820893592,0.7121670268204962,-0.12019963472873517,0.7339603626869047,0
-1.350705862988369,-2.315805299913386,1.6036448451950864,-0.03790917062457765,0.7438470649332944,0
3.2296345090250966,1.147943716026357,0.04405077520205249,0.12718083232655128,1.248044446758289,0
0.9930360379629758,1.7049353619039875,-0.6846451905213206,-1.005233248441253,-0.9866041791291023,0
1.6544960040731982,0.24609853354376177,0.7747512967513288,-0.022024762194844724,-0.08638991231900285,0
-0.6655856444562022,1.000437062408684,0.8269179389982003,0.00035454988909985137,-0.9251177283518034,1
2.7226273793998175,-0.528871080215935,-2.9377411706591965,-1.3990379841481944,0.7495963871153525,0
-0.9364368571432468,-1.3306309704531305,0.7058221486698096,0.41628233589069225,-0.9154206954242202,1
-1.5203083835962654,-1.057663237487967,-0.6284159776864505,-0.7251709175110994,-0.4881659621625782,0
-0.34005953388593985,0.6263829396345841,2.158161481426144,0.7035478153070711,0.4419164002717978,0
2.725233836179134,0.7127757295284635,0.47985769059066297,-0.7253317756295711,0.954056846194978,1
2.028614597651948,-0.7708967205311542,1.2770803105789805,-0.3082870371231913,0.6164815871852343,0
-0.7529296185036108,-1.684358190757582,-1.099711917639284,-1.7199400758338277,-0.3180932205139942,0
0.8610499900460166,1.2460717904477783,-0.26964529377498075,-0.021622994960110307,-0.7211449003804036,0
-3.407301513851764,0.9157439009915429,-0.268296762897154,-0.762125754276329,-0.08070540291959796,1
-0.07279376691890763,-0.7386179723661106,1.341833962111482,0.41461639033611214,-0.4989643717773716,0
2.9262620416518064,-0.6707278369807086,-0.16147964511975474,-0.4964320712013993,-0.16805348008275048,0
-2.7973388192720363,-0.8997701210794503,-0.5424062054351665,-0.611417974057057,0.21270274270811934,1
0.31252801909710465,1.3479700501265244,0.10945138996305379,-1.282611801261556,0.11873617699338057,0
0.6484643435260768,-0.6396242995164472,0.45456870266375204,0.6591685904495644,-0.02129758302957094,0
0.5490124642297441,-1.5097652683146598,-0.28428486826432264,0.7590673683700564,0.8570372656036238,0
-1.6363779049771692,-1.7718667140609168,0.41137323753553,-0.09942897498993022,0.6664280567623121,0
2.5419691467068466,-0.030798125144539962,-0.0030135893766986724,0.4531939279517723,0.013279775558437975,0
1.1615081193821064,1.0964044764470016,-0.9300984741641055,-0.2712916807291474,-1.0340868136691288,0
0.07338834970031548,-0.37352718531283385,0.5747792967261882,-0.8013320096379831,-0.4916905087396092,1
2.2996976708422787,-1.7443876229558057,1.7887523046542788,-0.17833328455446298,2.2661082655940317,0
-2.1632949201868543,-0.026619712031579347,0.33918062154113543,-0.4676467012381147,-0.21678798114511283,1
1.7589025101941722,-0.24289005344157127,-1.330141222479843,3.917788178320056,-2.7824249414697784,0
2.061464030939361,-0.339685668374175,0.16779824068298305,-0.500836544415978,1.3599451795053332,0
-3.091483124572958,1.0307873180205207,0.49176274662442315,-1.4286010230956745,-0.6293871751588904,1
-2.414498326736185,0.9164587236722667,-1.891898444514055,0.9223670892545576,-0.12015999286999911,0
0.6692960253988492,-0.40917206730591477,-0.11623244735650133,0.0895056479711688,0.7766883838836478,0
0.7634962382681058,-1.929522434549381,0.20630851562277375,0.31850608822345566,0.45827261551267123,0
2.5223961981043654,0.8650046545860122,-0.9411387255534064,-0.30944489084770715,2.563595142818207,0
-0.9509965335396039,-1.2520899028134433,0.5307239578972649,0.5340640478452554,0.2860230533392671,0
2.1813275441574764,0.46468620067590033,-0.6998788316358616,-0.9845924441600457,-1.2717500606201397,0
0.15768034740393458,-0.36219704457261587,-0.15961966332308164,0.4493454238458641,-0.21027422896770814,0
-0.8668841157620647,-1.9165619470680397,0.9788123230342509,-0.6089456999926988,0.13250357358694684,0
-1.9911500545707455,0.7117199819564657,0.22088532535890773,0.6438072371975052,1.4388668595140315,1
-0.32046870419660045,0.6570152433709725,1.1919149542080194,0.30386548819396386,-1.161073107544995,0
-0.92125938047827,1.6371846221495123,2.278845532414377,0.26612151247432225,0.08914605076997334,1
2.6054612449549093,0.18922746594957965,0.36671027850785476,1.3259434772815806,-1.1109899938599601,0
-1.2936934231178905,-1.207623067404472,0.6174028705351999,1.1497227564705306,0.4198270626078634,0
-1.8699654403518435,0.5770672718466929,0.018448811150604958,-0.3087709717227263,-0.07032478653887644,0
2.298382276911373,-2.3657108294702494,0.8059626171223939,-0.5009445162087418,-0.9869199616721469,0
-2.2530218152847823,1.5606298609163918,-0.08506593023458538,-0.23834015267244651,1.5799814244326202,1
-2.766813144265577,1.3334763010005053,-5.672270754504045,2.0661488837216138,5.055193104679455,0
2.14280662399641,-0.03983861968159006,-1.1970893143793349,-0.8685415591441571,-1.2416072935684397,0
-0.5575231796992665,-1.6747578796167428,0.82341055485234,-0.77597310308995,0.621007001977598,0
-1.7467050337485743,-0.9753286979966237,0.7598777996356547,-0.1295888125228908,1.5711408249844008,0
-0.350170087004438,-1.3639016741439995,-1.2580568627394089,-0.07636976459227218,0.6350458666302985,0
-0.5041389769508761,-2.562779459061052,0.5258694866133009,-1.7900186482582874,0.011256391318649315,0
2.8243663370206833,-1.3256370591265494,-0.241523103257577,-0.5487803590162913,-0.16187655244216798,1
2.431216247662696,0.8791759734097186,-1.162210960121927,-1.1059261142339107,-1.6172473594803876,0
-0.5176406707824902,2.06707954280335,-0.4093367494054381,0.1608091660724494,0.8676514081684977,0
-2.251403088349555,0.6268541346705984,-0.05112882849649988,0.6188605234672246,1.6242856705953002,0
0.16856426783786796,2.020758300022316,-0.04737012712730804,0.6008580030744448,-0.04480662506427768,1
0.5781516248159037,-0.4564082657292002,-0.37586485952027093,-0.9656517704247368,0.4998706516333367,0
-0.5959220586050435,0.7208704305087873,0.39263914706741,-0.13860901477011867,-1.2900603716198278,0
3.1202942281947648,-0.3489139636522116,-0.7229915440354326,-0.7864584370128195,-1.2193404250779682,0
-1.8973942274340216,-0.40429412854296487,0.16111736748328567,0.45470065926249836,0.2308369491111993,0
1.7251176095664962,-1.1169299084972186,1.6355567001747258,-0.5185669775095365,-1.078032637330161,0
1.4677888296521644,-0.010102174468569746,0.6290351894957411,0.3701284240918113,0.14679818434702444,0
-0.4860781381120107,1.3862814524940694,-0.9311844135718553,1.1015563102860355,1.8723453424738863,0
2.0358960888348503,0.48065006526935644,-1.5612573073714842,-0.8496919523047404,-1.0489539878790992,0
-1.953287362600562,-1.1484460102359118,0.16094581241637776,-0.21352455935443515,1.0935905889622266,1
-1.1857835780519514,-1.1339611660462274,-0.38725063142102917,-0.18632737347883968,-0.9618417078071656,0
-2.0323754235715286,-0.011295974987865701,1.4991640423139778,0.712638944926333,0.677605281511088,0
3.05766803065089,0.11397062674601223,-0.09458625215911402,4.288727727996079,-2.172044992521638,0
-1.5528889136759025,0.2793341494632438,0.5106520095279128,-0.5006164365351834,-1.3250560112909606,0
0.5567602768824267,-0.730029208383424,-0.2130116650344669,-0.4877842100266625,-1.3020156265779255,0
1.7817676643473188,-0.6006167581845847,1.6832573256425094,-1.1932284771694626,-0.7382297654637467,0
-0.23457918097176758,2.7768821242369763,-2.806212701515471,0.8925983111338675,1.3603857661569105,0
0.5851785777772347,1.4737340553536817,2.155249901218578,1.3288959892724743,1.1984495139622935,0
0.6811823456278121,0.826160046023382,-0.7285478969500355,-0.8213892230515707,-1.7050309668798407,0
-0.643813372733499,0.4550616401381454,-1.173773508910068,-0.7311575748163847,-1.1533294474366826,0
-2.130826318786911,-0.7288671711366822,0.9577885837725075,-0.13184376709846393,0.37412643077873464,0
1.5932720614893974,1.246250912706509,-1.1864391244182684,-0.934952199517596,-1.5446411064434027,0
1.5928189155908925,2.377928638592009,0.18017762091565787,-0.11074728651729976,1.104800309639857,0
-0.6428409810199316,0.3377495895014887,0.22302607964458282,0.8319995918438704,0.41045106685949595,0
2.840461882928973,0.20640636781772634,-1.6436245978705883,-1.3676332580393242,-0.9469202671717413,0
-0.5773241465643062,-1.3542630259767816,0.4027754194431904,-1.328664343814041,-1.1418093191142604,0
0.7312921994465387,0.4147843938446558,1.1011139882898673,0.3039213026569996,-0.49623501941104686,0
-0.33100316451980644,-0.4841072275892669,-1.4821582475830333,-1.1983300798964411,-0.3971644993463334,0
-3.4356327976710315,2.558466214728068,-0.3282157800047758,-0.49090515710091875,0.08297201413651024,1
-0.34557333272769997,-0.0391640403390192,-1.3399575237701642,0.015046419024555861,-0.6351505780622451,0
3.858696859427101,-2.275368324896596,2.2885281140594573,1.7265275678395782,2.1295343526425805,0
1.6506479145456165,-0.48091184772063883,0.4286851028771142,3.4148972758761915,-1.410088807732818,0
1.4209441611629015,-0.7865483283229546,0.1812799972193387,-0.46601732336240886,0.0686355103154129,0
-0.8642332510835267,-0.8412443546725219,0.4565186054214442,-0.15757950670080018,0.23311926858410817,0
-2.067888137543356,-0.14156151915760012,1.0219851982298138,-0.1251613163678192,-0.21609991505018805,0
-3.289650527241653,-1.1891520845676598,-1.0989291183013086,-0.18245632509034346,0.0967115396774789,0
2.0581237286058567,-1.068470054469766,-0.7702302530770989,-0.9819967525720806,-1.5455414231586466,1
-1.8290237855531812,-0.34017441723363345,0.6656567810295875,-0.3152817981819313,0.17152250217053824,1
2.5360609929076765,-1.5504724500228644,0.2571561878128767,-0.37506986689835936,-0.7610471996208968,0
-0.7677145359977062,-0.13455691988182902,-0.355644823038923,0.08181540063204655,-0.7130741884641091,0
3.313593641692609,-0.22539560337789538,0.3372528593150238,-0.10405969044718531,1.3196115322275055,0
0.5594667899631696,0.7737751588313143,0.5023706528278068,0.796553292322416,0.9295186670654628,0
0.05228504307030934,0.2865028209421372,-0.17091358643072752,-0.18306960312415863,-2.0395045824087985,0
2.069388272753632,-0.6149380198222777,-0.44250856120692894,0.2568836480688551,-1.1068495907887035,1
-1.1411043308727908,0.2090329818827485,-1.061210959158652,-0.2491181095181291,1.5832148787664317,0
0.23275123668279923,-1.3434899831173546,-0.17848120736192527,0.5209695013540607,-0.6159243771922461,0
-0.031087403760827477,0.6789430414738119,0.5519587884266701,-0.2396564671361365,-0.18209801197581113,0
-1.4117884630209465,-2.6033825261864725,0.8960136578053811,-0.05485502561076489,0.14686805864353503,0
-1.4234012438424686,1.2076776084672807,0.7626218586889119,-1.1441901057595827,-0.9136862965932334,0
0.8889332836374526,0.7089683504046397,-0.31457533811872285,-0.33483215588898085,-0.8480249289265422,0
-0.5194545297171584,0.40596648271772706,-0.3423565215238648,0.2081471149398526,-1.131989250679128,0
2.492817299542284,0.9908174129387286,0.8881272173476401,-0.5785267404238404,0.11317974431858484,0
-2.03908477903625,1.1536338174394585,1.1171942826226868,0.16149575787282316,-1.3592316875157087,0
-1.088371218000112,-0.8193413037696473,-0.4277888304290668,-1.8940304134891774,0.0020074195135846838,1
0.9826837961350783,-0.6948127261371511,-2.3334823805479705,2.4037876239324554,-0.12015595589020556,0
-1.2313374821596845,-0.021820068883816685,-0.5596910790327168,-0.2780417099729732,-1.3320228427953662,0
-0.4828191098054515,1.5170805845527047,-1.473957325299208,-0.4141752241128951,-1.4081597743752854,0
2.445864536868308,0.27867491829638547,-0.0437208475733841,-0.04316750681816543,-0.6044676353583699,0
-2.121067075168328,-1.467136443904939,-0.8451908910510649,-0.05512575935693737,-1.0072949132644609,0
1.5203834224309638,-1.1336752696059402,0.022511875180204633,-0.3850829063928931,-0.6573402923646985,0
-0.3636678995469734,0.0188966372223606,-0.16345185300935322,0.5232391253165232,-1.4256404097085393,0
1.201705403503162,-0.3240642231722036,-0.591441767692218,1.5487686835763397,-2.0311091696644925,1
-0.7430541529322424,0.4598467045684138,-1.667373010084508,0.22030581072504196,-0.5562061505666913,0
-1.3870691727984024,0.2766651699161648,1.1009331048855822,-2.4455579169955755,-0.4678261543494832,1
-2.7247930371406253,-2.3199599858182154,-0.03021459370093244,0.7290328983267201,0.2548500558166455,0
-0.23693056632349935,-1.839599743964175,-0.6726679364571043,1.086968531836301,0.24290998152392418,0
0.272846166485623,-0.5005431082006184,0.405916795058132,1.2126651726604933,-0.8123437469264502,0
-2.9890399048081204,0.5210437974537122,2.9902768282747805,1.425446893066978,1.1336826352465732,0
2.445864536868308,0.27867491829638547,-0.0437208475733841,-0.04316750681816543,-0.6044676353583699,0
2.954924590849864,0.10174388942125685,0.3597950191595415,0.2934805268648631,1.1163372748127673,0
-1.7248861962878113,0.31095827225506745,0.6867460790373778,-0.4594492798502786,-1.5476603112377543,0
2.301273292310981,1.2191037121016564,0.7594342487179576,-0.577179542584891,0.5770013812559778,0
1.5686428039551652,-0.35995623922295955,-0.006998643526116768,-0.13860893487638945,0.5524127685767399,0
1.3616861998254846,1.1964390217578416,1.2142305920381982,0.8470196474171907,0.5125706498052132,0
1.8895253202210653,-0.6963504414532279,-1.1949751872149528,-0.7270199352728293,-1.3963968611749726,0
-1.8238577385847523,1.8705031959924268,0.8516707827623462,-0.026177511202653138,-0.669466073868809,1
-1.2113856206539864,-0.27837046364865636,-2.1328202774270246,-0.07808410097087574,-0.3932731853363286,0
-1.6319912205381046,-0.3832439688886061,-0.8028176437013929,-1.4005104505403558,1.0729238770291152,0
-2.769606521476145,0.6839883668972574,-0.5176395399992999,-0.035297213561911935,0.012887060565777776,1
1.5181814477002147,-0.024715196368906827,-0.3843082196305175,4.9420316330443335,-1.832396485316237,0
-1.3921289167088837,-1.179035464229538,2.599460359430273,0.3230023310634256,1.57588836842436,0
-2.6840392784828224,-0.9676247791971438,-0.24410613252208357,-0.6056211155811599,-0.9821646540200627,0
-1.1823043741230599,3.2754234017323283,1.3532028648574974,1.132139158536971,-0.627799907932255,0
1.422079150828931,-0.5118060790642384,-1.3105694977151083,0.25864776798995454,-0.17439497366805262,0
-1.2646179908423936,0.3310625633891575,0.5598557831494217,-0.6656912403696749,-0.8825736911499931,0
-2.4746046234661443,-0.9873912716301485,-1.8482962266681087,-0.20720698580103386,0.8857763393259747,1
-0.7400972378182201,-0.08889069892808715,0.7821474891372329,0.0837663073775375,0.6047797491084204,0
0.4697904656037202,-2.6934188644072683,-0.22254238595327638,0.583442895693283,-0.20121037297871314,0
-0.1670126096377254,3.272880474399663,-1.0660191608865726,0.15066584761751342,0.0046280472280621834,0
-0.6275105771951323,0.10594066490198452,-1.165912885320329,-1.1176913846512646,-0.682361477874064,0
-0.6467280000833735,0.41032102276874877,-0.10445090654748045,1.5866244207707398,0.49866535974058174,0
1.7914731137688646,1.0842309697125585,0.47804002307330906,-1.27227309654471,0.46622472067440757,0
-0.32493376877549585,-1.1640686234080186,0.9154727889340577,0.726427135360205,2.589660464904292,0
-1.1279194227725342,-1.3677731274724474,2.4948362544493787,0.3696983559265847,1.6177018415899405,0
1.2261671304928157,-0.5682199354326852,0.08364209987935291,0.31423128200989775,-0.3419566492686795,0
-1.8307591558590175,-0.7654807630557089,-0.0458363112612643,0.7498047244627475,-0.080585505910253,0
-1.2959242447341401,-0.7632375857089023,0.7972276580924688,-0.21364319882946958,1.0763377239272383,1
-0.8323342491614862,1.8847937549858602,0.6831508404518412,-0.8143822135108622,0.06788822869496937,1
-1.6264971641953525,0.30315770426563377,-2.020561416983436,0.279256216259695,-0.9969145342660959,0
1.3730855778559314,1.1469390488969085,-0.7380806548217261,-0.25083911549948107,-0.6274657456464559,0
0.4697904656037202,-2.6934188644072683,-0.22254238595327638,0.583442895693283,-0.20121037297871314,0
2.8427370127053933,1.7039592815917928,-0.16353596642611537,-0.6809256348180998,0.7070894497198886,0
2.14280662399641,-0.03983861968159006,-1.1970893143793349,-0.8685415591441571,-1.2416072935684397,0
-0.5514517175517359,-1.0228514231678267,2.149521177195685,1.218718767729849,0.17573425979274007,0
-0.0961756491573758,-0.5126537498782131,0.735578232008901,1.86295710516697,-1.595413099516071,0
-1.1753943664309507,0.3894428197660182,0.5675426926884589,1.0880980889006469,0.3274697150033471,0
1.7066649451453983,1.0090881178437372,-0.2543270317417993,-0.16181480959602249,1.4767525530697694,0
2.5928457551635375,-1.8302460612989238,1.9433397735090792,-0.5713747759436614,-0.41703058862345166,0
2.691934285377686,0.29973809316116595,1.2314375884688051,-1.7374122852720697,-0.3178816548805799,0
2.539568625440986,0.4072202294245773,1.0464544920271084,-0.06342028814093065,1.15575928015079,0
-3.5951745367751546,2.2261150742232667,0.050367199476774975,1.2432673624380897,2.7146895102628474,1
-0.5181744237472865,-1.2124908092574014,1.717667049523339,-0.6424757243779993,-0.6913315651401112,1
2.1565203180561636,1.151355813188296,-0.7763839330061428,-1.2095863243546743,0.4078010819504525,0
-1.3442887603408722,0.8658803429554179,-0.8527799591839,1.5175168319805101,-1.0193599309923829,0
-1.8461011182204121,-2.1516582324097944,-0.0784306347393746,0.40102834176710406,-0.3630463888062266,0
-0.7121451371064268,1.134836903637596,0.7020447074601114,-1.7629195889565525,-0.51473932033572,0
1.558021217485836,0.25609398533391264,0.16502489835842238,-0.09681768074798713,0.04231542407677928,0
3.0156210432456674,-0.2684957102046656,0.7098099338072068,0.048268880007295775,0.9866563594273485,0
-1.146066344220253,0.08846120419903361,2.4152159294646065,1.0979528729708157,0.2815132415740736,1
-1.5693690492420682,1.4220873571675947,-0.09810624171618072,-1.6329900386348706,0.10408418341619725,1
2.6964386592545244,0.56009926360019,0.5612263708726709,-0.3442406388136878,-0.22898203757616875,0
0.8462933188051612,1.4295387100971626,-0.3118448396322179,0.36676375588383575,0.6642053480996528,0
-0.2788670447378389,0.33982726357724935,0.23301165002104984,0.2677052378393082,0.6328884205722216,0
-0.7899954533214613,1.4430877798645556,0.486400893581587,0.12524821782700504,-1.1513487567331309,0
1.976896241027964,1.5758843451575129,-0.184303538619725,-0.8484106996685908,-1.105843940861548,0
-4.160785784532658,-0.1687019309081483,-0.3724689556380512,-0.6301870085000003,-0.7539044214828956,0
-1.8952150105274812,-1.1740083511641979,-0.18021473279814754,0.5548997325902966,1.7228486682583626,1
0.07383640776384305,0.8293190462016572,-1.3800275511367086,-0.05771766799189253,-0.4031633400130664,0
-0.974846779785319,-3.5430908352173422,-0.18520177242283997,-0.9039349482805097,-0.6438497921513431,0
1.4608376249359354,-1.091614598598054,1.1986097801337747,-0.11417421879770169,1.3519468055762869,0
-0.0961756491573758,-0.5126537498782131,0.735578232008901,1.86295710516697,-1.595413099516071,0
2.42976378241804,-1.6684760890685195,0.5521927060176908,-0.7001823612337953,0.017486504572945684,0
-0.2863502426398685,-1.8048275035438306,0.8189261566183764,4.445593508364889,-3.3159418573229282,0
0.9014935998543946,-0.963517658154105,-2.5065613430698166,2.0306579670137714,-0.9831156392740088,0
-3.549125236685289,-0.1312341274404797,0.02249368667062711,-0.6790981051705584,-0.39165083368595643,1
-0.743302879076628,0.1514422979671752,0.6334794697748941,0.7573605704959988,0.1325762817881142,0
-0.9865595600153768,1.4901130928732764,0.509533003732247,-0.017419163473184042,0.4895384445827167,0
-0.5673370988062566,1.8952491727234644,-0.23500900083121637,0.7113188850401035,0.10401390399851532,0
3.385102879681359,0.7988136327212795,1.2908050199481587,0.05361713860918697,1.0640731812086612,0
-1.5606584348463604,-1.4730285788882234,0.9281962655850723,-0.4173319824173593,1.2578385964363639,0
-2.2041691816908178,0.288507315574259,-0.31179967635354916,-0.5968606481520422,0.43094996121560086,0
5.369979688482819,-0.26348416403177616,-0.17574877577107162,-1.0056960435589148,0.14655910369007985,0
-1.9132847940443336,1.3712441872244905,0.696238139389207,0.6812376925099206,1.4295857156027099,1
0.5294361899358621,-3.50455963658961,0.2596643375442287,-0.6435023044908886,-0.801062360500935,0
-3.3781548224888738,2.336378733987488,-2.0251334347553924,-0.7089218283780597,-0.35732984675987806,0
2.170787459551956,0.9011920068780345,-0.5157902480033436,0.9821684007183497,-0.31865073119924014,0
-3.2355160635675677,1.3277243939917798,1.8812878787771032,1.1189003854898698,-0.16125430959705273,1
2.069388272753632,-0.6149380198222777,-0.44250856120692894,0.2568836480688551,-1.1068495907887035,1
-1.41446309257545,-0.04347656895849097,0.1314844297892978,0.05990313307038724,1.701095333615037,1
-0.08369394527118443,-0.5781359451849248,-1.2465705404525733,1.5783757583411944,-1.9458112034564403,0
-0.5753117050873455,0.5380013149822871,-0.7996445823280743,-1.2961787199589854,0.324653976415633,1
0.0747129326820503,-0.09719229172135609,-0.10047109394464993,-1.3347399387077465,-0.04808265007793331,0
-0.644587835516274,0.43076994764204374,-0.35633069946212675,0.9991166002249688,-0.7140776592216962,0
0.5810220553255824,0.2870376014677875,-0.46545817244975224,0.05867535962635316,-0.783088296870582,0
-0.7747655560186831,-0.6793877264477108,1.1189432999222386,0.35394172357102677,0.8131496584779443,1
-0.4024374201207543,1.021155559336693,0.26381573298350586,-0.11614644099320867,-1.5495454059908806,0
-0.7648287715201473,-0.1969219783338652,0.09606864970214772,0.24512389929687894,-0.5100212909461707,0
-0.380584071487498,-0.02733359025490596,-1.0208943252054077,0.3916772845317872,-1.9178514798672852,0
-0.10025152819974659,0.7429802843088488,-0.1869809700236807,-0.3353201643149844,-1.4086745930942817,0
-2.014526775924985,0.8446128357947222,0.6615527752330457,-0.1563689868239913,-1.5456451857863962,0
-1.5021122750277882,0.8339015731144637,0.46663296324894954,-0.6664207531421845,-0.01206834479246715,0
0.8132049881918262,-0.9978541787739074,1.3260782545465462,-1.4513654908546958,0.11115715832415568,0
0.30791276282811686,-1.1982122717845245,-0.021622715149882413,-1.414496614664568,-0.05856052009611112,0
0.046826893935394305,-1.5538752200494967,1.6387037434077942,-0.5170516382616782,-0.6282071987879677,1
-2.2283896427141308,-0.37719558541481796,-0.7844545384109697,-0.721587510015465,0.3942198091207986,1
2.1389398605893812,0.7767110125005742,-0.6354563658025172,-0.2832103037187003,-0.13816219360135906,0
2.0366016523077244,-2.3728489036679328,2.0207355773727596,3.2443436472820846,-1.7670019370312404,0
-0.6928066308252532,1.1850767276614818,-1.3898261791040951,1.4873389712519223,-0.21000832943560868,0
-0.49508107813953867,-1.2480439188626813,0.04923651619901721,0.3843494691715555,1.7850971347521043,1
1.1314015135871498,-0.27153166189078987,-0.5103327576689395,0.1036475924963128,-0.923073641433501,0
2.3706411323472447,1.11445350898089,-0.2796071236350497,-1.0780330934572628,-0.16026127351383346,0
3.2522669788825986,0.42870449259887,1.5878723729599693,0.14812651047207998,0.35632426787120486,0
-2.9890018640257905,0.5410607827419303,0.28234814161567595,-0.8548501622131212,-0.4076871337644485,0
-1.1662249727138516,-3.245130685355853,-2.50051251440519,-0.3159075869337555,2.093774462959282,0
0.5843681872436592,-0.39519415626046217,0.7136244450574765,2.559959957934078,-3.126185604481729,0
-0.23889621734977765,1.3101068850173947,-1.3959305467739986,-0.3614969682849103,-0.4442312469872008,0
0.47369998822574555,-1.7859949619754643,-0.3562229882825289,1.139853830911133,0.5968754974503955,0
2.6069333850617116,-1.3493504287053493,-0.4483876914907238,-0.616899659243842,-1.1271573575454654,1
2.688644000287279,1.3104798740260635,0.04693084603792706,-0.6420470457960439,0.590510296909829,0
-0.6732672973383476,-0.17322258208211658,-0.045710530112572444,-0.8419625257169305,-0.3608364757693749,0
-0.9905284744193238,1.3610428429101684,-0.784500689231039,0.9651307159615997,-0.8974308140927982,0
-2.6422304404269736,1.6853150032600943,0.5027409099592954,-1.3318209020313887,-0.16391875055154811,1
-2.175266862988633,-0.9271727043644364,0.6322605546879511,-0.07012159027491803,-0.39489140139344014,0
-0.6130982015838917,0.18834345226728785,-0.209546599009697,0.8166985242624043,0.1780601572349282,0
1.079397147331159,1.6349579680247912,0.22652583103009086,0.8093148414476496,1.2372643679088733,0
0.6377178876182793,0.8681998869221538,1.009730739022355,0.1460418061742019,-0.14984031341676574,0
1.145494488544208,0.5917915365410616,-0.2675797263245441,-1.6288604441745973,-0.6393317656391904,0
2.618099065688372,0.5375127026917689,-0.2775485778157878,-0.8889060737743978,-0.1956720722711918,0
-0.6824358685299081,-1.2621524782088864,-0.33623316945095677,0.08571938303639191,-0.02764967905348515,0
-2.4234876847761346,-0.5190964701465722,-0.7113345890754545,-0.9472156261065485,0.5747913739401393,0
1.099565882913875,-0.8981712715671141,-1.3719889355505466,0.03382399353778345,0.976266203552743,0
2.1733319779388274,0.6555504617343235,-1.8312345344050216,-0.11719087757349271,-0.4453387608131863,0
-0.5144434746505907,-2.8453523128193403,1.1087167502262798,-0.4054614454088988,-0.5759699720279534,0
1.368056030663545,0.47558472821709136,-1.0782806818747634,0.47601868529210156,0.5640065000196351,0
0.5746878450080619,0.7182652402094186,0.5739019228368303,-0.8151077510358932,-2.0784682115368067,1
1.6114492483138574,-0.9725082553603306,-0.37267806794592934,0.10721057403296909,-0.05853680028153769,0
-0.10886944437718407,-0.21401021607378704,-0.024044801575313766,-0.933663205043388,-0.8486454656466781,0
-1.439426382239808,-1.0532616151567724,1.3108394048568426,0.5701987502417063,-0.038302439468548694,0
1.7516061542957675,-0.3756245136069944,-0.5355461003489581,-1.0996265489828736,-1.770688988317725,0
-0.14731599848369076,-1.0360277517547083,-1.6543926870350543,-1.2039688589356325,-0.5755799669823072,0
-1.2836375685793862,-2.4978574720468094,0.22672073379385757,-0.9064419127336527,-0.1156189066833296,1
1.9268848747122183,-0.08800639174287186,-3.2215364807934708,1.8261246392129042,2.377266433528155,0
-0.09238625551759914,0.638939719388959,-1.1515584783743729,0.7079325265872847,-0.7096084596019013,0
1.4582961857695875,0.6727633483776967,0.636745012688202,-0.21430692166626097,0.2939988626319324,0
-2.7986077656250536,0.6211146495468793,0.047074767121735465,-0.34360937023261623,-0.219032130248252,0
-0.6994226489371596,0.021382162820893592,0.7121670268204962,-0.12019963472873517,0.7339603626869047,0
0.6320153322486961,-0.35231793827672536,-0.7320658292306803,1.0637973524978803,-0.055514634110455714,0
-0.31629898097247866,-0.4840533505849189,0.12022244561254047,-0.4580190944979176,-0.8796085578062282,1
-1.8287360958179095,-2.2078309897159505,0.10732499417884502,-0.047882262702443515,0.5575518956471416,0
-1.6089261956672418,0.6004421393902033,0.07101204150595075,-0.7232088440596144,-0.35259062274061626,1
-1.9478594824944224,0.8040276699238575,0.18591596679328917,-0.18721395682237485,-0.3191273173700627,0
-1.6099366384810343,-0.7930451236166377,1.100555144420479,0.18533525035041448,0.4875444853996232,1
1.489873258955001,-0.28014844014010193,0.7865438820643993,-0.564012352095563,0.5903336868277124,0
-0.21227452487436466,0.8513575256292389,-0.5981888061034251,-0.009628336199212419,-0.3024212958536998,0
-2.3489065849167385,-0.14926684087465822,-0.35228829595363703,0.6115227415540124,0.7212926172675291,0
0.8513774774347835,0.4541648270329188,0.12650501093997593,0.8647222463297556,2.203477508346633,0
-0.9942660831243832,-0.25977128748423634,0.6506019112998523,-0.44949806180219076,-0.565277984742178,1
-0.4113604256264018,-0.9666174049350386,-1.4758234904282488,0.7616706836344413,1.649165609806718,0
-0.5600401404576761,1.1279875259872514,0.2723464880126756,1.2566592707323767,0.11329970759825302,0
-1.8980383177057383,1.4141247743809158,0.6446918043959637,0.663631009926307,-1.924249646475569,0
-0.2588466150766449,1.237057375554152,-0.6922959827294378,-0.5452505461903375,-1.8776887368678798,0
-3.3638485692002744,1.8588230483415153,0.6851897013655431,0.7518775493508688,1.8128427592613348,1
-0.4178450194171049,-1.0320291770993986,-0.8197896373820918,-1.5688501830352035,0.494330735686675,1
-0.909826407985107,0.5023323139090746,-1.1043117581985145,0.18414204927129318,0.45229612281733744,0
-1.5693975151062316,0.9700920647364609,1.351097509332176,-0.014254005799767697,-0.9132547129102312,0
-2.9648210265406445,-0.9149853372044477,-1.915361816157284,-1.2278959159490561,0.2588199755805803,1
-0.7784266666660679,-0.5941067031218115,-0.9852496157098598,-0.1639926098859461,0.5584362383899487,0
1.4659879720296447,0.5688621791473761,0.17206816727352098,-0.17060269282361226,0.21310969162541002,0
2.355677596081765,1.4366189500490476,0.2068124611761691,-0.7186511738263197,0.0762129417486133,0
3.2865267264731033,0.12817636865769325,1.566479237553912,-0.21174068665480816,1.367355042758212,0
-1.2180795592857538,-0.7251647509045188,1.21986326112774,-0.6475864790404312,-0.3550283550260809,0
-2.2041691816908178,0.288507315574259,-0.31179967635354916,-0.5968606481520422,0.43094996121560086,0
-0.060923360166892856,0.007795224667524387,-2.2115931264954147,-0.16871017664055257,-1.0215256460587459,0
-0.4714757584257518,-1.0551302164649785,-0.3828437978415907,0.44773892412442473,-0.39186623919659724,0
1.2352706921439027,0.23608481655238195,0.4291405253616109,-1.1427897998253274,0.3475834795913982,1
4.471022112343613,-0.09479803698898208,-0.8581861487598386,0.6862880295272984,4.256935993686287,0
1.2780585984316604,-0.3089128815321735,0.7474073513158042,0.14333829942869172,-0.03697615740095296,0
1.0508148831762916,1.3414265296318377,-0.4168588403447278,0.3478842553909118,0.02641234277594797,0
1.8741943957823455,0.508011893497086,-0.7877646984508877,-0.6576677061846727,-0.07651574672748879,0
-0.8894816420420093,1.6427456361806214,0.8870561173278788,-0.5704148631469764,0.2018135466407492,1
-2.1624576273143497,1.5624850314526686,1.241757729446181,0.44750853588455797,0.8178400657878213,1
1.8435823084198453,0.9485987477648121,0.3896875524079433,-0.554325931718496,-0.19079238442776936,0
1.347030955163085,1.6141904816545602,0.6200241942636477,1.8722320395399665,0.08501039718188218,0
-2.176220929152977,-1.0533328592885227,-0.03526768170890434,-1.0586414729856635,-0.7152230818595173,1
-1.4595622324320077,-0.016015564864765155,0.6490306383479895,-0.13891087427891724,-0.21603640410790217,1
0.5821900037812364,1.1744053241353918,0.570751735365414,0.899627742410182,0.48737369678388837,0
-0.2708178900856015,0.7416176252857226,-2.5493857197119603,1.4046802550223718,0.5472609837237956,0
-0.22196105128975768,-1.4715186082388416,0.47653546196487157,-0.8948128489721003,0.5602402509105938,0
0.9629163547557912,1.777853388346766,1.4828604323070482,0.5737993975612455,0.5457332844887459,0
-2.117640295861201,-1.2681861382811592,0.20582885322687064,-0.7522311913591638,-0.6368417890648327,0
-2.0867660264660004,-0.7533813919689759,0.23409590836506752,-0.5076760113116622,0.5518581812636507,1
-2.5838674208232018,2.1609730029371854,1.3789137075212252,1.6340142031774123,-1.2869503534319724,1
-1.8003332159459116,0.14521232860036448,-0.2201465746103832,0.3153448625037635,0.4580508272052894,1
-1.5606584348463604,-1.4730285788882234,0.9281962655850723,-0.4173319824173593,1.2578385964363639,0
1.127966638977955,0.6855898318420912,0.22906883198971414,-1.0485983456084838,-1.4767604565090835,0
-0.4980627240941307,-0.49503265542194963,0.04910839640410742,-1.4839359446965588,0.04159998389328576,1
-1.5495742003598307,-1.2206383969583137,-0.4016571064123895,0.2862599444388455,1.9778136656884868,1
0.6676487665686877,0.5913311764064869,0.6357863088799078,-0.15722775989374352,0.6810567056559612,1
-2.0997463830878815,-0.6981204755365303,-0.47898484631419286,-0.34680733084792986,0.6674964672915038,1
2.596316945662731,-0.9970164230887766,0.24253943715083506,-0.08436467010613358,0.6206933175999961,0
-1.0169100921550076,-0.46405410924700646,1.4403241118323813,-0.06840161951054385,-0.09328454984595773,1
3.0222434070871547,0.9466548572258863,-0.33486128867718135,-1.1511644983024505,-0.08270206451499267,0
-1.4659096859329004,1.846827742213631,-0.826564873502433,-0.8780626914332409,0.20162076606795232,0
-0.489929793208801,-0.27868979751735684,-2.3504087747654725,0.8757414911989861,-0.8152929712301632,0
-1.864269338627478,-2.464461745012201,-0.016337493103451,-1.1647541094333296,0.9958129927766157,0
1.0335508794135997,-0.23659106261682533,-0.9937659906637669,-0.09292323552281469,-0.6978069581978033,0
3.0773894609052985,2.2693966254606193,1.949848963804322,0.5672612037222028,0.7955956914021508,0
-3.204595578414853,1.0995180919685719,-2.770993390070697,0.2958443318301469,-0.7485516662167573,0
2.254556105769278,-1.1047082125081766,-0.01568204818968084,-0.07185217937830257,-0.5329043370285107,0
2.0327823628114476,-1.0450279976129166,0.06679758818963683,-0.5079748003040879,0.4223901872774678,1
-0.3040534491196072,-0.3572714201238664,0.3691046264391927,-0.9162373512913007,0.0784019895401405,0
0.5817925955175152,1.4692527515490235,0.5299050405860395,1.0034610354358775,0.6123339227128732,1
-1.3997643356059464,-0.9182072013422742,-0.9428237850452885,-0.6190309266057977,0.4953879795713016,1
2.207187283501827,0.8170497283411534,-1.4162538904165252,-1.0973999948522417,1.1799431601112256,0
0.23593412654633003,-0.3145017185595446,0.3249240009008016,1.2571571081621995,0.08354224554127179,0
1.8054530717076296,1.1292989726389653,0.46205097376141563,-0.47999458395400263,0.1943298777209352,0
2.5610825781356157,1.5547667057159837,2.618545830728835,-0.35366321548391366,0.7970734998673071,0
-1.1085296473589743,-0.15411653689458313,0.5846652056671883,0.9050014312090341,-1.55979349428791,0
-0.41398399645258566,-1.2541833391895467,-1.3138669139662915,0.254139021552977,-0.16110716647996703,0
1.5318820481030107,0.4394621267850922,-0.08396532300565664,-0.4113667697607302,0.8020358328778229,0
-0.6207264294685466,-0.42497739787507033,0.5004325684236288,-0.556248431611433,-0.37628130972675294,0
2.939225563975675,-3.8908820349520723,2.1163108242734188,0.5746127885513183,1.7452368419896889,0
1.2375324638572824,1.6775338963127406,0.2195920455046312,-0.16324761189330786,0.2633673025733589,1
1.430265670135218,2.257882148805756,0.4251242868974059,0.7183898989298763,0.5421226392773605,0
0.1692175028483657,0.40940370427566397,-0.6805434007476074,-0.4107222721691283,0.1574091333627514,0
-1.5982039555305114,1.992599793007703,-4.3758627819176,1.178419633653113,1.1017647698076594,0
-0.5283240162051377,0.9085329293291265,0.4561126726043951,-0.432392583030464,-0.6715772115004119,0
-1.1891800214560206,-0.3414053726467371,0.3240377510506287,-0.5193397973820812,-0.13924171176616337,1
-2.2872612772793786,0.8197216945757995,-0.2522626500174363,0.21827088610672263,0.09906105908965512,0
-1.2166832021140657,-3.2552976146394745,0.13643638881278033,-0.9427598124156022,0.5168379042396742,1
0.9136564267848564,0.20759741342962434,-0.32595556846599816,-1.5238296665678308,-1.6872513341414654,0
0.8925773924573781,0.21459431017679623,-0.97795859324274,0.25642057358534326,-1.4755323635169708,0
-1.038966983631823,0.7583904281600431,-0.020310183224139248,-0.30505903013556473,-0.47316966886510264,0
0.924728587443784,-1.847133637944755,0.7763103919663641,-0.03544644346371799,-0.3046874239005124,0
-1.2806993067919683,-0.06909189488873806,-0.6246576573363084,0.6707478410965928,-0.8952450572241878,0
0.974666452335985,-0.9877420651893601,1.0808391245286033,-0.862019690501618,-0.31017634012907036,1
1.7488699762811504,0.2719493527108737,1.8446041809953735,-0.12858697621855467,1.080489505691921,0
-0.3053491559782021,-0.5900210073801637,0.09135504879701431,-0.5453809251880025,0.18203260516561104,1
-3.241936406248166,-0.38596773388300365,-0.8232791380938429,0.40341521856559537,0.6849572901850987,0
1.473003859503321,0.9108868251541323,-1.1636361061544076,-0.3301104608103334,1.2423366281106194,0
-1.0606226960670093,0.8829992821446544,-0.9657579845991654,-0.40632701518560155,0.8034271467467349,0
1.3353670372945932,0.7423238500845827,-0.816844482277924,-0.8188239818895946,-0.9803222503953757,0
-2.583771471537796,1.786874038912399,-2.3697034629005285,0.7809382615876223,2.454081900999533,0
-1.0215193519794812,-0.04486881974853101,0.33500952137488416,0.04248343830460898,-0.12835104594313582,0
-0.3000759237005121,-1.2921796580097198,-0.8320509002622266,-0.965930721370559,-1.0336614543219937,1
-0.6568176800096354,-0.46466825043876075,0.2717692059557276,0.5370573562651021,0.08922412897444022,0
-0.15157422713476018,0.1444460011043847,-0.7789310425751892,0.3744484269877638,-0.08151375103465894,0
-1.9906239674037463,1.2162322918800603,0.06462531321112676,0.5436638225108783,-0.6047089052502769,0
0.3921665697353308,1.8071987899395918,-0.7729207964624798,-0.8942166198621915,-0.06767459114610293,0
-1.886771948174439,0.06331440046926878,1.893214774186052,0.20159807479486883,0.375039161084666,0
2.0581237286058567,-1.068470054469766,-0.7702302530770989,-0.9819967525720806,-1.5455414231586466,1
-0.6658477449755662,2.0848879009986105,1.097159131508414,0.10138589241091467,-0.7753414480969283,0
-0.5860498662712513,-1.428835126153784,1.008409027472667,0.13233070005411482,0.3613150728252398,0
-0.5483500683582282,-1.3290590190321478,0.8277089543750125,-1.0103515634379334,0.40789414780836386,0
-2.3595551280979525,-0.13478998021588948,-0.21426495259781134,-0.8496273073662203,-0.14858836755139745,0
-2.43809898221937,0.3418982127027887,-0.25390107032291687,0.10174753543134588,-0.7355224832601086,1
-0.06307180824556782,0.09105459098172829,1.421296034480677,-0.013965859308310917,0.9694707833222364,0
0.5746878450080619,0.7182652402094186,0.5739019228368303,-0.8151077510358932,-2.0784682115368067,1
-1.2955505010884272,-0.7956099895069545,-1.8456573925874198,-0.9586031097717735,0.9737798491186815,0
-0.26832892169854766,-2.0308782574979922,-0.04661216784119597,0.47314269365960826,-0.22126501193635295,0
-0.6897524562640266,-0.856101053623847,0.8183094816168339,-0.10351101211862683,0.9290531672256107,0
0.26412578069234793,3.9837288174219085,1.7459940571205497,0.6492410461905216,0.058115844544790775,0
-2.408845472708691,0.6668301022893057,0.08349750479813783,-0.3488748195191401,-0.5709865923005876,0
0.8725580743100888,0.5459505388170163,-1.3456734002281554,-0.2816611446128787,-0.2541801770908584,0
3.0639441239227807,1.0190258703538684,1.474402335894676,0.2043451558333262,0.8935937414939934,1
0.9807801726710608,-1.345044982708981,-0.8060303378283387,-0.8797478272618394,1.3994707987632196,0
-0.6549784224590609,-1.6700204559799607,0.8095692093106365,0.7656526982558235,-0.0438901607313651,0
-1.4169196476457817,-0.3841833427295445,-0.32545993008741675,-0.44981174442688293,0.18200190639318842,0
-0.9339423165422869,-0.9219672574883881,1.3491845740227897,0.16488884046399271,0.10166173546057304,0
-0.4564074111233195,-1.196153120287104,-0.26062334050498615,4.775848076951565,-1.5312150758825516,0
-2.2485470450727654,-0.43108435068174544,-0.9253230820711551,-0.5825176601227956,0.458608543945037,1
1.3556408977253553,2.213266496356023,0.25791059416134066,0.42363306621276103,1.0558944498727965,0
-0.5976077560696941,-0.14095311090737397,0.09426183824020981,-0.8542978784425435,-0.3587204195950268,0
2.5765741094747474,0.5912008600816977,-1.05638991368001,-1.4036612091170544,-1.4987100936522775,0
-2.123271338661497,0.08686322552976733,1.014851016004788,-0.14298141561628896,0.7852562737829029,1
1.1285590810504513,1.776757555651379,0.15737549311738727,-1.019724003735671,0.14567589141271228,0
-1.679077616245976,0.20199277397877768,0.19196285719552406,0.2656559375103425,-1.3071413500109468,1
3.033423916428347,-0.5646579239835362,0.1826338294344767,-0.4538191476390712,-0.5837528391050496,0
-1.278694932828604,0.271885635883054,0.9973281796490907,0.40539720823841946,0.38139232616405055,1
-1.0295059072925778,-1.1808021856709865,0.6453763550240936,0.5451612067243888,-0.6642091410724987,0
-0.7679371943155495,0.5654742400610205,0.23679880249440194,0.19603845853478596,0.023999129501869755,0
-0.31010379662676346,1.3633325270089327,-0.31247156847885493,0.024007094239568667,-0.1380607837072121,0
-0.9446098899442578,1.2093988454986275,0.23251483315574717,0.6642578468130499,0.3159084521101664,1
-1.2140990231422808,-3.8429939605563046,-1.0889143474663023,0.028421953242744893,-0.06090569118564913,0
2.069388272753632,-0.6149380198222777,-0.44250856120692894,0.2568836480688551,-1.1068495907887035,1
-1.4817449973045085,3.181813263419265,-0.3329923513304879,0.7239875016013216,-1.5213551134795933,0
-0.06541799094471924,-2.4790328203506187,-0.7026292850663209,-1.3632558025981807,-0.3121914203515193,0
-0.4851833184750863,1.965545132451899,1.5263440616957935,1.6653788675452377,-0.5666160931856866,0
-0.2969599325140115,-0.184300850364699,-0.4718878417686876,-0.09600797697225011,0.6463620265084694,0
-1.5888480071456805,-0.9563265054147272,-1.3415933793285373,-0.4669989007120919,1.2451995326003833,0
-1.2008838611689276,-0.8503076753234299,0.1116029046544666,-0.05414105196757693,2.0458924409874175,1
-1.60080220389714,-1.0158396441197906,-0.22698624751275265,-0.675963288834555,-0.44342924660994876,0
2.0009398087170736,0.8916608348588569,-1.1414070067506372,0.5889498248715594,-0.14017579695189145,0
-0.3820953052103466,-0.9323363504676623,-0.4394662190972397,0.46297430164269593,1.2364627356670137,1
-1.294028863185264,-0.611760517960552,0.39319286270601167,-0.5958656356126807,-0.509867572739142,0
-2.1503207169147367,0.15720917864631342,-0.7917507483749031,0.8004921803542933,2.3887225530769602,1
3.092936650839352,0.2914965026114576,0.27149467838774677,-0.6490061578852473,-0.22606031654276887,1
0.6372956500861061,1.087251605819521,-0.3014322684879378,-0.08535758889157578,-0.1915198433203894,0
-2.268329633008073,0.16528519973568676,2.0255612916731613,0.8572660241231025,0.45049746507919664,1
-0.47656068470464996,1.7596874460064054,-0.05606488276606608,-0.7890485378420069,-0.31609110756988756,1
-0.20625791982451544,0.9416371741144961,-0.3936367438194007,-0.4704599472895943,-0.2341255373439747,0
0.6794932643023296,0.5922947091840652,0.6329174590321156,-0.15340602674236675,0.6719162244326073,1
1.8010858935434246,-0.20844007437185794,0.3607149847310196,-1.3248147097076002,-1.1873058233071847,0
-1.5353774446229351,-0.5659076081641349,0.38383185781304324,0.4948193842169872,0.8532096684559898,0
-1.1125019730649939,-1.7528769224539353,0.27297556582545573,-0.3514686395382382,-0.28774103892847325,0
-1.5980001303444988,-0.07404125717543347,0.6124006814402663,0.10410807786512968,-0.8784174717383204,0
0.6563385041409758,-1.0834630675489243,1.3259829315455474,-1.3078368714924855,-0.03303016131045865,0
-0.3202335557299689,1.2991664879207392,1.4765182521033873,-1.4677775619399334,-0.18824164530795245,0
1.0658661153280955,-0.6942167971076895,0.19073828953901323,0.1311105997154808,-0.5986077316879806,0
0.16709940142861698,-0.2610916981438056,-0.8743073429517904,1.5462682556967275,-0.2972216886442072,0
2.5115428881263595,0.43044590842015024,-1.211345307939278,-0.4838989988528258,-0.2590110774197846,0
-2.6916515864594106,-0.45099631175819505,1.1987311833315741,-0.5304689322022684,-0.896667127750597,0
3.20016210677061,0.0761867259452283,0.5916795705220423,0.10156111811810294,1.0679974088673183,0
-1.146066344220253,0.08846120419903361,2.4152159294646065,1.0979528729708157,0.2815132415740736,1
-1.761687031509235,0.5877477942463898,0.27665066402175287,0.44124323933451437,-1.0455566887371734,0
-1.4436378536988264,-0.5826653561834604,0.11805295306722977,0.34667975241503696,-0.994721466438372,0
-2.0633993524552308,0.692730455684755,0.3541155434595813,-0.15424167793309304,-0.796717241440462,0
-0.27854551281985007,-1.4973223494959425,-0.5754961487727935,-1.2905348426102776,1.7586484253313033,1
-2.0670740781534196,1.3367733389772292,1.1415209842127028,0.9720668114923369,-1.4259711102261217,0
0.6738936298856038,1.5972171720191077,1.3487984254334477,1.218656494808966,-0.6352403894900708,0
3.5853094337606093,0.2792437416239475,0.5911743906222868,0.5937463310219907,1.0755540942106772,0
-2.707185356350788,0.017853396000135083,-0.9772938220541254,-0.008280721512224603,1.558912479557909,0
-1.3500182727375014,0.42318482624118336,-0.491823348866622,-1.2765297735595713,0.5219642351772842,0
-1.0860766827182566,0.8843997430424713,1.3220928249062958,1.087769426352103,-0.6504027422072929,0
-1.7542924822675552,0.934597348007562,-2.9637805452406427,-1.090448997061692,1.6246705631275118,0
2.385638148580936,-2.147863191557264,0.9690319062497689,-0.6063794824630442,0.36003709436575704,0
1.9902127106784244,0.681950357786475,-0.013415170779650414,-1.66485609249792,-0.18101808663054358,0
-1.7258738815952896,-0.5359079114536114,0.91371900038955,-0.9405527837767022,-0.12854786478621566,0
0.7672896919754961,-0.0876859453379722,-1.3102152986048625,1.008483121287861,0.2677456074846859,0
1.5580429296778664,-0.2941275403789813,-0.39044549694108205,0.6095823819293567,0.12241551756584806,0
-2.450906585822747,-0.8663395135549319,0.9848880023308195,-0.17027326288360167,-0.8186909919856987,1
-1.0288441035497842,-0.9947447351764824,-2.335933186475295,0.06926610519503693,-0.9174286406615995,0
-0.4946567545510019,-2.0922367908320365,0.6079451465792881,-0.14699494787573553,-0.5222129454233291,0
-0.47614163829006745,-1.0404890399684095,-0.7442552975073307,-0.24075399875376374,0.22481078996073398,0
-3.5275283600833274,1.0474081680346286,0.27594443798298324,-0.6650788331236309,-0.860530993740729,1
3.171647962190749,-0.47819051400987894,-1.677531392270252,0.25799749070700834,-1.531324160294372,0
-1.4841864689747357,-2.1630862960820743,-0.9689328379119668,-1.0129406469965536,-0.317378863564502,1
2.385638148580936,-2.147863191557264,0.9690319062497689,-0.6063794824630442,0.36003709436575704,0
-0.12601953718656195,-1.1355820568701902,-0.5063633878404793,-1.2211519848296044,-0.8733704257756442,1
0.5008719599738438,-0.3921074270569245,-0.498290553051381,0.5182282083971163,-0.660312289086785,0
-0.8059466156108843,1.20418272891305,-0.5433010532109149,-0.36717576119988327,-2.048555917071839,0
-1.5657103959606848,1.070719941380242,-0.6105648501719688,-0.04278697377557834,-0.08600195439179094,0
-0.2352034267421227,0.5015258099481256,0.849438758468859,0.027744856173085777,0.9686430423788256,1
-0.5832970420982758,0.26674579021768036,0.7137086599493394,1.0320014437575182,-1.0257019888792793,0
-0.08805584959538579,-1.709202715012223,0.22416255430384127,-0.4782265382687968,1.1346573701661244,1
2.8760902155124684,0.15230879340541767,-0.01860654301554851,-1.0489119766910653,-1.2449698668969498,0
-2.865376512500239,-0.6330169621379924,0.2106213758900112,-0.5198082742989936,0.004657687388247818,0
-2.0645468063531665,-0.1639142432307012,-1.0734966942033328,-0.4639723175647025,1.3694888410410255,1
-0.6165945086654772,0.779941965109798,-0.882451640783027,-0.6645816064458144,0.16183053064638417,0
-1.6567423748335575,1.137735714873025,-0.7654562111072759,-0.6986540028424248,0.5078397044334537,0
-1.792417210010182,-1.5531662981905745,0.7439440272330267,-1.8873949593423396,0.2628134185705553,0
2.2691281353653325,1.739187968667339,-0.8918904121962451,-0.9087706517235362,-0.49278753311188067,0
-1.7334346084655512,1.0072850889857174,0.8930277311398259,-0.5021220383779011,-0.48875631529381147,1
-1.8478482393801239,0.14614886346961306,-0.7830055085835369,-1.6703463099979952,0.33721422494038394,0
0.0054478442660752064,0.5484936312644212,-3.057217190087754,1.8473702392049685,1.5062402042985439,0
2.599581189247451,0.44980656340426295,-1.0937350671314203,4.468170396216689,-2.816490729317226,0
1.550859198163666,1.251924482173967,-1.0678417341901045,-0.8258088316991671,-1.4920277475547212,0
-1.702686150421175,1.1884997954213854,-0.218614412721838,-0.8803211302646707,0.47948467702634445,0
-1.5982935563533,-0.0880430341655544,0.23711277898538735,0.7398816878183633,1.526716972586648,0
3.7144580391148656,-0.781929497890603,1.7041353610144812,-0.022933835663942446,0.19174502801528512,0
0.6312996509214477,-1.5422056607876276,0.37765947065717903,-1.892177628942714,-0.04910613614764427,0
1.4608619012042612,-0.707489155068792,-0.3761496468919969,-1.0161037979404892,-2.0517942426919125,0
-1.5828994628365556,1.0439907335888354,0.8033428934839907,1.1203032180969605,0.4146471330976692,1
-2.415590166583757,0.09705527972310403,0.09860123358155784,1.5370864868443739,-1.0159368368901256,0
3.313593641692609,-0.22539560337789538,0.3372528593150238,-0.10405969044718531,1.3196115322275055,0
-2.3540993678123905,0.9667777645489096,-0.326248720533768,-0.4902044920759891,0.3754719346902127,1
4.705248177335474,0.029979725680638475,0.5796725414887621,-0.44419107435807503,0.33702966112818816,0
-2.678719211591554,3.4731048899725363,0.6143560493794115,0.5562041364983374,-0.5978321280755078,0
-2.0913884579846713,-0.002502108725910119,-0.08054889551124039,-0.38323680197904786,-0.5874598708991529,0
-1.6446272521311174,0.25871472236595505,0.5225772171980182,0.111938433512672,-1.349454088283008,0
-0.38773586549627426,-0.07450703202318931,0.9374289722693337,-0.05355675416043664,-0.1231516273710477,0
0.45583046331255206,0.18689589965113318,-0.36445844233983987,1.192840371195589,0.06644424625513619,0
-1.2980534809153341,-1.4159574223288802,0.2728288438415275,-0.1429693307070561,0.17273714186653932,0
-1.308982674179017,0.23902330524341223,0.3899357802675705,-0.7282790932999872,-0.8396007209504052,1
2.809250627589013,-0.7179272630930212,1.0390629822794366,-0.4229537327272058,-0.038054474319384114,0
-0.5280275919482204,4.188782311953407,0.3831460527594481,-0.30650799442792265,-0.6374540521296159,1
1.7222049402645347,-0.19981884212819545,-2.985817447769496,1.7545526431362373,1.66177510781056,0
-1.174163616474541,-0.8482935784569692,-1.1548465979537343,-0.3753220722114266,-0.3165446512876569,0
-0.9140925177399252,-0.7920621598149464,1.0537858152935262,0.4701331672068533,-0.7340623788521787,0
0.5670166936055672,1.1780940879085955,-0.4760398734870011,-0.9280815735660356,-0.6426041362119436,0
0.8172799361323162,1.2035412149395095,1.8643723283030162,-1.2274315210321616,1.496331197652689,1
0.11298020508090574,-2.716741015705762,0.45919202426486355,0.32645943452987225,-0.34943346448113144,0
-1.6699463950969282,0.5189353558446024,-0.4002408652116583,0.6270425052852981,-0.2169187393557794,1
-1.575146605919886,-0.5615500335488983,-0.07923854573612085,0.20911450493351755,-0.7605863797089744,1
-0.16400988375251355,0.6466260898544518,-0.08283793890089858,0.3634180703657493,0.41749357167256634,0
2.731596854663234,-0.17960981871602538,-1.1874099614980862,-0.11581473809457134,-1.1039038706905948,0
-0.7495976717506654,-0.05140914922305602,-0.46764500957032423,-1.036414341482948,-0.8168106226705177,1
-0.8300995619904574,1.4057199984242956,-0.35257107925844466,-0.4712934134537396,-0.7511477384403601,0
2.7588462468129147,-0.2774012385514876,-0.4794243064281566,-0.6137885243499628,-1.1344494608537075,0
-1.475479568754764,1.0406765976120624,1.0609982210569473,-1.3429757440018286,-0.9631613054713524,1
-1.6878519132984593,1.368400095205581,0.38729864479907783,0.7020406205084996,-0.4169637466408984,0
2.566582784397787,-0.9616374139985258,1.243695024531002,-0.5571003167011349,0.38607335828989997,0
1.1508672172471055,-1.8330773614576463,0.3365664974972916,-0.5663332334716268,0.011216044269831608,0
-2.094120789766297,1.7163688562961839,2.2721103143032715,1.9464163422860026,1.5842473987967574,1
1.1250905874469221,1.0494305197980591,-0.10616154868539164,-1.1394978015828376,-0.7357280115347608,0
-3.086406430285894,2.7073264655555436,-0.22138541823848668,0.8680930350727689,2.5504196909874506,1
-0.8030765826400107,-1.2748610359825576,-1.2520375801372412,0.6462856976252453,-0.8523414016187201,0
-1.5616355355498068,0.6702720053268474,0.08835400896020548,-1.5360129280996886,-0.4700478887071718,0
-1.5438500783720648,0.2454993481714839,0.5420385994711506,-0.1991684747002692,-0.056628858370475925,1
-1.007497280054356,-0.4325244601891095,0.8842111464233515,0.0002836048362694297,0.870311607914761,0
1.8834488236734037,0.5204113447463757,0.5744154186862079,-0.5299077486018152,0.31182387142484247,0
-1.6498733166938575,-0.455388476770047,-0.35294937634427603,1.4200204333105761,3.3904105059620715,1
3.2990089488664323,-0.32552340355286047,0.9895165743121888,-0.5017249600677445,1.41616915106921,0
0.35828024926534174,0.38852561810798686,0.08105757274598072,-0.7662322427739856,0.3308690854107112,0
-1.239010644221783,-0.20553797335771262,0.25468587311561836,0.9089435988359572,-1.3049702154720713,0
-2.2653976507061717,-0.2762000954197631,-0.919586907663513,0.2596620454220816,1.9810945353952332,1
-1.8190690692222766,0.31770262876011296,0.15867100965716383,0.06300242128917051,0.39254694225370507,0
1.283693583030691,-0.9981715149210658,-0.6504856589787915,0.17968751786637516,-0.1721157467645344,0
3.618179751466374,-1.6472743340050573,2.4928815067804444,-1.032895503266526,0.4394852233815397,0
1.242181072558657,0.8729365534960865,-0.28862922275286895,0.14056043773830418,-0.7031448587568654,0
-1.8199553685762375,-1.4873866671240537,-0.08279806140544824,-0.3119837912872651,-0.3432897880457695,0
-1.3335207182680684,0.769033632824526,0.4405841800750042,-0.11663527137348427,1.0618603448277448,1
-1.6656387316829775,-0.2449880225311376,-0.012376600045356942,-0.16125760811174045,0.36059680199456856,1
1.1179920284274554,-0.6096092296310306,-0.34832418967506057,0.9391806400761926,-1.5784590096217248,0
2.5563339720571854,-0.9563378614418124,-0.6817081526974803,-0.8501886639402867,-1.062927484731132,1
0.816822854164168,1.334014964284759,-1.6863529064740546,0.5056247691974984,0.010951702263845068,0
-0.5753117050873455,0.5380013149822871,-0.7996445823280743,-1.2961787199589854,0.324653976415633,1
-2.108771272151772,0.7796865844886032,0.6073736164556338,0.23185756953726275,-1.02469202664437,1
-0.29209434071304924,-0.49257112651374585,-0.13304886392275447,-0.8393018876877909,-0.7707178969493114,1
2.3052804028748666,-0.09771696100023053,-2.9833229310272915,1.8410001350046563,2.5860852351257972,0
-1.2373637789333856,-1.3652517388486072,-0.5492701731103367,-0.3571848397691555,-0.09127351558483329,0
-2.271564665886995,1.7305912141225208,0.432138362207812,-0.7695315027281692,-0.39977711870859345,1
0.7674551267015461,0.23265687236876184,-1.5421565343770978,0.3280719837462759,0.5782927157944584,0
-1.1874236893680499,1.0705133602756751,-0.8657105079666109,-0.20361492892378913,1.1695982371999767,1
-2.321478982476433,0.13425925479798484,0.3796820984210956,-0.17533798970473227,-1.3878757758489462,0
2.4701402272884914,1.030539085157201,-0.22702026306836512,-0.46682658295854035,0.050860364531451194,0
-2.8496213157356007,-0.32240910693468156,0.13774468086171893,0.6018405922386141,1.0839135392775634,0
-2.104039118409934,0.612778355531341,0.14189625730990368,0.3386943461493832,-1.8670434614784068,0
-1.4840890397702418,-0.949117583728983,-0.2606406597167753,0.4235943317618439,-1.3116477542349003,0
-0.7870971710217447,-0.19403006523982977,1.1983883212098285,-0.8019846570657809,-0.05177528437431603,1
-0.7874299749768917,0.4243990120802701,0.3728792238568837,-0.652431062761884,-1.772051248061271,1
0.8183234123309154,-2.675433016929085,0.4430092108274727,0.6691410572017799,-0.22315990615977194,0
2.8836822238444544,-0.3214839085601088,-0.8633910819237505,-0.05958123270486879,-0.03654717377613903,0
3.171647962190749,-0.47819051400987894,-1.677531392270252,0.25799749070700834,-1.531324160294372,0
-2.6525584508773483,0.2944266338290325,-1.1001367248518583,0.2788152633151472,1.5163708950842685,1
-0.031626078871366765,-1.9909843553880855,0.5773589348139271,0.33929092072609945,-0.05786806985837521,0
-1.5687205204255588,0.6702006038380225,1.1613024669436862,-0.636837779363205,1.0706056590391668,0
3.2247144166261994,-0.5013656467891685,0.2142209035151132,-0.016287883643594625,0.5631759152058767,0
0.3076120637009035,0.4407813735262357,-0.12598527801025333,0.5220274678026896,-0.5599128645785695,0
0.12367084260649501,0.9915748865827034,0.2177933169870615,-0.1624663202498797,-0.41139637891231323,0
-1.567158405168752,-1.6699462637055609,0.11589508782848917,-0.19831602776996946,0.8893196401408321,0
1.9922894670182913,-0.4446416834861731,-0.6015095821069034,0.15694098689231295,-0.4994289098813288,0
2.9357597099062027,1.3567435509065724,-0.6538166807432199,0.4074324371200607,2.1100688641435768,0
-1.783030617708464,0.2337323324645195,1.7624417130053733,0.37925630606892113,0.10042156319876135,0
2.450097093472426,0.23304202378321495,-0.5353207298018543,-1.1324870324169218,-0.9782793929450204,0
1.039062299027354,0.8714424028975539,-3.3091438205423214,-0.3380406232262815,0.028552830045128107,0
0.6631841299475658,0.9972975249064008,-0.7101360686880492,0.8670898633656546,0.8725719997804259,0
2.4194420336808715,1.2492824141684704,0.9294573791384213,-0.7321908671356023,0.4844086408047351,0
2.0581237286058567,-1.068470054469766,-0.7702302530770989,-0.9819967525720806,-1.5455414231586466,1
-0.28168728937938325,-0.5663203510658489,-1.160216278413501,0.4283980657994553,0.448361706432812,0
-0.7903485257301619,-1.53618635399715,0.4433915519014068,-0.3651635456398149,-0.9756555715738063,0
-2.2689709093654122,-0.15535197565692913,0.4096314700046184,-0.3636868364530002,0.6788319399612825,1
1.0671209593779527,-2.097275225691735,0.3227820745572079,-0.3735694837470629,0.4340082994045013,1
1.213951856053876,1.3553829755600695,-0.33663749059818393,-0.42131961168399046,-0.28752484805562545,0
1.912956519325405,1.8585102650178524,0.6806439692521067,-1.1052148913346869,-0.18717242509347504,0
-1.4769164097556369,1.8336256716497863,-0.8224330387652791,1.3122700959544624,-0.4873001089265605,0
2.969767455548227,-0.15343349006214788,-0.6859120470267525,0.4325737057129642,1.4332671917674227,0
3.4812540826954605,-1.274962999525373,0.8132604957114047,0.11309085219160592,1.5175925649496398,0
-0.07108861995839307,-0.799000868590344,-1.351484491718272,-0.4658026017858935,0.696773842770518,0
0.17837216490251628,1.2244975922051822,0.5158820713656764,1.062886273487288,0.26017188737923086,0
0.03337240210472131,-2.487308007720018,1.4443734191359616,1.235862708360455,0.20917458648282358,0
-1.9343291763754151,0.7542006172543442,-1.7040913340563506,-0.14710730093100702,0.21049407818002636,0
-0.5952704947902512,-0.07223868948057138,-3.236698993189462,0.4731710932696279,0.42788301646327,0
1.7111953653047167,0.5569008490721166,0.8947001869831883,-0.4745385535277405,-0.1351589749001652,0
-1.6756238558935048,0.8245745440689317,1.9746755212707383,-0.26570056427273675,1.0766785980260474,0
0.6538544840371863,0.22674139409126168,1.0842545637263201,0.06557833751644516,-1.5701425239698135,0
-2.999721605052583,0.9911264752516962,0.19254954367500046,-0.46534686219191884,-0.47660853354441385,1
1.9316396780152087,-0.12443213119675728,-0.018304232372785133,-0.9489325591984098,-1.6637371965187728,1
-0.13958689105010028,0.6738992441313953,0.8342037757449219,-0.5136294796272046,-1.5427799026656837,1
-0.5995175866952969,-0.608587088341878,-1.2969444977285227,-0.7153017701740498,-0.2657614929781056,0
-1.6699463950969282,0.5189353558446024,-0.4002408652116583,0.6270425052852981,-0.2169187393557794,1
-1.236641043732542,1.8516011993854649,-0.4768873933941632,-0.1468472142470012,-0.5728772901042604,0
2.596316945662731,-0.9970164230887766,0.24253943715083506,-0.08436467010613358,0.6206933175999961,0
-1.3146526362086561,0.13545426564670796,-0.9460853678888954,-1.2835598445437137,0.17307448264298345,1
2.056150617812665,-1.8264682536962888,-0.5343970601426629,-0.5571439865874818,-1.3175523572969308,0
-0.8618741059741891,-1.8880769658131331,1.8168116527508045,0.5051554705666731,-0.7111337118673168,0
0.6805171317278698,-0.40299344907200374,-0.36224843111828225,0.6459111676987364,-0.42478262168214226,0
0.7843571531788607,0.17019698004456665,-1.3892871745311821,0.22071448016074968,0.5090217764594884,0
-1.1764791731781512,-0.42626890552411695,0.5516840694453835,-0.3490222586295422,-0.7980102678148051,0
-1.4907194837146225,-1.7224434686209145,1.28533040523524,0.7848298590878796,2.0688025307009164,0
0.060789633928680566,-0.7669154916367504,0.4655327009391107,0.3024555886799295,-0.4588218725780013,1
0.39802436850913786,2.2735710532517484,0.00845964016180003,2.3693182255189535,-0.626222740829979,0
2.0974477824645423,-0.3817562502074498,0.18162086409196018,0.08897400766897168,-0.4506904834018201,0
1.8645883986826965,-0.3136685998936722,-0.6289334400619819,-0.15754855356920366,-0.8663381402628315,0
3.092936650839352,0.2914965026114576,0.27149467838774677,-0.6490061578852473,-0.22606031654276887,1
-2.795838362561118,0.4593662301528727,0.15607269159983939,-0.6727235825057497,-0.14463322302821677,0
-0.4783260508479367,0.5243925572558316,1.8061110353890495,0.4710593113960847,0.571717810485421,0
-0.9364368571432468,-1.3306309704531305,0.7058221486698096,0.41628233589069225,-0.9154206954242202,1
-1.3656560381921745,3.3878694610822566,1.1416922534813578,0.6012366697370661,-0.9866030380237694,0
4.772243707334933,-0.7206238812232432,0.49924830800944847,0.06530288669440477,1.0479061460232706,0
-2.7158502467388574,0.00010836960738819189,-0.16107502581227554,-0.6102975543250967,0.6029133875933336,1
0.7981116991025149,0.6116333011643975,-0.760631242033682,-0.20412438815987038,0.3589867241678342,0
-1.289840644601916,-1.7280978133140648,1.0160819650728845,-0.07950621571700572,1.0894229603256254,0
-0.3099570023098325,0.029461153024845917,-1.3001785213754722,0.464482225238253,-0.08255780722262249,0
0.08445445052268521,1.9044819902415118,0.48388600403025556,-1.473075769909941,0.6432739740730192,1
0.9442949785653764,-0.5330413358332312,-0.8019471417067259,1.4199389450155397,-1.8239408215404498,0
-0.507817911158571,1.4633275528737477,0.533796966852213,1.0723929004826611,-0.18088924817658567,0
-1.7240532244858962,1.047528069334432,-0.9319686014386112,-0.21798417472112308,1.1248131896419564,0
0.007440942019504612,1.0854227754921617,0.04589579093430442,-0.19556398678441667,-0.4485119750431459,0
3.650817549852785,0.9544898382410065,1.6899800438723709,-0.2683934388863887,1.1788313376650914,0
-3.628913607393198,-0.2065908453156968,-0.3510960147181656,1.1839661799380772,2.030922016466596,1
2.221115778099543,0.03429218713612223,0.6463654579583236,-0.8373186772511266,0.5406285005751487,0
-0.20359933231485952,0.8147321954783427,0.779789211214631,-0.49838133995557005,0.7577811036554849,0
-1.533846704229082,-0.23130678691869783,1.741418434654549,0.7083355750856607,2.0463921938497163,0
-1.9818158536875503,0.34585043824201206,-0.2748904506711925,-0.2266286658671567,-0.32562447992417803,1
-3.094097336153553,2.5535356184893514,-0.5272379240244583,1.4301448923041786,2.5642937061405258,1
-1.7338875164076184,-0.2818836570897528,1.1617671350762642,-0.9042949585605755,0.13702797397231653,1
-1.1798231426217398,-0.34019123161979475,0.1977734675717406,-0.4898622845738214,-1.179856056443201,1
-0.284650875555569,-1.9280093387787507,1.079642808625763,0.9859932981470931,-0.3563496367440254,0
-1.899484697278842,1.065907505697457,-1.7776786240104119,-0.28302764847349415,1.0687938356792896,0
-2.2238355771509846,0.4786199791076189,-1.0654379381372923,1.2010470818171441,2.460563661332718,0
1.3581467634609368,2.0933844133686175,2.210899488898063,0.5506795652908221,0.30792630871743415,0
1.4272365293992637,0.14333192194035818,0.045219117170306994,0.09222019684279496,0.21977396806695976,0
3.216946626822651,-0.45447514829415175,0.6719690134953487,-0.2755334780630979,1.2586543878372498,0
-1.100536454328293,2.371000580246113,-1.5601358014331377,0.681048019670847,0.804408985923545,1
2.646128962345858,1.4965630324239951,0.08244653451317999,-1.6491733707216174,0.33205227870352094,0
-0.0029837042078580014,1.6954169678304838,1.4806749112653197,-0.3045549187927958,0.17456051458261018,0
2.6137809022450966,-0.9998491664862904,2.025373481197592,2.2389310572270253,1.2545395666671868,0
-2.4285827766129073,-0.7178848160536939,0.2639348965868076,-0.2801616324411502,-0.09345965422027201,0
3.179684474069613,-1.2893964690671853,-0.45827048588494096,1.0772261154111011,0.6218668059088982,0
2.6399730603132414,1.190770963745447,1.6173854736178745,0.6366108289077858,0.01309743044888301,0
1.0046299180027978,0.249596771054225,0.41314448281524313,-0.27870823814651124,0.009953034123059371,0
-0.65035958356846,0.11812023026230305,0.26554963790003616,-0.682021603830194,-0.17672024701473918,1
0.5100655896536348,0.10472060497967393,-0.6573017789700669,1.7402980779897128,-1.1940539905768948,0
-0.7988504552558853,3.708965119133369,-0.3208024189525488,-0.7313993218837382,0.09677842497791189,0
2.0807432103006103,0.11639930141234676,-1.4820161443146616,4.450158405636525,-1.4019373182065125,0
-0.18738888557571054,1.5597579748781865,1.4445506736813958,0.7656080444558625,-0.23009283059584923,0
0.2629259739427317,2.0893127474512623,0.39303344638369175,-1.1128484320776073,0.08951625148948693,0
1.4878820172960456,0.8473936955242766,0.575280878526929,-0.7345472940760918,-0.11284605904945075,0
0.5670166936055672,1.1780940879085955,-0.4760398734870011,-0.9280815735660356,-0.6426041362119436,0
-1.2590188961307367,0.06406643797706944,-1.3887105023211328,-0.4530640614776925,0.5435683218382931,0
-0.5144434746505907,-2.8453523128193403,1.1087167502262798,-0.4054614454088988,-0.5759699720279534,0
2.373430289045013,0.11127280639997278,-0.1010688583211105,0.3267442143314792,0.8499666695628495,0
3.3087401718498324,0.6401848809032751,0.5115661172904489,-1.080977060622316,-0.9895955354533226,0
3.221344851899385,-2.1593291870819478,-0.1057121601893669,-0.4550261148351307,0.36657698985536896,0
-3.540372442222936,1.8453152561679549,0.8912357263984054,0.7580084226292402,1.6209815319802603,1
1.569460830929724,1.4560537003208156,-1.18866338407277,1.8389598440282673,-0.8080948552154434,0
1.3352594349795759,0.7479430132632983,-0.11004016351175569,-0.20578399340136658,-0.3359224346134573,0
2.6613357144197662,1.6937681367953896,-0.018677193583002072,-0.9363774565241777,1.1680168615359072,0
-0.031087403760827477,0.6789430414738119,0.5519587884266701,-0.2396564671361365,-0.18209801197581113,0
1.2471686825966384,1.6070151687728156,-0.018892930290622747,-1.001461483268656,0.004812109970278907,0
3.556225390211266,-1.0422730722285871,-0.8129751995774851,-0.3927649587181716,-0.001989122275781265,0
2.6442734236200063,1.2935291688805306,0.36967444148302064,0.17030102547522313,0.32865230870303214,0
-0.7797305384057917,-0.4084801175100873,-0.6646768777235993,-0.13476564435829239,-0.8082794562476882,0
-0.6037711672397551,-0.4954733595582575,0.008976441619216874,0.07865422269497252,0.7018297719889844,0
2.151484016278278,-2.688304555554144,0.820614289722285,-0.3020865251891956,-0.7285240453877893,0
-0.6654455184960286,-1.1788390104004856,-1.8349210979626132,-0.7079804377951195,-0.11281532516897091,0
1.3352594349795759,0.7479430132632983,-0.11004016351175569,-0.20578399340136658,-0.3359224346134573,0
-0.2798980466214604,0.5849057580826472,0.1911595512842231,0.35702165794965396,-2.3136962630094766,0
1.4034910767517232,0.27250278652974613,0.7250973655537015,-0.6422565233958771,0.004193096572435114,0
-0.25301059112634855,1.0377378025433277,2.7210556957599126,1.6248512964134194,0.7257099453358588,1
-0.39786922470235087,-0.29659004936973365,-0.6761997225461548,0.3299312871870059,2.654500139523064,0
2.01145045040133,-0.5683017295301149,0.8209692930679717,-1.5879639483672885,-1.6221023684701472,0
-1.3475566469332017,-0.40239792363963994,-0.13565874237034958,0.1889740822320662,1.7437214114893083,1
-0.4777657090296138,0.6980693550647262,0.01497371164728761,-0.14402782581524312,-1.0820253734461622,0
-0.43752524649557856,0.4759955800946818,-0.03486259671090274,2.2203653809725035,0.42742069674905114,0
1.550859198163666,1.251924482173967,-1.0678417341901045,-0.8258088316991671,-1.4920277475547212,0
-0.31087125266219706,0.9725325995247299,-0.09743391448017935,0.4271518478193366,-0.20327059466090328,0
3.2424207521237003,-0.9090114077302591,0.4193555442050353,0.11364384313798727,0.48700122078560676,0
-3.1343925831673407,0.9422818231234883,-1.022473191593198,-0.023077813401605637,-0.3774842125942511,0
-0.40695652867561033,1.4785851636954104,1.624317329059443,-0.3301590700133027,-0.13104172982188694,0
-1.7295543514243137,0.8334924408932739,1.7378563282018766,0.10464152180888535,0.0498935573823021,1
-1.7243521312642454,1.3566783351418858,-0.4743895190389139,0.02852505142032931,-0.6395300172900302,0
2.210885433317619,-1.180724093659583,0.644475251964346,0.40440224210481474,0.43489359902386854,0
-0.9004038537544383,-0.11020538383149861,0.2289793398927933,0.8659349347026555,0.8783260334323014,1
-1.4995502759102457,-1.1148169938165144,1.9573974805638834,0.5038255245191375,0.46270175329704016,1
-0.18964171832955126,1.0091509932920006,-0.43734140099115265,-0.9273671885533358,-0.06972549619769787,0
0.17631919460324752,-0.5835569256390085,1.5887344802533143,0.6326046579688667,0.7859441654255488,0
2.7838124565852453,-1.0903193572483303,-0.8363823785623062,-1.0597666019294665,-1.1553195334144166,1
0.37324639636739826,0.9980541215390999,-0.7446942881052152,-0.9089683686262794,-1.0054832199036006,0
0.06802534425678151,-2.0051826027555104,1.3780410337264082,0.32562070691109546,-0.19459875967973606,0
0.6958277871104525,0.6154283299802131,-2.5208240427948025,0.4868181956661584,1.325809629280101,0
-1.9983266013323946,-0.4084120271083205,0.2331161573775697,1.0530375262640181,0.29108930498955954,0
-0.26486307288754973,-0.5426279663336835,-0.6186122501373571,-0.046070933373041585,-0.9752543796250963,0
3.327463028615161,0.0887243784532067,0.04565645682469057,-0.7490018658467725,-0.38320519778476286,1
-2.0614157999190375,-1.3152395728487074,-0.2851737624761275,0.7849841010059585,0.4630244277097405,0
2.0199379792383017,-1.3725644954427867,-0.3339230809761917,-0.3054065200958934,0.47701164878699565,0
2.6605795766711844,-0.23721808901570093,0.0303780094987641,-0.7654591575312357,-0.35023640420634883,0
-1.456498777367003,0.765672583177704,0.1415730661842249,-1.3765425422536453,0.6418774549595565,1
-1.3954978731650813,1.483216819003344,-0.9917407345345589,-1.0273315276048272,-0.8692212273161303,0
3.0815945907446305,-1.0512245820160886,-0.9357097709886859,-0.8190128492711742,-0.14737029580183605,0
0.8527750813447799,0.10395699277229964,2.866034894763967,-0.08134430833199469,1.1503624892053348,0
0.33899553105193514,2.7525150601582467,0.051809704426060935,0.5548295916850211,1.1382506676028037,0
-2.612657592477532,2.1809070078461312,-2.308874266250472,0.8995334543762128,3.2606608517952798,1
0.10320975929904119,0.1939923328284748,1.626796003708438,0.035731688205540506,-0.6836601000135979,1
2.4489522537903765,-0.2867921770886496,0.49422907470746785,3.7653707975201427,-2.9927856494394227,0
0.1674688767334624,0.23778434384216712,-1.192330828522773,-0.5090456414160651,1.2778717989376047,0
2.48528479942472,0.029437322267133092,-0.5694155994574933,-0.4386785530020495,-0.32118109951068863,0
-0.6301074708352133,1.3270057408955735,-1.0425573338899654,-1.1891545939157604,-1.153601126084451,1
-0.6627881353680329,-1.0819075626687704,1.04740086677058,-0.15486539502143545,0.5308741209303368,1
-0.33736532412771,0.12341047560254809,-1.5336308491021646,0.46080085552420696,-0.9873239876172074,0
2.567051685295108,-0.05007883286532598,-0.9732810547094138,-0.5014404963410571,0.36243906003529813,0
3.41497598820512,-0.1824778452795727,0.7893955998421656,1.6333132341294463,0.9768483332948467,0
-0.3782274082395896,0.39699695787040334,-0.3590709684882672,0.9468543195546509,-1.566987017843247,0
1.4657631217422806,-0.7042509042645493,-1.4970392420024041,1.321651514918402,1.7015337550674303,0
-1.4243613558510082,-1.8613314631169244,0.9960320281616103,0.29885887664077665,-0.027997713450013846,0
-0.8668841157620647,-1.9165619470680397,0.9788123230342509,-0.6089456999926988,0.13250357358694684,0
-0.8091147549344315,-0.3360424445016143,-0.27624948898799107,0.674545621471882,-0.45160549386867427,0
1.8435823084198453,0.9485987477648121,0.3896875524079433,-0.554325931718496,-0.19079238442776936,0
-1.8093048847914275,0.1340750649143513,-0.7882265799683886,0.6685337278422717,-1.4190589463157322,0
-0.5097542708880082,-2.2453136162010123,2.388155822461576,0.005717795766420474,0.266626603825855,0
-1.8929665533253865,-1.4841177260135539,0.5464713624649503,0.2021299477861782,0.5335598438037359,0
1.5856549865984768,1.095815220406138,-0.2857794353774109,-0.11742644224529146,-0.8185686775374309,0
-0.48502153169446766,1.2017715155579962,-0.7038934374140384,-0.6756202759240302,0.2567920862973829,0
-1.3053872818518328,0.7910935353706084,0.6982033042861361,-0.21043902964971506,-1.8051203089398398,0
-2.5751656437602026,-0.039213037563561925,-0.033425732386991064,-0.9361170880632391,-1.020126644997669,0
-2.2808774504711384,0.34974719264904314,0.003192874077009474,0.7695377257814577,0.1197339044354414,1
0.5546217495042953,0.44364362871144913,-0.29768308498367296,1.6918126554304096,1.2751121081134555,0
1.400157549918026,1.0794997719921156,-0.0663753981856003,0.6804895527825973,0.877753740379507,0
-1.2243782546175128,0.8035214352296777,0.2944945113289449,0.9960600114986684,0.4247107690603999,0
-1.6319912205381046,-0.3832439688886061,-0.8028176437013929,-1.4005104505403558,1.0729238770291152,0
2.2043588460225307,-0.1659786165450332,0.9082663242934895,2.3301519654155802,1.4307732577535466,0
-0.7528172192417194,-1.7473956497268717,-0.10041787138161976,-0.5169397679121802,-0.9620418461210342,0
-0.706579213834006,-0.2888236572555298,-0.116930744441885,0.016955766426619664,1.16040963459293,0
-1.2876260847675094,3.0891014481737513,0.11920577053467186,0.3530306503043937,-1.734358199506119,0
2.319694807615971,-0.7056552724305688,-0.5946559800119494,0.056725877429408135,-0.6517455168117352,0
-1.3522052309075372,-0.6648750708224447,1.0677377560992154,0.01856990171245318,0.28923536223932883,1
-2.0891068487660127,2.144346687123315,-1.739605357542475,-0.668428087912495,-0.696422869934186,0
-1.8518503807229072,0.6178141866690602,1.3129150955781335,1.48432989494639,0.17791288103370667,0
-0.07717730829271902,1.091386491378336,0.6713315868339217,0.17769014027931077,0.5133258889158504,0
3.4731938574810033,0.7428830035277973,0.1009682012959617,-0.2691089105656787,1.603550085945215,0
-2.2121664671543386,0.1014968893027885,-0.10294526060041694,-1.3575638523620555,0.1963098560275166,1
1.265796898365469,1.0042882971731844,-0.512689986157535,-0.3107584354934815,-0.8949839744324392,0
1.4078151005445145,1.6081803832912647,-0.7440591321412146,-0.39153745404841317,-0.736083561650829,0
0.9662909187651082,-1.0783379160879687,-0.014336509979638095,-0.5091084288876614,-0.22174842682706009,0
2.9490151585204187,0.9445162213796833,0.3893445317483952,-1.220937109055683,-1.2714341309829393,0
0.0747129326820503,-0.09719229172135609,-0.10047109394464993,-1.3347399387077465,-0.04808265007793331,0
1.8091197067839666,0.5924037570268471,-0.22538491361918747,-0.15016854736419472,-0.7999681379725305,0
-0.7575996768811597,-0.597715839615814,-0.09375674879906985,-0.2685590953142276,0.08528816865680264,0
-0.8996595228302876,-2.163322640860856,0.2415413054529931,-0.13329064266388543,0.06575278410661103,0
1.5346504331659463,-0.3526390359184384,0.0322990717681849,0.02987695113025316,-0.030668928133097715,0
-1.8750871202504549,2.038816320525184,-0.04619064306269699,0.1992489710992302,-0.32207421639281686,0
-2.732404478218525,-0.3721739987601695,0.37770179985365754,-0.86815718143071,-0.3093345655777182,0
0.8116226497424357,-0.9764809540138311,0.6866265838224174,-0.2579427055173592,-0.3349488030467581,1
0.22861649800364847,-1.1463981736798419,-1.497264590625355,1.1676471300073594,-0.7148487209096165,0
2.975435578004866,-1.2564914839272772,1.0738987480332542,-0.6488566717925548,0.3545384447067809,0
0.08062276144854705,0.007853715147557241,1.1498494005453603,-0.16235097481741206,-0.1335733132173327,1
-0.02699629428135828,-0.3101603152693737,-0.986868733087602,1.606416800951393,-2.0361791767616118,0
-2.476730482325422,0.0791695698384999,0.9140582678192487,-0.3338913588317527,-0.6004726465897263,0
-1.3664964860312967,0.25459039547503803,1.0284099935750042,-0.32749277130694276,0.3061428356720915,1
-1.4066362763248754,0.25625346040076397,-0.7433998801225096,-0.43717138555123064,0.15427559853223635,1
1.8788362262095504,-0.22958949175263874,-0.32695985015659934,-0.38933891801127757,1.3245796558509437,0
-0.9750509651576025,0.034730584736416596,1.1108259363426358,-0.8419637249936658,0.5789658521447905,1
0.054793531906466734,-0.10899175591176695,0.445220724763646,-0.2610582128424287,-1.5646506515270093,0
-2.755658161622006,-2.247423467159627,-1.6889874631905757,-0.3270709154722599,-0.15017738910926545,0
1.898275864301628,0.5848943706868407,0.5336758393784413,-0.5916536702336922,0.35933960471290843,0
-2.457708664911419,-0.6447849066370867,1.01180485862119,0.06318282997101873,-1.2079561291356196,1
1.566279549669983,0.03953650336185159,0.6294569276710552,-0.5442733344325756,-0.003243385146016474,0
1.8227953126382996,0.2102447719965129,0.6735523330915731,-1.3342822462899457,0.9416960943301189,0
1.4365218729119418,1.2663620860146154,-0.5161663314495631,-0.7748475299547849,-0.4321110596703422,0
-0.6528850362395779,-0.43690499098242835,-0.08475695156800524,1.060701364334864,-0.9975386465611693,0
0.848538122621597,0.5030558691132393,-0.51617457143137,-1.6864670423768848,-0.49019037209249555,0
-1.1138651374826787,0.08017591015655767,-2.2267795045219856,1.0544445275938124,0.06618842167591998,0
-2.053872260065677,0.5483613966026802,1.5119405173667586,-0.10144547578915622,1.571738685640288,1
-1.1246395434399343,-3.9676236064487496,-0.4924477276073461,-0.5327470658416681,-0.3286213451253236,0
2.381064639597864,1.8483518492313828,-0.60433662628574,-1.0841699231223485,-0.571073296000331,0
-1.6648527786956344,-0.2310334214713595,0.6515134841090452,0.7951060109889377,1.2644765473799733,0
3.033023521284985,0.0639054249826681,-0.15568462266846245,4.141973578811122,-2.1256237826389057,0
-0.8974362658581793,0.8231832743439678,0.1484352328080718,-0.5482755306823737,-0.04396561830728894,0
-0.6022727592099048,-1.904655888195971,-0.49394643915200265,0.011575352909562834,-0.0273232292345086,0
-0.838647665002678,-2.24405783897336,2.043282934181256,0.6772707838935884,0.3863935516231339,1
-0.08790399170978351,-0.6932708973767875,1.266200233094963,-0.22044937824219862,1.0361315288720494,0
1.7589025101941722,-0.24289005344157127,-1.330141222479843,3.917788178320056,-2.7824249414697784,0
1.750245829326414,1.4324989159362698,-1.3984325448258443,0.10812538995521573,2.3126095876419415,0
-1.7723981599738612,0.30349422247435176,0.25551187344651205,-0.03399762446342745,0.21345441699615963,1
-0.17058028021503283,0.36522241553834267,1.0619705911437183,0.004790135019184181,-0.31659126672857485,1
1.7111953653047167,0.5569008490721166,0.8947001869831883,-0.4745385535277405,-0.1351589749001652,0
-1.209476007486139,1.9849357354757033,-0.7243828128449296,-1.2274687987708326,-0.13868116464671257,1
2.7457756773888753,0.9109019287299356,-1.6834277379809317,-0.023329512569194345,-1.0943596656062329,0
-0.5585943565233565,0.9889312162091346,-0.5353896560324181,-0.5740375212335099,-0.9857285542348126,0
-2.0519764474995963,0.45577682543992754,-0.9869987328758415,-0.020096543385733873,1.8288440927199614,1
1.4441895810929557,-2.2812914200387406,-0.5550446463959012,0.6039815370614625,-0.76276639381577,0
2.5563339720571854,-0.9563378614418124,-0.6817081526974803,-0.8501886639402867,-1.062927484731132,1
4.9362148663397685,-1.5544373982651505,0.6450748815470756,0.5510310402030164,1.5885188155943681,0
-0.9025794615836746,2.513184835288266,0.964085011697687,1.3378518300034548,-1.3096210572651912,0
-0.8588043094094826,-0.9221015006751164,1.0134161618024358,-0.014100760547101257,-0.8338082981544569,0
2.1733319779388274,0.6555504617343235,-1.8312345344050216,-0.11719087757349271,-0.4453387608131863,0
1.210086420167321,0.3297493636573732,-1.1124121224829737,0.6525837168510085,0.3483626682652111,0
2.800788193543599,-1.6947216966063492,1.1704779609078906,-0.4782184865149231,-0.05011758642171088,0
2.0007468944624462,0.7566337713756497,0.9725841187499491,0.6885940942552103,0.3490254863817761,0
0.1861418958274836,1.4503280902115858,-0.07574667599057139,1.309166002910152,0.4992565828093522,1
-0.6195691074352682,-0.8428513812147497,1.3509344611129583,0.31475159025857113,0.8211598571762485,0
-1.8199553685762375,-1.4873866671240537,-0.08279806140544824,-0.3119837912872651,-0.3432897880457695,0
2.9780733354390905,1.0619923359197867,-1.632189111772422,0.8065470748561392,2.7983002914283306,0
1.6015116515295313,0.6668280875314468,0.31459999785729637,-0.35388907865905267,0.6771870817250679,0
0.4134541079380663,-1.431924289505573,0.14465031049181526,0.5027506553748123,-0.172007323219664,0
-0.6475855301762837,1.078528368600645,-0.9665136999218081,-0.9723972511014854,0.1252045903460546,0
0.6691539880092205,-1.1649047304522309,-0.4470856507349026,0.22795479487686424,-0.8528102145119449,0
-0.92125938047827,1.6371846221495123,2.278845532414377,0.26612151247432225,0.08914605076997334,1
-1.183002668396588,1.1086712336872397,-0.4934250334030313,0.7064681617124947,2.974856491220572,1
0.035359004284022916,0.9977807745714968,0.6874081690552967,-0.5371640731696252,0.470990823136967,0
-0.5539402544158251,1.0282933111752615,1.9288398741477693,1.2233493792428352,0.22880149665281094,1
0.2913207010578243,-3.797996522099144,0.9797341372618347,0.2502052640824254,0.7415930574899434,0
-1.7283321206991313,2.4057374096764588,-1.6037799737752274,-0.8579309908591496,0.881860861067872,0
-0.671507893323041,0.9999552960198934,0.8283523639221005,-0.0015563166865942384,-0.9205474877401124,1
2.861758444786692,1.7781992466080507,0.11326160838339551,-0.1704195453092843,1.891536639557174,0
-0.8562231577367561,0.7634778746284252,-1.4681203289905609,-0.07912145548000139,-0.33606108112477995,0
1.30097744994977,0.035504811509094625,-0.04516073229448903,-0.1995539067638628,0.5092516393429599,0
2.6187542678600657,0.036067749148182456,-0.2940705423273977,0.8434508311902337,-0.13023868129572355,0
1.2552609356762394,0.9580471831768061,-0.4912271559541299,-0.22814457412518227,-0.9030890490800566,0
-0.7842262101144655,0.6466894169546057,0.9621785996233458,-0.147707437045277,-0.3370312055851713,0
1.6770988500625876,1.1490604769614765,-2.1001333850196886,3.4915110838347623,1.698430817059657,0
-0.9930607553018049,-1.555368693308875,-2.025633589594957,-0.4447764602487791,0.05611611407534849,0
0.8309429661919667,0.18192798097757829,-1.3266494516420504,0.2264417948866386,0.4478500646803974,0
1.0237917095197988,-0.9085163096215207,-1.40096804295783,0.14359083433607062,1.0431438397308452,0
1.323197443012957,-0.26505736595237345,-1.5919593529473761,-0.5945528902361444,-1.5319029048803239,0
-2.6046160581113282,0.4457652675601805,0.3972001576884168,0.4235897802643602,0.473531566785767,1
-0.5856320507327034,0.20226311997726276,0.31689461897634263,-0.7912796365980973,-0.32124015198787415,1
-0.0950645492731605,0.6538327227462891,0.3131132599013026,0.8816019578572233,-0.497608059952866,0
1.2210011495999893,-1.4118438908859712,0.2638631682068861,0.19380672008030303,0.06725929426563926,0
2.900005509744023,-0.5891899039777949,-0.10050633233349673,-0.09067532811578562,-0.26238637222510824,0
-3.0230365244200925,1.3387306673266208,1.1306259957303217,-0.39252163787524685,-0.39569307100583695,0
2.388926796967317,-0.71281635656879,-0.41136565248825646,-0.043384712171536784,-0.19413543057669017,0
-1.6882286804901705,-2.431983617886809,-1.6414485934877283,-0.36752822991308415,2.018875676987636,0
-0.562226698416441,1.4046943613869947,-0.40030267181500007,0.19010716446429873,-0.10383053480553359,0
-1.263401036179993,1.5203434183346272,0.44516283151188896,0.7035584727550945,-1.5417553761716474,0
1.2791749378917294,-0.9979163736117328,0.5308911989301449,2.340174091677048,-2.465146135861704,0
2.3294514275688587,1.1170004828862052,-0.845412774374367,-1.1013642637398084,0.11645264739975637,0
0.6785460955159208,0.657761332166384,1.0302479996313472,-0.4613043303816712,-0.9863971849353075,0
1.944063342404786,0.15458850667138807,-1.453412206389465,-0.29535150713234637,-0.026882187737206076,0
-1.4619012077546856,-2.7966974126965543,-0.2174249037124433,0.18365381364583183,-0.5972092056213265,0
2.2750871873017298,-1.860660515373585,0.8572337612514603,4.193036938722988,-1.6916485874453937,0
0.16709940142861698,-0.2610916981438056,-0.8743073429517904,1.5462682556967275,-0.2972216886442072,0
2.615054776293092,0.12866777593674383,0.34554828272495614,-0.6267667509270725,-1.592174887562447,1
1.3825196684407375,0.35804208216111416,1.1802352974439592,-0.25513566046154046,-0.1429603574493559,0
1.589668542118641,1.3017290468377951,-0.5876890332732078,-1.147051452927423,-1.7344906191408995,0
2.14280662399641,-0.03983861968159006,-1.1970893143793349,-0.8685415591441571,-1.2416072935684397,0
-0.653056004392257,-0.307345561686362,-1.8530611780370039,0.7919512555801963,-0.7277379115372828,0
-1.7646479022981132,-0.03960147533612627,-0.36149775630159764,-1.3619083598056745,-0.30907833754096403,0
-0.5904771344779762,-0.14476555334259186,-0.15176751099617147,0.4522510176244171,0.23406546428953542,0
-1.1259191134010202,0.9765540984524911,0.19461528937853645,0.26865657868885723,-0.06575030665745751,1
-2.080954414650622,2.0421506686289495,0.05170608086455742,-1.6097732541376033,0.2791281907398824,1
4.689265348381688,-1.29572913709551,0.7659157645931776,-0.6507984056987907,0.5323968299921834,0
1.8581290866172686,-0.14557644454164645,0.7201301868817691,-0.4198187134662871,1.2077873547476996,0
-0.4174902739258811,0.12337466743021075,-2.442689214185272,0.3025074583330929,-0.9191113921850738,0
2.6187542678600657,0.036067749148182456,-0.2940705423273977,0.8434508311902337,-0.13023868129572355,0
-0.15157422713476018,0.1444460011043847,-0.7789310425751892,0.3744484269877638,-0.08151375103465894,0
-1.2711726150469507,-0.5585517518812373,0.8478926530036911,-0.698317501172217,0.09964176732261144,1
-0.6659493485078342,1.628842837622496,-1.5848062379894359,1.381882253140338,-0.4895224853096557,0
-1.0098050462454287,1.1545534227840815,0.41402426235212847,1.0774553247108494,-0.750510942308071,0
1.5811865077068346,-2.0413010065068256,1.8261698368351476,3.0423531168686813,-2.0880936291696495,0
-0.9905284744193238,1.3610428429101684,-0.784500689231039,0.9651307159615997,-0.8974308140927982,0
2.061464030939361,-0.339685668374175,0.16779824068298305,-0.500836544415978,1.3599451795053332,0
-1.3744687434011098,-0.6329518776380839,-0.5757303137013824,0.6441934702242017,1.7065183727532647,1
1.6443821996373267,-0.9929256322399309,0.45586486746994476,-0.42469774111407915,-0.14189737290994986,1
0.15529100527426723,0.13148482969016015,-1.036455845189945,0.5579907153772524,0.30839155008224983,0
-0.8675138728554916,-0.34054308373303677,1.027536149081728,-0.01822280517719159,-0.8164894082237107,0
0.7992747948536421,-1.508249994298594,-0.06235781795794371,-1.3943926635028545,-0.46280586746474495,1
-0.9023742258937757,0.06908410736113946,0.7434398751080502,-0.7404618146260259,-0.8134078473239547,0
-1.8244278734569779,1.5017944904648033,0.9731696740070562,0.7266631133443998,-0.05800688966111286,1
-0.17286686818388788,0.9282318330287702,-1.4821671170613855,0.4389140158586859,-0.5842324396928228,0
2.809302022693227,0.6389545061035656,-1.0000425270990412,-0.5239553065117843,0.11381922324471644,0
0.3993101463661446,1.6568024708439066,-0.7034724907206029,0.16242436064408086,0.9769954048512008,0
-2.743064101236755,0.25135035746494777,-0.8650327903161381,0.3597517511342232,1.1111061206275805,1
0.7343575930706161,-0.36147993224600344,-0.47621239959958084,0.6546322462305624,-0.3030852749131478,0
-0.4200028495842642,-0.07831715263514771,1.7919858975470682,0.38471323240789834,-1.7707072764898344,0
-1.0081668213424941,0.7780376854488497,0.16243666276063315,1.1186537542170312,-0.22891331897944658,0
2.1895009921481914,0.7856983385135896,0.03537144538326304,-0.915052598032486,0.13389107090103525,0
-1.7572677555944578,0.7928128343085021,-0.22042801068018916,-0.04082430170230301,-2.4390762505716954,0
2.768801667586,1.2833880348154982,1.1429906231870381,0.2146213865644468,0.7168698571703203,0
3.3373260710846337,0.7948018201510655,-0.5051286254173689,0.6432335377355725,0.6956643563796233,0
1.806501124002877,-0.22913762487122633,-0.6032711162964945,-0.6003856081581311,-0.9186896077536374,0
-1.5491348782623393,4.854217297601963,-2.105367293478412,1.5356563560323866,-0.21509196286705448,0
-0.2604394501793034,0.43397316921588636,0.27000378142557807,-0.5407666397809925,0.209949154033932,1
-0.4581359080888414,1.749623105687168,-0.08921668693868882,-0.7610927127233016,-1.4560968088871349,0
-0.7110639449519004,2.2127462542243697,1.1268552651168873,1.8941829355913546,-1.145148315580032,0
0.10107073659000883,1.038661108636551,-0.23575006212028066,0.4554269641373344,0.772587411644119,0
-1.8518213982328655,-2.2847365048998682,0.12541300302253178,-0.41125549140856044,-0.641056062077978,0
-1.4953616183119611,0.908479611166235,0.9277844174125798,0.17613032661994812,0.1037732942429275,1
2.151484016278278,-2.688304555554144,0.820614289722285,-0.3020865251891956,-0.7285240453877893,0
-0.0917329809125038,-0.9172409663856242,-0.5921110923510972,0.06406785220784529,-0.3331204772815555,0
1.5907353451232236,-2.03797048722866,0.986299329619361,4.885146489602527,-2.21527655152956,0
3.2072770498257896,1.2899054593071313,1.5926443580677119,-0.14897044422403852,0.8064561542251486,0
1.4381444723746852,0.5800119296416805,-0.14933392788798455,0.34435207273460344,-0.06678551156528711,0
-1.3801065063529359,-1.1886386407271037,0.8419396510049659,0.7287796893374648,0.28114578804368834,0
-1.9068700371371157,-0.6383995564769944,0.4152794560474458,-0.8977240359793432,-0.12165041716076633,1
-0.4269414403118072,0.38459976392456524,0.24078586859651993,-0.016164173451555727,-1.0780396912324275,0
-2.6304939398964486,-0.7153657067478189,0.5333584216838959,-0.927872079950674,-0.922060713080991,0
-2.114526644692998,0.6210793283698858,0.048023846158452406,-0.7331582132327006,0.11141557111762901,1
1.5318820481030107,0.4394621267850922,-0.08396532300565664,-0.4113667697607302,0.8020358328778229,0
-2.193906626600995,2.089141769256671,-0.4489319148931172,0.9263785701855277,1.002865567623696,1
-0.12106043827576658,-0.2016709665039468,0.23091458933399378,0.4789055948802027,-0.6417606871335358,0
0.22537822894691706,0.5194469281079693,0.3717516893714032,-0.3084991515698022,-0.6598829647476028,0
3.4507896986203503,1.1544246381496757,-1.226247341298446,-0.41988238444337395,0.1600802212370389,0
0.17629923417694346,0.9414130819895149,-0.4015136142237205,0.3194731343159934,0.2677792070863572,0
-0.23570818701178065,-1.13346867998643,0.5663084752268474,1.5438266118105917,-0.02934687229787095,0
-0.0450495575204595,1.7730336397697404,1.6867313581534398,1.4729456807310461,0.4892903217893999,0
-1.481518507406455,-0.23797648495029441,0.47399259114479436,-0.6892193992642254,-0.1413822556285941,0
2.2843529858728795,-0.8009842197634621,0.246589194917346,-0.32067341027737195,-0.6413665041217308,0
-1.709361271165775,-1.1400318681919694,0.29629273696043934,1.272430558233825,-0.11385335811873927,0
-2.171488923224878,1.3583156791034003,2.5584788951648707,0.5236321347452121,-0.19766719017364984,1
-1.5552311887736225,-2.943146598759077,-0.10884265564768443,-0.420291077105574,-0.3867185152041249,0
1.4050288569438616,-1.1908291124105774,-0.13764449893088612,-1.1269727093151098,-1.0146279009344839,0
-2.026866232617821,2.037178361374772,0.6394153299692803,0.8859778016003121,-1.7767392267764517,0
1.0442485117023546,-0.9523933543996428,0.3529009666534848,-0.34123706260193704,0.44882026811427006,0
1.3573241186355567,-0.20730236693308404,-0.45611581599991063,-0.5136425430639344,0.14218166613542632,1
3.4812540826954605,-1.274962999525373,0.8132604957114047,0.11309085219160592,1.5175925649496398,0
-0.2948528121167391,0.5851203256693341,-0.9729421719919699,0.26178011604624457,-1.1484597042599964,0
-1.7839585912235043,1.0660427436140976,0.2199956690497526,1.2007627898670459,1.8832940849116881,0
-2.1741391451680685,-0.7529593188601755,0.11688367565268179,-0.8258136923847268,0.39078612778592137,0
1.717757482608906,1.2100637492670592,0.23214351532028013,-0.5489276448261677,0.7006023206993229,0
-1.2295352423058883,0.6439298215174366,1.0343168688240245,0.6114446946124855,0.2813195592043259,0
-2.3157359690846953,-0.6113710506478068,-0.8350175789679803,2.9493700490689494,0.8478916805956416,0
-1.7452478345832672,-0.5536002622992621,-0.1926689655014132,-0.902366994278535,0.7908254126180496,1
3.79983371263008,-0.3493516523228864,-0.6967338835917409,-1.1220799267247648,0.5255013334833828,0
2.3109590276330656,0.886709461613585,-0.5699496054291971,-0.26256875185359735,-0.4851522838080751,0
-1.211221860385625,-1.3341541644737243,-0.896248260099944,-0.9202748603925611,0.26815374771157174,1
1.9827039104072732,-0.194488893527431,-0.12618856623045122,0.09713284996178193,-0.06005335260512332,0
1.6605439321320987,1.1126040744897776,0.9551980543583292,-0.9576607013791845,-1.4127357604059636,0
-1.2976534912399307,-2.2462910603047455,0.39658772944370924,1.2861939556320423,-1.4730442557175172,0
-1.1749357585168239,-1.433447946996896,0.46445764079486684,-0.5286397525673215,1.2065067306823172,1
-1.1704494081392618,-0.6629360852272258,-0.7515698555331937,-0.309903595482772,-0.1333858080328248,0
-1.1167995926642273,-0.20855432845422106,0.9577349773936359,-0.00758545364397264,-0.42532607878247775,1
0.10624818636360667,0.5273627156122256,-0.9633848558612197,0.5571716138710899,-0.9271623339670421,0
-1.2678034599500683,-3.3740932474910132,1.1306415029288914,-0.17646372775811886,-0.08242464873143357,0
-1.9266827718652613,-0.11678411514612258,-0.06721971427218039,-0.731186600101922,-0.7056938002699333,1
0.6053550806822223,-2.668513753411737,1.6224080774547731,0.013018683764062195,0.09130981050709953,1
0.7814921651639578,-0.3097525550479018,-0.15428689905783607,-0.9235600675281674,-1.7121605871182397,0
-1.4977581602911225,0.8243043877977084,0.6728700354538619,-1.0010978216574942,-1.1464732869120224,0
-2.9717600326293505,0.25319641282681343,0.0898868917979706,0.18596108854502277,-0.21709481085479182,0
0.581267329573001,0.22381266342231002,0.8079977366119308,0.22923317923333225,0.1270151075111082,0
0.20709138090795454,0.7765706073603476,-0.12986092805042448,-0.0278123628773225,-0.40843536847013057,0
-1.7998901203076707,1.9009645369092043,-1.400745076659877,1.5487525679883127,0.5700098706546352,0
4.617983060428668,-1.3531041433744506,0.44023715068727626,1.6359060109898782,3.3644007160720903,0
-1.3920455132763505,2.196437042199985,-4.783904383807304,1.0551129838068651,1.2648616661335108,0
0.22906699271874278,0.2828030984051716,0.7404785489354188,-0.04440857661861515,0.7548049495803921,0
-1.192616736801145,1.8304626057620563,2.8019997752297505,1.1731350600808081,2.1622000847180947,1
0.4460207524289835,0.42886936160430345,1.630852893731882,0.47352351810486,0.35428485640580915,0
-2.9064567623696687,-0.6682002056493029,0.4854168327938986,-0.5223762300008398,-1.0536174544312653,0
-3.219724984883523,2.9277365424961284,-0.5705629253806364,1.6627035910137884,2.744034144665065,1
-0.4929451603710738,-1.4411782933998563,0.19456665117552174,1.19227101001484,-0.9298976501439992,0
1.8895253202210653,-0.6963504414532279,-1.1949751872149528,-0.7270199352728293,-1.3963968611749726,0
1.7960765693142633,1.0719731063240057,-0.11821722003944043,-0.4162965822490019,-0.8711011666709924,0
1.8452948050913045,1.9722343238330964,0.332059608750084,-0.5749549444283091,-0.82670599053509,0
-1.2646179908423936,0.3310625633891575,0.5598557831494217,-0.6656912403696749,-0.8825736911499931,0
-0.7733833000120955,-5.501537363295076,0.021899372794250235,-0.27351987061461464,-1.2727061660776713,0
2.5599181511941618,-0.8906842191487712,-0.6962106620673855,-1.5172264541367801,-0.933266652876287,0
1.7146946393668079,-0.6458788663925665,-0.5680306963649611,-0.13078824031637934,1.1008992340193733,0
-1.6756683100417982,-0.5496413244770889,-1.1092419270023512,-0.3167213102317826,1.6917273425172783,1
1.970143907531978,1.801026819649996,-0.09324652078377693,0.3356259604663969,-1.0428435995068068,0
-1.4485860734454579,-1.6226980836827436,0.4606052142488105,-0.48242726522474433,-0.5762002215072862,0
2.6613357144197662,1.6937681367953896,-0.018677193583002072,-0.9363774565241777,1.1680168615359072,0
1.500896629736569,1.3805138404561001,1.780195530940761,0.21475835314705558,0.30783151370619477,1
-1.1327687670089972,-1.6414109613972843,-0.39892631354472347,-1.32982298819532,0.08082727647085754,1
0.9475121343440267,0.37545749059102396,-0.0979621770699896,-0.20503719977877966,-0.48895020906294956,0
0.2952220527330857,0.9414019992523273,-1.2081789612200058,-0.08083834699914294,-0.32030832211460514,0
1.6797330435922948,0.9011530266959085,-1.2803062814059067,0.11686594137361175,1.4684888523561344,0
2.151484016278278,-2.688304555554144,0.820614289722285,-0.3020865251891956,-0.7285240453877893,0
-1.912626622197844,-2.417314975148756,-0.9886912626334365,-0.43752369865304,-0.4162795243912986,0
-3.654788646576359,1.951704901493892,-0.9422811413496386,-0.41887575622670775,-0.4544436195483349,1
-0.7438671756809234,0.8415721924903903,0.9276625182767593,0.48721328444639367,-0.44008372020148734,1
-0.8115415101361624,0.4733738929142687,0.7422500929449545,0.9685815801456905,0.056112651761939907,0
-2.628238259086374,-0.8812674496172584,-0.03838176371661554,-0.3782824134704926,0.5958417898063234,1
3.8476535432164374,-0.16325042655900784,1.4170998232438812,-0.09478736394227484,1.444760262501696,0
2.5438788930831313,-0.13369291570949993,0.8000702480835644,-0.8446848809256502,0.5746340469715657,0
-1.6076420101206303,-0.22029248198867146,-0.13965398948618166,0.2695990089899317,1.8986800071198573,1
-0.6698444599496063,-1.5588006735638702,0.5011137467506459,-0.40547859522934093,-0.8604783313435634,1
0.6718267080737959,1.4933841308746734,-0.03421940508591513,-0.5896763379259409,-1.5713450221905079,0
-0.7941798626570865,-0.08494631922000458,0.4144432011907907,1.177998096214093,-0.8002458445212633,1
0.19182504638531234,-0.8349544854046925,0.5341888144220566,-1.7457792321753975,0.022228727717698987,0
2.601833446225339,0.8362718229814912,1.3241317501822296,-0.27341684738353417,0.3278972092853951,0
0.7363448711979881,-0.7561874830948984,1.366346530646186,0.25941024662074286,-0.03728816655312946,0
0.988236641831005,1.7287816275253003,-1.2542619227289011,-1.0270744076753224,-0.5892875064391309,0
-0.029681615231319243,-1.2907349458625388,0.12537271831661273,-1.0243091924742562,0.4647440512519631,0
2.5925920025760147,0.9536546241632305,-1.2841725998158682,0.23411127758695754,0.4149385615879966,0
1.978567238808307,-0.20914531471865205,0.6561736172620357,-0.6995172278037277,0.6265909680330374,0
-1.0224604291147268,1.6035544194088251,0.4171966356883835,0.9120413958644673,-0.2974593778337029,1
-3.3804832223932295,-1.045688271020783,0.3893731361111985,0.41008163019848465,0.9801340758683722,0
-1.3230495837491298,-0.9061656174278793,0.9641801579899983,-0.02713306116621496,-0.5849156945381507,0
4.456729024540084,-1.5878822286598289,0.5839552543224747,0.708825215287807,1.8253388506304618,0
-1.804067007961357,0.43447669155013885,0.4649825317756517,-0.3893782241680073,-1.274598949881962,0
-2.644425270677423,1.0101080572682641,0.2945647189787734,-0.00801409005162553,-0.7980195941451682,0
-5.563231771209308,1.1732899365105955,-4.068471156146084,0.08789443318116202,1.3403242798345356,0
4.161171735191822,-0.3849820689329343,-0.25238430545623025,-0.778238783171573,1.1907977517903652,0
-2.6071646001475406,-0.011818779746746525,-0.14685240614249573,-0.349512878732327,-0.772193278904921,0
0.16654065263351497,-0.062218672981969404,0.1645363977832209,-1.2297602207372267,-1.8350688673784246,0
3.1932932269228864,-0.7729583845231917,-0.24014870969693014,-1.1287531260155084,-0.5291795790847804,0
4.772243707334933,-0.7206238812232432,0.49924830800944847,0.06530288669440477,1.0479061460232706,0
-0.6824358685299081,-1.2621524782088864,-0.33623316945095677,0.08571938303639191,-0.02764967905348515,0
-0.059651630064524744,-1.239854851905701,-0.8579165664276862,0.10063384494891038,-1.1260251766171956,0
2.440372690484987,0.7608791947679177,-3.5959055174914507,0.32867030075740933,3.084420803705144,0
-0.10984761984561525,-1.435335163405851,-0.3165278160525482,-0.6989022834203988,1.0449930657492028,1
1.1277732533072866,0.25087474985625696,0.6442518318850804,-1.186136794529281,-1.1094707331015234,0
1.7009124065849375,-0.2243910277144305,-0.5355097503481797,0.39739618802745363,0.7631772207672705,0
-1.9086975972639084,-0.5205462322081663,-0.401835807613119,-0.5000761444942973,0.44574810025549577,0
-1.8404990127484047,0.7224571415525808,0.653922517565526,-0.40944124408123656,-0.2763587292823675,0
0.08595044035180013,1.4476885124275882,-1.3222056385923788,-0.75934350793088,-0.742654246378932,0
-1.8785449411456774,-0.04501092804425642,1.312881870289827,0.8147792038078253,1.6807825937237892,1
0.9760412807811198,-0.21425101667004784,-0.9502914382792632,-1.0356722367182307,0.571530581435437,0
-0.45763916967939,1.11502698425136,-1.483766339765054,-0.5190855186609847,0.16136650737896227,0
1.9827039104072732,-0.194488893527431,-0.12618856623045122,0.09713284996178193,-0.06005335260512332,0
-0.23181793026840403,-3.608109674694293,-0.14392823235207536,-0.7595710506309523,0.41838280499302805,0
-0.21876232528590783,1.120520384587347,-0.26153643877368143,0.376761317955193,0.43213057238716784,0
-1.3242025180328207,0.11325267793763061,0.00385504195376478,0.5489763542939206,0.5515955736718048,0
-1.8238577385847523,1.8705031959924268,0.8516707827623462,-0.026177511202653138,-0.669466073868809,1
0.2601142238323153,0.8173292856637365,-0.5160909246449163,-0.981114958016973,-0.8045317236191868,0
1.089482838222432,1.5746905047761064,-0.935088477993591,-0.8260364015928371,-1.1773181319168646,0
-0.3721069214310987,-1.7914360040792268,2.489919044635696,0.25263891282860285,-0.8539090609332274,0
-2.3215972502466893,-0.8509157265343735,0.20173533541727534,-0.6154436670941852,-0.04144793617686933,1
-0.5870839936822171,1.9398301671765488,0.06598214020676452,-0.45134709628107805,-0.2505117317359287,1
-0.8411864319088803,-2.0153614864809715,-0.3096405568576702,-1.2217150566421202,0.9232647953876771,0
1.1427214613798504,0.8799192383343735,2.152850655075444,0.49913324659465813,0.9008551883670062,0
2.787874989778007,0.7494075293437857,-1.163527783137975,-0.29441204250050795,1.5037713175200158,0
3.3940488444452814,-0.5123042427036412,0.5603578109691428,-0.7300960002979672,0.5275480820234842,0
2.0501233179033447,1.408782384976813,-0.2117540754577483,-0.7879206355438394,-0.9553687616262444,0
3.213250534958447,-0.888153371669015,0.12262409143606247,0.023295299259682208,0.8001548503890767,0
-0.5155506608743468,1.587238816052533,0.524485065722388,-0.9172721637499015,-1.2960831837859519,0
-1.5913165689221904,-2.7311683994895715,-0.8345061223942248,-0.275625567030697,0.5758704907430867,0
0.053451104834908794,0.6508763814414245,0.27057061025749,-0.8216107755713354,0.4834742230003339,0
-0.6934496852090216,0.2003283305956003,-2.586341408720569,1.2086132640072158,0.015376510201975883,0
-2.0138515760274,3.04303900359753,-0.3734056263110167,-0.4279587339802409,-1.2579307448583925,1
0.7539777815052279,-1.7849491305968064,-2.6376205987918016,-0.5107194070456418,2.255931550104539,0
3.221119261025754,-0.026757248728640996,-0.7108593072427748,-0.9990752916028852,0.2417065785790003,0
2.814286516892818,-0.920790951617906,-0.8842013247744234,-0.04979967042867138,-0.04793910963307561,0
1.7662099705713525,0.22776577277002008,0.8226361811482921,0.004892128825643247,-0.004406000623046001,0
-2.261669062875747,0.9446554941829118,-0.25218984269998546,-0.1438917909574724,-0.29329599387406174,1
-0.0406597123109793,1.7798045193019179,1.5790588364594313,1.6172686048355387,0.6167471569796996,0
0.5595299877952145,1.2775263057696014,0.3963699372855012,0.7828821378757601,0.5851078392098502,0
-1.6015337332201638,0.8103969010777196,0.6582209746181747,0.08346168571412864,0.8585524757464027,1
2.144708329635406,1.3487046058802914,-0.266234673329808,0.8707343476004745,0.6959932597396545,0
-0.158087634885675,0.6471078562432425,-0.08427236382479901,0.36532893694144347,0.41292333106087575,0
-1.5258228929492794,-0.76763330710531,0.44957037213989826,0.6520565647326849,0.41929556448415317,1
2.334726819664557,0.7465695270611145,0.5679734763458203,0.1420238323845125,0.18616462888482196,0
-0.5579757313783009,-1.3406756963671227,-0.6725057430724948,4.696203635011806,-1.5509197511303854,0
-0.1338081366222124,1.6200652787332237,1.7307471269534231,-0.10174263666635408,0.8974303329360223,1
-2.686468894660208,0.965940450003888,-0.5529708902575826,-0.12162057420202715,0.05912510788378639,0
1.422079150828931,-0.5118060790642384,-1.3105694977151083,0.25864776798995454,-0.17439497366805262,0
-0.8922063155858585,0.5048413575909504,0.8161128677858045,0.5519054646025664,-0.2222804279059174,0
3.479998441769509,-0.25007113820650373,-0.05521495699294546,-0.5195112509779656,0.7817651061556314,0
-2.7571427722146917,0.6342179963852906,-0.4096124885805512,-0.04465584429504468,-0.14650327832140772,1
-0.9509814868022961,-0.36754915465043775,0.3462085501487699,0.1549169141172519,-0.1426292930984435,0
0.7645082244262097,1.6058492014115604,-0.43138596869431467,0.4379461425198792,0.569730821212058,0
2.701409051604041,1.2172439559786357,0.0684082980773895,-0.6205989040655085,0.5860248586001494,0
-0.869550509359357,-2.0117556958277394,-0.035397482566820015,-1.6464192509426885,1.2342208108127497,0
2.6541439596798657,-0.7746705338396807,-0.6523543604076297,-0.76585040491799,-0.5340614471997785,0
-0.45935693985999904,0.1125571469260244,-0.5928556689566756,-1.148598729708941,-0.504542373243493,1
-1.2439352382227384,5.340616267790713,3.8561083234999027,0.020581228933962567,1.089606267366237,1
3.96501750786597,-0.649001740182802,-0.7570829937164829,-0.9258688111018973,-0.09881375349332353,0
-2.55267855570583,-1.169669330442212,-0.3545093995603888,-0.4654923227411019,-0.7470063682639582,0
-0.7632204883345781,-1.3617034712402187,0.4160170106313681,-0.29217647107716554,-0.5112332573978166,0
0.5091274215148499,-0.934170507009304,0.654476563647046,-1.370608078402272,1.2724874630240068,1
-2.2424846972374883,-0.508965279584847,-1.0829957779995247,-0.25658010248751395,-0.0001773946855665358,0
-0.8683838916343632,-0.02731655730185512,-0.20285688909250457,0.2380614433896375,0.40069662109117526,0
2.748339965913354,-0.13434788334547,1.736500970602159,0.6081754914340448,0.05877851451520081,1
3.0991228026774738,-2.1933399533829885,1.4428665294591272,-0.4000895099707694,0.11676356290704396,0
1.5622852377750849,-0.40265151778191804,-1.5155917587824137,-0.5901139855416643,-0.5354498237714752,0
-0.721459014910248,0.39999590755035663,0.6576208419295132,-0.08064721472120699,0.10053322606954881,1
-1.4901952419731974,-0.5399026296469873,1.2028851261269207,-0.32304112207053115,-0.1583628876669342,0
3.0977896709399766,-1.0840804038845846,-1.3695948451568882,5.111988383025796,-0.01281156147434851,0
-0.4812438767461679,1.787678704166097,-0.01298240553505804,-1.096890102608867,-1.3109671956276014,1
-1.0210399223137812,-1.0467506728010967,-0.8314681554081929,0.5241910130353536,-0.8283869870500966,0
1.4637666523833117,-0.5815449881535733,-2.9663615297751176,1.1596974497308032,0.7716944663191523,0
1.9699448526053054,0.8073063624508603,-0.2324957544501995,-0.6876209074588532,0.05282070141436972,0
-1.5291884993334237,1.9769511214260274,0.5932273445932051,0.5259652953164542,-1.5340934233526131,0
2.0709369279397944,0.6872469086512977,0.5575518039220559,-1.6058361571138677,-0.14512063834947397,0
0.0822189456280145,-0.885407770856209,1.99869800874913,0.06123617986855761,0.19621939173329928,0
-1.1764791731781512,-0.42626890552411695,0.5516840694453835,-0.3490222586295422,-0.7980102678148051,0
1.168810854847894,0.15123410266869944,-1.098816111047052,0.4074520060627582,0.6323219622736768,0
-0.30647494841374606,-1.599160560990594,0.43674197999690323,0.9604427508549818,-1.1257405346199423,0
1.25783481069982,0.8343664880695835,-1.1076342944645552,-0.2518437598238385,0.30915780075856425,0
3.124794406145943,-1.0552663521265528,0.8846868757597475,-0.5065042315507803,0.3225404277836973,0
1.1016773990751303,1.3599441772693956,0.885304018674999,0.06537368216779174,-0.263792058795833,0
-0.44814938997297,-0.48246907348062384,1.9424506991122332,-0.4869313508784465,-0.21859062899333856,0
3.650817549852785,0.9544898382410065,1.6899800438723709,-0.2683934388863887,1.1788313376650914,0
-2.7413547957881783,-2.031915743553597,-0.43687930393989777,-0.48743198790294023,-0.17982215605957946,0
0.15768034740393458,-0.36219704457261587,-0.15961966332308164,0.4493454238458641,-0.21027422896770814,0
1.8643999896699284,1.1890266725027203,1.255679731172125,0.7808194722755498,0.45485753253617905,0
0.15095081647121564,-0.18171367082005838,0.9598693937689519,0.49629390062002077,-0.39603459835553234,1
2.8203053150047404,1.945391530955238,-1.6316711880025252,-1.2014699291037576,0.5738870146651427,0
-0.4929451603710738,-1.4411782933998563,0.19456665117552174,1.19227101001484,-0.9298976501439992,0
2.0742203076352466,-0.15356560116025744,0.5828217246790555,-0.5197157615209826,0.1524763988849278,0
0.4883506725326708,0.6474424162187477,1.72826839087543,-0.7358658494773832,-1.0596626080400078,0
-1.8560508474502464,0.08834993708511221,0.7978568738116542,-0.559790151346962,-0.2223784330426698,1
0.2037028936337819,-0.4608443868181066,-0.3649011711851799,-0.27476661085068765,0.4444622810221349,0
3.3894622501191143,-0.48430416296163276,0.39932819201343317,-0.4831595742772354,0.5647814247207175,0
-1.644306768573267,0.9598993896509971,-0.17962964491450678,0.18347793733929232,-1.65126229424958,0
1.510690673896662,0.25423303587000073,0.8185390575748022,0.4317681618471042,0.08854267894499215,0
0.9807801726710608,-1.345044982708981,-0.8060303378283387,-0.8797478272618394,1.3994707987632196,0
1.8062914799965704,2.275005544846507,-1.1728552687860911,0.11775814868455077,1.5465151408729632,0
-1.3087934972714461,-2.0091745424941228,-0.06829404833041255,1.2194015858357559,2.1465368546009334,0
-1.336106913858722,0.9730935832934046,-2.9442492442053694,0.2642530749928343,-0.06446781959909943,0
-0.9362095627039069,0.38019762452299766,0.7723222605322891,0.3454641178208,-0.44391329168517063,0
1.6355616625764773,1.0502469800526708,-0.2210043868764303,-0.7442481777942228,-0.18055157212498552,0
-1.038590058891265,-0.22665007038487528,-0.3666591746151905,-0.4484713060276379,-1.0539321819117957,0
-0.8727588942720899,0.5463158587840838,0.6573596705205682,0.3253066600474468,0.4099864527557795,1
-1.2689220042331293,0.799025020334313,-0.6857684914901577,-0.014322563021178476,-1.484048124134154,0
-2.2325588154228644,1.4091720250341442,0.14561237538810654,1.3037699237768392,0.8960922818763669,1
0.9540411009015601,0.07032545284124826,1.353860222485497,0.9218449890496327,0.2779008227256912,1
-0.9732883791610453,0.9655476893024474,-0.9099406708425851,-0.4657612209682523,0.7120750592740278,1
1.4317838004407386,0.8811162660525602,0.25065374490097947,-0.5309465516499778,-0.8622264215658708,0
-2.0508831214777263,-1.5225613086771945,-0.047357462558804665,-0.47198743368202933,-0.19560651698982454,0
-0.26300485510778976,0.652840705914663,-0.7006993395128865,1.365292983639386,0.15533479120968388,0
-2.631780103172207,1.4006010206815873,0.32956539686587866,0.5584292603475084,1.093904310912555,1
-2.6671026404948757,-1.0796448504365637,-1.260753248093598,-0.2790085258857222,0.6178074451595237,0
-0.9918012419227122,-0.6354875065803234,0.5539093555704461,0.5023348325234853,0.29632078613759016,0
0.9409592933373827,0.46904974243324593,1.4662308197833847,0.860956451967019,0.7330292498875732,0
-1.2113856206539864,-0.27837046364865636,-2.1328202774270246,-0.07808410097087574,-0.3932731853363286,0
-0.4894631831586991,-0.5395729742740625,1.817406643259396,0.3147420511256847,0.29261465327452224,1
0.8378308692002476,-0.18874296364060064,-0.7957403130633757,0.8352361636914025,-0.17895915431674148,0
0.3121020993326849,0.8448873275151485,-0.7078591072824243,-0.26704799882269054,-0.33527071106075534,0
0.07392430066369286,-0.19897639855556992,-0.3264808887111779,-0.7023746826129762,-0.7254750755019622,0
-0.0039761765659772795,0.9909561521539875,-0.019144799586501737,-0.04633805384338818,-0.18031987993313087,0
2.6042171684278403,1.1031812347560495,1.7103803363087462,0.500496916192532,0.012173996304320308,0
-0.6142329321741767,1.6060566213994745,-0.5332941707529189,0.7183112585315874,1.029505822642938,0
-0.3202335557299689,1.2991664879207392,1.4765182521033873,-1.4677775619399334,-0.18824164530795245,0
-0.6568176800096354,-0.46466825043876075,0.2717692059557276,0.5370573562651021,0.08922412897444022,0
0.2037028936337819,-0.4608443868181066,-0.3649011711851799,-0.27476661085068765,0.4444622810221349,0
-2.351519012123119,-0.45491404306438954,0.6922251382461606,0.26135546246428193,-0.702419550591559,0
1.1711848860221472,-0.7857207094069439,-1.548030395586947,1.565832118996989,-0.35622543258355926,0
1.6809219834307496,0.26393762942551585,1.1282219009753123,-0.293264042391598,0.35788530020018194,0
-2.505982854249622,2.151526320952837,-1.4696371472171104,0.7604658227077785,-1.1971985992513046,0
-2.193913869480622,-0.6376725583628449,0.06842153991528442,-1.1186929076873633,1.0118496890901318,1
0.2028292071974993,-0.38761656968203906,-1.6143335925862603,-1.3625973048566844,-0.45256733400713334,0
1.1345223086702994,-0.744942282211518,-1.3784103983975704,0.5117068860111643,0.1168063065710217,0
2.0974477824645423,-0.3817562502074498,0.18162086409196018,0.08897400766897168,-0.4506904834018201,0
-0.14316292175064704,-1.107528611486419,-0.5334364918774963,0.14250928565625232,-0.7191616879076459,0
1.6194318484096828,-0.6848611052432897,-0.29917305317537873,0.4764865308953319,0.20100861055230757,0
0.1334939983582464,-0.9773110891244251,-0.7107001954767531,0.18149582159272287,1.9923710273989172,0
-0.2969599325140115,-0.184300850364699,-0.4718878417686876,-0.09600797697225011,0.6463620265084694,0
1.7567560484649,0.06734284866781208,0.6740290233770028,-1.0621105677618885,0.8524292447032098,0
-1.3721817787202253,-2.137489650397899,0.2993877947864348,-0.46789307383806106,0.32978232660434426,0
0.6794932643023296,0.5922947091840652,0.6329174590321156,-0.15340602674236675,0.6719162244326073,1
1.200220911131146,0.8678450581591061,0.5481772450550043,-0.304009147560068,0.24486341661591876,0
-0.024146653837913076,0.30933751683081506,0.8817059985056888,-0.20568063342971835,-1.235784615621073,1
-1.330035442501629,0.012433898729122895,0.3587364016624187,-0.27338033587940525,1.4828063782006506,1
-1.5783176232954013,1.5172451543998848,2.062143399214296,-0.12554253670952933,-0.1969406242326805,1
-2.1379768809106103,0.42367908687262523,0.3683510255817082,0.10022298158042874,0.9044029622981978,1
-0.6971388390949697,-0.49430247437655483,-0.4956569265932271,-1.0033749277139368,-2.1595618228701543,0
-1.9549861284518757,-2.575187525133274,-0.22779402696405576,-0.1509762098225411,-0.030981721351501124,0
1.3479195784776623,-0.6464605194413224,0.8696136481952784,-1.287959165196858,0.19296494332092637,1
-0.7333141493034779,0.5383618511435544,1.604336295139472,0.479303335729984,-0.09540861447135897,0
-0.15144731084829077,-0.21529681644989704,-1.199165165850682,-0.970943478673064,0.7875884052558576,0
-0.8342798479759356,-2.5010135069316086,1.0833729321842887,0.6341885828852792,-0.22259148129178064,0
2.344134607815591,-1.0029204907573521,-1.6889057696437715,-0.3579719273536584,-0.7928998084689172,0
1.5479042528549176,1.6300973594060604,-0.4265418578893939,-0.8765793400170234,-0.003753752837115188,0
2.935723923376465,0.01558638338502046,1.4375992781783202,-0.025964929069240004,1.3026819456642593,0
4.123549126754874,0.6621389949882431,0.18086568028636765,-0.5454124891903994,0.5568544082703876,0
-0.5128410726215077,-0.5648146246754003,-1.717176136497314,1.0646020360812063,1.2692382029896754,0
3.7823213270840954,-1.4997019633953734,1.674759837214806,0.24403734216567352,0.45711069654122627,0
-0.5417359364960277,0.6804961220246859,-0.6834415979573745,-0.5178216583281116,-0.11747299567461411,0
2.380680609323215,0.5070057093754899,-1.6553095167479617,-0.07769482948865815,1.4561159470460678,0
-1.835434934679479,-0.6054965577328678,0.983973621158982,0.3271625895664187,0.6178288955242502,0
1.7337686005686295,1.4079594918207285,-0.4016190311040123,-0.32394974307515473,-0.7239152268250933,0
-0.2980122811052213,-0.3133743567240843,2.6134051666810616,1.1649691575250294,-0.3952030320272568,0
-0.5619245078932243,1.1989407312590064,-0.5362218815483483,-0.20429577029534404,-1.0526783908990462,0
0.848538122621597,0.5030558691132393,-0.51617457143137,-1.6864670423768848,-0.49019037209249555,0
3.034617287836301,-0.6432181666591446,0.05008808337118176,-0.42911114707724446,-0.228171367505184,1
-2.5195495238772194,1.0351035325232776,0.5919636812009915,-0.3623642722920012,0.7481534500763711,0
-1.9319519780821703,-0.5479817694917621,0.8816664154523509,-0.12300772503484117,0.5503214759038229,1
-2.24504323530035,-0.10640602997103212,1.0992468511996947,-0.6133495826071378,-0.20038196039869177,0
-2.429831080478573,1.2788684779144912,-4.204922568402249,1.0323375309203657,1.1096749468326728,0
-0.9990511423554531,0.3452177081490733,-3.304709824344242,2.2011851122965544,1.437934730209455,0
1.3163937778802304,-1.9703028266024956,0.6394366864586619,-1.482222960217258,0.09494092164350083,0
-3.513756338625039,2.307789091065813,-2.19343479359962,-1.5131325075942628,2.5827457273226964,0
-3.0010489378139757,0.41940178297171044,-2.143924456296776,-0.860965043219165,0.5400377987170313,1
-2.607804577689242,1.0812106183119046,0.17251596485074525,-0.8767202645999219,-0.0643638193308645,1
-0.8115415101361624,0.4733738929142687,0.7422500929449545,0.9685815801456905,0.056112651761939907,0
0.6169984919859596,0.8100088101323756,2.5475595600352023,1.3042357191879228,0.16059474123262119,0
-1.9693214318925365,0.4895302837796308,0.10868091859498355,0.7266800374988163,-1.0494228231368483,0
3.152163445012836,0.9655441319604581,0.8080025392731469,-0.43538541957952026,0.8161974350750132,0
-0.8749014415119378,-0.6018395046262259,0.8707476173900689,0.42254854437933304,-0.34552265001468846,0
-1.1904096795705408,-0.843882372131669,0.3217860508515872,-0.2631517228334511,-0.3213632745743236,1
-0.24454466916602147,-1.5065991676776158,0.3961526630790646,-2.043483680055724,0.1753802199109931,0
-3.8071563973146882,2.986556218935261,-2.1402546714296413,-0.8900367173816246,0.5276637471715478,0
-1.764969539953415,1.1361249852686812,-1.4597892681336273,0.3557078049499361,-0.08472042432619704,0
-0.9842462924938307,-2.266483756798669,0.540722670526051,0.3109186068384868,-0.8229226068767359,0
2.0041197245905265,1.6880599217751748,-1.5687834402501477,0.3247589816874687,0.6684219049560948,0
1.550859198163666,1.251924482173967,-1.0678417341901045,-0.8258088316991671,-1.4920277475547212,0
-1.475479568754764,1.0406765976120624,1.0609982210569473,-1.3429757440018286,-0.9631613054713524,1
-2.864746427348747,0.005753498498834564,0.4587554044237272,0.893353066764253,0.7723693157792955,0
1.829494200249128,0.11201032882254633,-0.35406690076160696,-0.8982169509837336,-0.24444721284040474,0
-2.192550555245556,0.8904684983372433,-0.3220778036989944,0.33530408504106773,-0.8433022943721482,0
-0.22587983596353856,0.20456247348205478,0.002176421232826074,0.21864051628470016,-0.03772742718037527,1
0.9237136439007488,-1.765911030069651,-0.03862077954462205,-1.4072652635046399,0.8728202465811367,0
-1.5318265917139267,-0.06490789741721158,0.6753450002865393,-0.9432825625553501,-0.5200704754037508,1
-2.2787019849944126,0.36179043376867914,0.8856695628209097,-0.08264193952318848,0.796077084414113,1
0.1828255192654896,-2.9850110835827905,0.2854846762684964,0.29258414505032987,-0.5201300927629959,0
2.0581237286058567,-1.068470054469766,-0.7702302530770989,-0.9819967525720806,-1.5455414231586466,1
-1.6174245139004555,1.55284323335057,0.4800871890028047,-0.12975919697605143,1.38712346156737,1
-0.33253471087050795,1.5107578014095882,1.0576510641222048,-0.10209716919284417,0.02627926926708595,0
2.253269511064877,-4.862655098238406,0.35922153843160753,-0.09912424510629357,1.0870262196643243,0
-1.589904605419145,1.2517347948701454,-0.31240464975015775,-1.5940731712301484,-0.8387048822949971,1
2.3396076606385874,0.8759546866953893,-0.28034805201643814,-0.4503395981128593,0.19957814447091382,0
2.3244497849909895,1.3011836343634073,-1.149468219769308,0.04957698899802125,-0.16353042928347547,0
2.588746762217646,0.2617047582068402,-0.6608465330515135,-0.07483576459647946,1.298345794338813,0
-1.3838427260012507,-1.0214029192366123,0.9148764708519024,0.5047594702897821,0.43883688007611676,0
-1.2923155607066574,-1.3527006591259836,-0.704519255316927,-0.26340081524899195,0.5032464616760483,1
-1.684908099079767,0.025232108103889907,1.1630097042484222,0.13104681272918442,1.64660467402047,1
1.7403077555629878,-1.232937806990094,0.6778031516887877,-0.25368667888594865,-0.666384881057353,0
-1.9856572049248362,-2.48475205681081,-0.906661718995953,-0.25217644905943015,0.6020708273245176,1
-1.7785838175158724,-0.27238296082687335,-0.005869278468165572,-1.1016650766451652,-1.6301996316235787,1
-1.4969375865774397,-0.4338625385157004,0.39110272053219747,0.36973244310458087,-0.5743941812690482,1
-2.592972774834863,-0.7907082108856521,0.17678252096274427,-0.15500360300693572,0.9648262957621603,0
0.9079511042082824,-1.1250233895632853,-1.271363267356104,-0.6012948747687991,2.121165502538063,1
0.18263851899506747,-0.6967846116994332,-0.9952641520772767,0.16072952920596428,-0.23448655380580993,0
-2.2531515705208616,-2.6150732566281674,0.5594316476808937,0.4901581570670449,0.6625307262940041,0
-1.3410643007138665,2.0257334055153153,1.0151204171060173,-0.21415523984724852,-0.30844323162776416,0
0.2814097664151147,-3.4579283332300275,0.6751255963688799,0.2264303416697881,0.18501615003620897,0
-1.3644085869643954,-0.9325028264530334,0.5009605779520594,0.1912194207868894,0.29391565355237087,1
-0.22144847768749334,-2.13507085779627,0.2060557834898814,-0.5048283790148471,-0.3597407594873358,0
-1.5457471948640984,-1.0973477658989528,0.5108185337624923,-0.10185810864485505,-1.168101938190092,1
1.6932559658829651,1.1945862493949897,0.07933129769690069,-0.8060254078959872,-0.22912150886115834,0
-0.10878630554470987,0.38045287393063143,1.1944806074351626,0.17020157515448,0.48115071297164863,1
-3.182974787652761,1.0372689178935317,0.3325474747511643,-1.101181721613844,-0.8406472034908825,0
-1.040742691361109,-0.3183590528598869,-0.022238536161330837,0.9054248277879269,0.41588016974711733,0
-2.330830775474268,-0.576549353916,0.43856116370011905,0.37029418851895934,-0.5288252439019882,1
0.2735808883572291,0.8029247758287499,0.04172170738489792,-0.8119958440346166,1.0538689444707205,1
2.8545638585969892,-0.873932927155753,0.5303900030090855,-0.5857191223165269,0.0235835571725171,0
-0.5128410726215077,-0.5648146246754003,-1.717176136497314,1.0646020360812063,1.2692382029896754,0
-2.166921526916068,-0.3929187369382326,0.2580763361329049,0.15701271370540504,0.6916277589179571,0
3.0448212405326442,0.02961590348013194,-0.19696183822932323,4.0655932432668225,-2.210500308212589,0
1.4050288569438616,-1.1908291124105774,-0.13764449893088612,-1.1269727093151098,-1.0146279009344839,0
-2.008758504932652,-0.9565062935117787,-0.2973428043242629,-0.731984611164904,-0.5951091831159987,0
-0.02384712677609651,0.7117746961376679,-1.1663947909485015,-0.14409724540388932,-0.3443659544260625,0
-1.4989156992611838,-2.3129502880049917,-0.006101387085707503,0.3361478929298354,-1.1099802823250486,0
1.0484161788665065,0.8880182778604327,0.891153548638436,0.39569392921574176,0.09358086833256685,0
0.7316745762088197,-0.8153334419115197,1.4864905672022215,0.37718189844770594,0.11922490689960845,0
2.248326227167245,0.620333992222871,2.454319136865695,-0.10443470340055518,1.1225596660499007,1
-1.4179197708053521,0.005675694177361964,-1.414884746674759,0.48679368148533403,-0.6771243314862867,0
1.8348476869574606,-1.3124475352380283,-0.2780634213521744,0.03597370560385792,0.9198239882806307,0
2.4195883840768797,-2.261240871768276,-0.07547356211059784,-0.4223051736132157,0.2796987873422327,0
-0.6587675402865966,3.411795101037576,-1.3096199113295137,-0.26723328911593325,0.12792733672226994,0
-2.040180890083864,-1.3872237551998177,-0.5141155608504071,-0.6785573318149775,-0.4845453259486884,1
0.5784587226010967,-0.3615809926464629,-1.4264367140012026,-0.9120441637859306,1.7683299853061019,1
-0.3917310821937369,1.0996002832088874,-1.6181321957516344,1.9146590912586687,2.3428945398995076,0
2.14280662399641,-0.03983861968159006,-1.1970893143793349,-0.8685415591441571,-1.2416072935684397,0
1.8031839992513041,1.1218463744823954,0.25754799510530707,-0.7187853746081957,-1.346074390313845,0
-1.1145514365687013,-2.2383592328478423,0.4113688661217991,0.05856912550008589,-0.8593041199150466,0
-0.6462034472991329,-2.2079563551231964,0.29023118122163016,0.22994021286775543,-0.19128609518297104,0
0.9515580575146961,-0.42575277863611066,-0.4123444872944603,0.5791981522466099,-0.0019141894572304121,0
1.4978495682037443,2.066723441253684,-0.4647092022904487,-0.30577818468519546,-1.0796069631671565,0
-0.43889008629175813,0.8050526881710517,2.9887990892983423,0.22002235733637177,0.6976272320744016,1
0.7778726277405756,0.21649096829000217,-0.9141350085995976,-0.11596272738068131,-0.38724928666573405,0
-0.054906687869948685,0.8559366706925596,1.1494065486399665,0.47010016704717866,0.07398466895403968,1
0.09055041954958322,-0.504205156298168,0.8295476945444125,-1.6218317228348655,-0.4452634168644193,0
0.5476109074370957,2.371073954313034,0.4513454072735488,0.31966198333744655,0.05453293077495297,0
0.08952070771356806,0.6089264671035869,-0.9429844384500882,0.8568739642362226,-0.3033990286524407,0
-0.21736823160739513,0.7473052771875799,-1.0566309478713163,0.3508931397548113,-1.1720980631084252,0
1.980256092037948,-1.4464163070549823,-0.6470784288128721,-0.8251880893610977,0.16063244037325294,0
3.162821071348783,-2.1142033802308946,1.3706684772285025,-0.3994397721250899,0.19624444357087098,0
-0.06881659093012574,0.2488555497454501,-0.13565354632537405,0.8003153090987521,-0.3201476801446309,0
-2.0052865409855753,-0.11522636292249189,1.41539047916468,0.5744236130472498,0.4888788342715674,0
2.453538888549843,0.21993381455338185,-0.4404504196374738,-0.5454370694356577,-1.2268667483451219,0
2.42976378241804,-1.6684760890685195,0.5521927060176908,-0.7001823612337953,0.017486504572945684,0
0.49945373481587,-2.0401946833994855,1.0776908519975972,-0.5838278825259597,-0.0885856523517044,0
0.47936682125504304,-1.0823575906789198,-2.354467605092532,2.863498623253871,0.35391783765116125,0
-0.30647494841374606,-1.599160560990594,0.43674197999690323,0.9604427508549818,-1.1257405346199423,0
-0.21377115934606442,-0.0012687660039113072,-0.5977966073441454,0.3274933807399079,-0.31423701737983045,0
-0.6842747347603331,-0.2493855251889144,-1.230061398947326,-0.33904213709955017,-0.7772575221096559,0
1.8341951285506188,0.3148543135462959,0.3836388368911421,0.015543331570238102,0.1938694400276868,0
0.4744781408248926,0.6249303400434462,0.7297322738252241,0.22331236128889184,0.02129582686458426,0
-0.5239024140070422,0.7283460221887768,-0.7631687930246,1.4410529763216648,-0.6981541509891379,0
0.20845211282332635,0.49900464860715865,-0.09844669540269088,0.2230726904677432,-1.8032636863629496,0
1.2778506115560335,1.5456704157598848,-0.08316852191613273,-1.970707023756109,0.08836391967028838,0
-0.4529823074470971,-2.307138366137937,0.17284605770593306,-1.2558192436614721,1.2545504334806301,0
-2.7148812782130753,0.9062122500370888,-0.07635296313954847,0.4183608861505911,0.17290984033967483,0
-1.1255561902005917,0.7478426111662279,0.10503860796623522,-0.36502259413254207,-1.015863398496328,0
1.0830431183799343,0.38649911878926646,0.37239894637083254,-0.6531565418807824,-0.40196306241249696,0
-2.2793793418372497,0.7874419136686385,0.368781730392718,0.672906565834533,0.3107558789747241,1
-0.5692460328302517,1.0184931871942322,-0.7631560664113662,1.0448216017597598,-0.6776388062797519,0
0.09307327724950622,-1.8758849837060263,-0.07469407049285585,-1.16558890677749,-0.7491033351282411,1
1.38103571328359,1.010468733069367,-2.3987968890437847,-0.03195141818994381,0.18634638025500216,0
0.5813660701343742,-0.0852918794288566,2.121332861202248,-0.04584567979758791,0.6197084373750635,0
2.941313644954328,-0.969214170271775,0.23812052802813194,-0.2297974230650899,1.430708813395196,0
1.495479257057182,1.6546762166849613,-0.493075565787858,-0.9549415432696694,0.03682939468594777,0
1.7043134953482308,0.5187498207745166,0.5749105479788011,-0.5063865891998143,0.5039245631178221,0
-3.910371428194606,0.9429621843684397,-0.18585041207426364,-0.606961093886153,0.10257824156758816,1
-3.264593068790897,0.6725484594583777,-0.7641398822357712,-0.28087784064255505,-0.46815001581878296,1
0.31113751730590467,0.14850661729577655,0.6360269648548067,1.3071150216322507,2.9277940923953176,0
-1.4611616522218802,0.5485973367167807,-0.222052822410083,-1.3448482209255217,-0.01762642442142092,1
0.07673215025459944,-2.162578063649454,0.2565517082271817,-1.3723964604533125,-0.5328212165280802,1
-2.3855368579093312,1.5346703660871348,-1.1267718567040153,-1.1440999111756123,-0.4931240292087031,1
1.7567560484649,0.06734284866781208,0.6740290233770028,-1.0621105677618885,0.8524292447032098,0
-0.44138134794707434,-1.8381233063902265,0.09548394124823073,-0.6008144769378755,1.120752265914013,1
3.1924946217978207,0.1473307345644553,2.648748484766748,0.42629309626666667,-0.06797150591246379,0
-1.1457778779594907,0.3302781007386968,0.34819098427904055,0.32547047276990954,-0.07105062311676806,1
2.074095885346784,-0.11950783644685127,-1.5214897145918438,-0.4023122685975071,-0.7685396245146883,0
-2.4792499419578355,0.24890173252627806,0.3143012306752412,0.15091143222741615,-1.4791221960688075,0
2.2995575735987135,1.0042039866013743,1.632142330735668,-0.6020923451272979,0.22249425934300082,0
0.15486236732243186,1.403433239191823,-0.8043966461318773,0.019042201069792843,0.5291172133612696,0
1.8601731536580062,0.22078948838244986,-0.43846502700590645,-1.0027677925654355,-0.39107102906088453,0
-2.420922623347199,-1.8983053507496987,-0.47265966948320204,-1.2706474987945013,0.7696143050715408,0
-0.04122484809241357,-0.11244007241691507,0.8813398413179123,1.461030331982531,-1.353234474593797,0
0.35979088084174726,-1.1758161469932762,2.0411361884994923,0.4990050098092639,0.6541756010632638,0
-0.1501196495787498,-0.40943511238639335,-0.1857004894684148,-0.870589396084195,-0.8036008055392324,1
-1.9280955714296069,0.7926489275302052,-0.02033053522486046,-0.5523055983909737,-0.44264534424125596,1
-1.0070858596970558,-1.5560758492367173,-1.0079366098775264,-0.847790060324329,0.523778634485465,0
-1.0389612070624354,-0.1586972059670021,2.0351729062462485,0.6616324515000722,0.12628114544819982,0
-2.6071646001475406,-0.011818779746746525,-0.14685240614249573,-0.349512878732327,-0.772193278904921,0
1.485007740208121,1.349748445799921,0.8948760288004567,-0.25509196467554235,-0.056065712038035766,0
2.7081025826401537,0.09102112467710882,-0.5016898948533277,-0.8258695740572859,-1.1465373618662877,0
1.0186757347491973,1.3877074038023978,-1.074346446116375,-1.0472016272139861,-0.814398049760482,0
0.1977015841358112,-0.22063312041838162,-0.4240908292972988,-0.9171980096402575,-0.7426656153715366,1
-2.092410983362988,-0.944834050099776,-0.6305834243752152,-0.6524450657579955,-0.41310575774490227,0
-2.70354457700135,-0.21667945012579298,-0.6769625417892664,0.1732774088610662,2.2530659696263227,1
0.7603058069012955,-0.08686627714528333,-0.9554995042628185,0.5305992171750666,-0.9247490161862011,0
-0.3682646131195546,-0.8408892458866308,-2.242315767878037,-0.9479506648516085,-0.5935440536107527,1
-2.0690783475009544,2.0640959527623113,0.6034757188902162,-0.7232190966885886,-1.2635464775992737,0
-0.18738888557571054,1.5597579748781865,1.4445506736813958,0.7656080444558625,-0.23009283059584923,0
1.8054530717076296,1.1292989726389653,0.46205097376141563,-0.47999458395400263,0.1943298777209352,0
1.8276753128505008,-0.5810644697286673,-0.14663632209724312,-0.7584507710226697,-1.1816251299782512,0
0.4929992574255492,-2.676299898397138,1.5868606951191926,1.812938384878332,1.1679948505032915,0
-1.38133199690618,-2.1245071040582877,0.3049981471520529,-1.5879973740804598,-0.019927378991043906,0
-1.8287360958179095,-2.2078309897159505,0.10732499417884502,-0.047882262702443515,0.5575518956471416,0
0.5572486276642045,-1.167734680132031,-1.1517949793040583,-0.3835210730307218,-1.319707932574039,0
2.323559464598722,0.6515728241805073,-0.12515420111331743,-1.9693766649450493,-0.8858411432772092,0
-0.5514880798721751,-0.419971462379011,-1.5839591645394888,-1.1830696835445655,-0.7797231636692364,0
-1.8006168224837023,-0.4429691738271435,-1.0262162149054173,-0.1279286702463154,0.054875876617991294,0
-2.823211502741751,-0.13093863858952118,0.21388982869402104,-1.113138058451102,-0.8806351735415229,0
4.169135707227119,-1.1711890466583865,1.0540025716301544,0.4443742113014538,0.9978636346408347,0
-0.4822911792648552,-0.9368018414773576,-1.8684550387992818,0.5928497845742078,-0.1932575281086971,0
-1.7101318286971554,-0.3093463841290158,1.8493205366631615,0.0924258955044847,0.524208916038198,0
-0.7433719266219411,-0.12243670709319451,-1.828160699693268,1.4665634005634627,0.7403783125789271,0
-2.5767096356332386,1.4109320122726736,0.014532979853038731,-0.6204537979528163,0.729766148489076,1
2.1105018941993205,3.0286469073086737,-0.5525871912770121,1.6175480893259881,0.5167101674543119,0
-1.8699581870198803,-0.35858894054664087,1.4494118113802592,1.9549469512364588,-1.0146506722511097,0
1.3120231778555032,0.839337949440567,2.274187498243912,-0.3790874218466624,0.5779589837530903,1
-1.6363779049771692,-1.7718667140609168,0.41137323753553,-0.09942897498993022,0.6664280567623121,0
-0.31145937235157006,2.2080637871280184,0.6979466650438633,-0.4276325700414334,-1.4377775988269232,0
1.8985272147941856,-0.48275242066029067,0.08369152777774659,-0.9638159310418949,0.9539005276927828,0
0.15529100527426723,0.13148482969016015,-1.036455845189945,0.5579907153772524,0.30839155008224983,0
-1.2357180750404282,-1.4301562622740143,-2.116793526495651,0.31498380646466884,-0.29603523632156525,0
-1.0138379301195901,-0.5856278876869778,-2.521498370657593,0.012023443260710765,0.5167825822780728,0
1.0335508794135997,-0.23659106261682533,-0.9937659906637669,-0.09292323552281469,-0.6978069581978033,0
0.18960064821991604,-0.684297582117131,0.7453570100968926,0.42814759063280244,-0.47643071027385187,0
-2.072729509813604,-0.4885415843111145,1.3096156927842866,-0.593477128200574,-0.4066986338659036,0
-0.16616412224590704,2.4915107261960037,0.815364757138317,-0.49565584606536334,-1.2622896214423789,0
0.41480538567218084,-1.6863363917489689,1.1637614967136185,1.8796864564171498,0.4383355881931914,0
-1.8320270724655643,0.20974251212498157,0.5273441228881689,-0.2723643425853617,-0.56490107110877,1
-0.4219645468378789,-1.0522946750391176,1.2589676831311514,-0.02017823041231837,0.6504571631364388,0
-0.46731392799664223,-0.09555114633958835,0.7889786713217326,-0.46795888176580847,2.4405674384167617,1
2.190839558135617,1.1632497750187578,0.042098923041896344,-0.6210657570538144,0.09094386955675894,0
-1.7578071601395016,-0.5421580553419303,-0.40483086688012226,-1.4880624454834417,1.7932990948813692,1
-1.5828994628365556,1.0439907335888354,0.8033428934839907,1.1203032180969605,0.4146471330976692,1
-1.3053872818518328,0.7910935353706084,0.6982033042861361,-0.21043902964971506,-1.8051203089398398,0
-0.27693221853963124,-0.11111734062208195,-0.7905147595421286,0.42989998406536817,0.14082146986099528,0
-0.9207840578104963,2.6416632737426697,-0.4023610991512061,-0.05603132019399131,0.7150742902642062,0
-3.1326421369835407,0.7682197560059396,-1.2197394268267108,-0.32580738057370995,-0.7463142508608657,0
3.0045615206851806,-0.608774200755696,-0.09088419834557847,-0.466809279653051,0.9604726547545276,0
-0.25301059112634855,1.0377378025433277,2.7210556957599126,1.6248512964134194,0.7257099453358588,1
-2.176220929152977,-1.0533328592885227,-0.03526768170890434,-1.0586414729856635,-0.7152230818595173,1
-0.6971388390949697,-0.49430247437655483,-0.4956569265932271,-1.0033749277139368,-2.1595618228701543,0
2.53777209190103,4.658440354247467,2.3053069788623466,-1.7268078362057624,1.306509000507863,0
0.40340257128399126,-1.1450828414463339,-0.1892739106719341,-1.3143853601561948,0.2781902661355071,0
0.4790974953088977,-0.45693458091598227,-0.18612836404273936,0.48214814525946914,0.5246154683065234,0
1.807950513390526,0.6835486324102072,0.7167013076760711,-0.35625742913292585,-0.12539670871560044,0
-0.5673370988062566,1.8952491727234644,-0.23500900083121637,0.7113188850401035,0.10401390399851532,0
-1.7195654876070166,0.03604327492289102,1.3329146009543824,-0.06815256825041423,-0.32780180878820137,1
2.5563085648641257,-0.6007054807165201,-0.23700009449687898,-0.5867958314791071,-0.5911539775476801,0
0.3968723743528252,0.5180227649968627,-1.3937949946824437,-1.069429528838679,-1.0732644435620349,0
1.0442485117023546,-0.9523933543996428,0.3529009666534848,-0.34123706260193704,0.44882026811427006,0
-2.3406696612207973,2.444891243049394,-2.177676749643492,-0.2323421318894893,-0.6902123542361003,0
0.4865909693218789,-0.3787007927931163,-1.2767230129602274,-0.027150972554630108,0.5142839039507873,0
0.940607367592147,-1.6674797653831899,-0.0344694440875953,-1.1199989059243347,0.1976460228813083,0
-1.5163523095007294,-0.3225359409575751,0.7395990434359487,-1.2991634368953677,0.47765142621870293,1
-0.5525969274357789,0.004539180574359875,0.23139863451372897,0.2328396392177215,-0.9896883483937536,1
1.2683747444171376,0.9546682838678626,-0.4192321675920115,-0.2038570608773793,0.3006353992149981,0
-1.6745767340833393,1.7128536506115881,1.4247656616248048,0.9826435981378834,-0.15295757664935847,0
2.623129667623565,0.5484256956975961,-0.9246406687408291,-0.9328480292697086,-1.2090789344176658,0
-2.1480492140760763,-2.114288702317305,-0.2111925765837441,-0.32835117945324765,0.5008026344806227,0
1.5895251523660145,1.8854154846250673,-1.0790283654080712,-0.8411003252477318,-0.5028825486662066,0
-1.6126425776549052,0.14224168095827194,-1.552587411101055,0.5153191063932364,-0.225783000231992,0
2.2167361649935207,0.15274965827046083,-0.060778032994002563,-0.8728953544962221,-1.0671994684030819,1
-0.8347923950223105,0.3920065659469891,1.012280287794807,0.39113280424705676,-0.5180440307728511,0
1.90439704619774,0.688872060128486,0.9093283872050526,-0.12052618963771018,-0.4678084631513304,0
0.38903267326007507,-0.200912471563359,0.6971381201764137,0.019727796029976565,-0.17941998469379056,0
-0.12690926991842277,-1.1570721212163522,2.078107367117389,-0.9887383727778795,0.05207478381260879,1
1.7292342181250255,0.13386065790082496,-0.3510185970200004,0.03477180138792057,0.13014205507103654,0
-0.35249657677550916,-0.054859203350650185,1.7251841132028511,0.18644350856414518,-0.412945474191443,0
-0.5950345507214594,0.932479655595709,0.9706834078140447,-0.10529188060481277,-0.8941201433425393,1
-2.105563051239442,-0.9268983835967285,-0.4991963288667712,-0.06448180722642004,1.9368950895830928,1
-0.29209434071304924,-0.49257112651374585,-0.13304886392275447,-0.8393018876877909,-0.7707178969493114,1
-1.5714952423180528,0.8843621128289255,0.8629292241482118,0.8548208906428645,-0.7626626178327359,0
-1.3555955091375411,-0.5371243218903055,0.5670115160734635,-0.1119456340862532,-0.1950499530710529,1
-2.9890018640257905,0.5410607827419303,0.28234814161567595,-0.8548501622131212,-0.4076871337644485,0
-0.9478309948437749,0.35713501382863816,2.9757375587366592,0.4354669278324178,0.3108232314369041,1
0.3288123447471611,1.703368305360027,1.5626941543845119,0.6402274192839502,-0.15883684526992756,0
-1.9584759825999094,0.5055797555676889,-0.9284992900219988,0.3112304923217225,-0.4594299992371558,0
-1.8936910184189923,1.0526657776467159,0.0891647053413329,-0.5799039993866842,-1.997833259251956,0
3.870336460042379,-2.230815963194289,1.6853235009445469,-1.4146502562815855,-0.21462190902508094,0
2.004108528542997,1.5063763439026845,3.214137131511171,0.562740286714682,-0.03684042726662057,0
-3.2604799216673963,-0.8061260095624938,-0.1950903832229845,-0.04369184397486201,-0.7185803623833424,0
1.3189379349177457,0.08117286763910074,-0.5689449734270822,-1.4678347949995152,-0.7396501430614314,0
-1.008329559117398,0.20758179190387402,0.23287830334529483,0.5355492345372197,0.9046149724740481,0
-1.0288441035497842,-0.9947447351764824,-2.335933186475295,0.06926610519503693,-0.9174286406615995,0
-0.29209434071304924,-0.49257112651374585,-0.13304886392275447,-0.8393018876877909,-0.7707178969493114,1
-2.9210059487831592,0.5042475122721136,-0.8329720490349751,-0.7415982438507539,0.9369173040252177,1
-0.7222780338088827,-0.12444364885715642,0.547295201180418,-0.6473484869197509,-1.108523434960515,0
-0.5778666066206322,-0.9602755486204646,-0.07984285208973065,0.4922156661297503,-0.5259827278775626,0
2.2901706064244154,-2.375516905636888,0.7348081667307033,-0.3093726674828271,-0.7940962196736806,0
2.898514235221096,-0.8090290146541851,0.6357455176815031,-0.697487840201985,-0.008170143790852685,0
0.46746899752839677,-1.1803125146944744,0.0060518709512265975,0.8266088844748154,-0.8173299104819448,0
2.0872767124176588,0.30989068635287564,0.1430734815836662,-0.12534679863020826,0.5928884311965087,0
-0.7842882682166059,-0.3900528711962369,0.7196931216935879,-0.7231067222750068,-0.07517159596640614,0
-1.6316587750489329,0.25713137035114264,-1.7278936551314261,-0.4675837469480885,0.6093454827983782,1
-2.2212554234595956,-1.1999549584300213,-0.9111161761268001,-0.5743521855870507,0.0028430454839469942,0
2.0619737433845926,1.0742884398062789,-0.5415713750640413,-0.24331982067141686,0.08484166176690316,0
-0.5514517175517359,-1.0228514231678267,2.149521177195685,1.218718767729849,0.17573425979274007,0
1.430265670135218,2.257882148805756,0.4251242868974059,0.7183898989298763,0.5421226392773605,0
-0.4200028495842642,-0.07831715263514771,1.7919858975470682,0.38471323240789834,-1.7707072764898344,0
0.9935545275574859,1.3593003827004309,-0.7885129508046328,-0.23343363998871902,-1.328249432358914,0
-0.1827973738091324,1.74808915994997,0.2870799346900346,-0.23792597725265174,-1.125710736714549,0
-0.14205310893714512,-2.1609084029739556,-0.1685706470088922,0.9711974583232924,0.5901646389956547,0
-0.9953039798286909,-0.06873358739706063,-0.7541231099299484,0.8865243915201708,-0.8138821371741721,0
1.1139326854985592,1.8426795159784486,1.7153385684474705,-0.5685259728295693,0.9237732897651078,0
-1.2575726141148809,0.5857063314198492,0.7174626618091453,-0.8586096559426161,0.6426513814463483,1
1.1003514419628266,-0.07691491296517088,-0.630991401008722,0.8444067737008587,-0.25869175815897005,0
-1.0548892337587208,-4.981899644581364,0.398596632739789,0.12588100128717863,0.43946697732828693,0
-2.7486190252200013,0.4422761565547997,-0.4603732603675983,-0.2869193516608595,-0.031186753117577317,0
2.8126226157731518,-0.23237101640174726,-0.39435781608889126,0.3620970370047611,-0.2784685642291461,1
3.341909022596444,1.3215354556332624,-0.6751031715425796,-1.7056638559602744,-0.26808847356253607,0
6.53854267722979,8.074636496242642,5.658821141047034,-4.176287246596043,4.662955332032779,0
-1.6054975626924326,-2.8010838274896788,1.6365438868890412,-0.5321494280728262,0.22609851131014194,0
-1.9350765021700418,-0.6219838366284706,-0.4446271746756044,-0.9130518453499727,-0.23387382882331273,0
-1.2804753800088706,0.7004249962777628,0.7493762637153562,-0.18319006128227927,-0.9321568836970132,1
0.7630546730423917,0.5442186939915933,1.0348054608011887,-0.5503774078195286,-1.1714736135252317,0
0.7644428829068758,1.0235208529143829,0.463749072678695,0.2795642424865119,-1.1669581014401367,0
3.357840937225545,-0.7897550824653033,-1.1776032320396652,4.988222726926287,0.021905640168243607,0
0.5197315669119602,-1.4881084489067833,-2.7222788205997324,-0.49789277091561757,0.2637656974052762,0
-1.8461011182204121,-2.1516582324097944,-0.0784306347393746,0.40102834176710406,-0.3630463888062266,0
-0.9142912906425702,0.9309050390699568,0.14172991982536495,0.6259341708825747,-0.6515722397076532,0
0.9917549576710213,0.2964528458227125,-0.017926130031830627,-0.3926687631933379,-0.19472890430160816,0
0.20668530743174313,0.6089435354020245,0.3047314362345084,-0.3322785564940797,-0.5835733316067203,0
1.3573241186355567,-0.20730236693308404,-0.45611581599991063,-0.5136425430639344,0.14218166613542632,1
1.0303201571234455,0.9815730435349569,-0.45029784383426175,0.8572570844130705,-1.0465307216754811,0
-0.17631047136714992,-0.9382847897484707,0.07512815652562636,-1.2505358608630983,0.8008049241105031,0
2.165159779812576,1.065345815254545,-0.9516682088211085,-0.608754904231955,-0.2569738738090672,0
-1.4066362763248754,0.25625346040076397,-0.7433998801225096,-0.43717138555123064,0.15427559853223635,1
-3.724817416054835,-1.5414725543678671,-0.2798324851367622,-0.7352644248251067,-1.0617170705187349,0
3.189341966020827,-0.4124962603543586,0.10914609623980838,0.04321050952593467,0.5893317900521746,0
3.4667586741479526,-0.3862247658037383,1.120880612514366,-0.2093104264497885,0.23784993012033254,0
-2.7775463839512473,2.3839752158900374,-2.212771854596033,-0.7724273060507948,0.35861832078959494,1
-1.3522052309075372,-0.6648750708224447,1.0677377560992154,0.01856990171245318,0.28923536223932883,1
2.5435725345456848,-0.7912476078837748,-0.10474066936165363,0.1497288587175119,0.8918700282486578,0
3.7975298660015655,-1.7058528740986998,-0.8244250384918367,-0.11755673689442435,-0.700439472143762,0
-0.8817261115156375,2.383505785874496,-1.0014840701766627,0.5038070854962707,-0.1415071690917276,0
-0.6599068545649117,0.1332041118525015,-0.4711708119275386,-1.2647961656346824,0.5198556245807788,1
-2.1286985424186255,0.0053048796428346,0.69953206216021,-1.09578403252321,-0.12920242531681597,1
-2.4617589175773795,-1.0353608892113229,-0.9681675615535634,-0.5384900353477303,0.13677473229181933,1
0.20970168358603142,-0.2105934115133438,1.7468283643262343,0.3874638412939289,-0.5250529282586074,1
-1.7998901203076707,1.9009645369092043,-1.400745076659877,1.5487525679883127,0.5700098706546352,0
1.4526378964871502,-0.3292584402910089,-0.2606131167201158,-0.03844366469729561,-0.3532196432318865,0
2.974432232246732,0.5604854353521304,-0.19830068582580238,3.1773814554095097,-2.0353570160920893,0
0.833443498822747,-1.2134007814260512,-0.7454825964197594,-0.031147490915407423,1.0417407278843436,0
-2.136854805099691,-0.99100249012021,-1.6139270353579334,-0.4561256156688259,0.47235165878272856,0
3.385102879681359,0.7988136327212795,1.2908050199481587,0.05361713860918697,1.0640731812086612,0
-1.4595622324320077,-0.016015564864765155,0.6490306383479895,-0.13891087427891724,-0.21603640410790217,1
0.10137875354957873,-0.8014411905997277,0.6038362449392862,1.2623709472019156,-0.1337290650702616,0
-3.260930427700702,-0.956666159336426,-0.7269101619947165,-0.6584873404870638,-2.2133710967599147,0
2.51486259761253,-1.2011255110231698,0.7787681263849039,-0.5283720851164416,0.4396189872423021,0
2.453538888549843,0.21993381455338185,-0.4404504196374738,-0.5454370694356577,-1.2268667483451219,0
-0.632053404479628,1.707294236562978,0.8580284657219075,-0.2973985192708786,0.7337231068100334,0
1.6030110717352948,1.3787691203305712,-0.4564831253300543,-0.15738250754398345,-1.0433270632147853,0
2.588746762217646,0.2617047582068402,-0.6608465330515135,-0.07483576459647946,1.298345794338813,0
1.9548986167116562,0.3684622951907643,0.6393003803210233,-0.8445391965508401,0.30972754482250947,0
-0.5588840420156584,-1.7050869532566177,1.203492722409418,0.38129294416148857,0.8993033374852822,0
1.2522023806165798,-0.9218904429588125,-1.2622754361932031,-0.5162721247204309,-0.6776504758908259,0
-2.0651820560195624,1.4169931965171216,0.930050924847168,1.6705889751197038,2.2233880088145277,0
2.623129667623565,0.5484256956975961,-0.9246406687408291,-0.9328480292697086,-1.2090789344176658,0
-0.8161001308995534,1.5829726408726639,0.13967375367572418,-0.11529077879437083,-0.47153285705784503,0
0.08062276144854705,0.007853715147557241,1.1498494005453603,-0.16235097481741206,-0.1335733132173327,1
-1.2610412595721998,-1.5370513890485051,0.03701154164616556,-0.36801034013095213,0.33335410844001223,1
0.6011184794257407,1.7203994497091033,-0.4414666061231618,-1.3108519867021287,-0.19292369674278143,0
0.7813283606738123,0.10967582951789688,-1.8403652638659684,-1.368876509510863,0.9572988362040138,0
0.7733079365569537,-0.8709605652871879,1.2372413919024778,0.3746534711123469,0.03817058070352792,0
-0.750217514385497,0.8876185616452894,2.1563143675209493,-0.4895230641367839,0.7323614100483236,1
-2.065824637767045,0.5143089888206102,-0.14160372196527626,-1.0110421761237884,-1.5237047298318867,0
-0.2273977951573538,-0.15664203363477494,-0.48129969694803654,0.11318679555354927,-0.7252264621707541,0
-1.1149438716107456,0.9595529113195782,0.24160794066873967,0.02015063138685572,-0.9451208748552662,0
1.7968046697003104,-1.8093070081841165,-0.6047677043090159,-2.624185223855092,0.3822824780163964,0
3.019411394349782,0.7332274907825099,-0.18439403737397217,3.05181977022981,-2.0052224592059957,0
-2.599166554520934,1.4574401912131918,0.21578864593041014,-0.7350454390563029,0.462328800858334,1
0.9930360379629758,1.7049353619039875,-0.6846451905213206,-1.005233248441253,-0.9866041791291023,0
-0.4822911792648552,-0.9368018414773576,-1.8684550387992818,0.5928497845742078,-0.1932575281086971,0
-1.4501383164769912,-0.0022902583269116578,1.8740986143786584,1.182493819947997,-1.1892430645509129,0
-1.4817083627183987,-1.5227353991049009,-0.07963359115162431,0.2832762362647952,1.5511203371943747,1
1.1744075863152448,-0.6168039603921975,-1.7488491469986442,-0.8096692193386444,-0.7172083700468703,0
2.488638467712651,-0.2733447070914095,-0.15288761333141687,0.03132326633287826,0.6685022646428136,0
2.9510214783432622,-3.575261646213675,-0.45440737633903844,-1.6627042220586759,0.9037270250024816,0
2.1570791398382014,1.5429948905201687,0.05567754600199318,-0.9370679779748652,0.3678446575508399,0
-2.1511326995210336,0.4823481134802856,0.0636906858102448,-0.002501686049420113,0.5625228003911851,1
2.787874989778007,0.7494075293437857,-1.163527783137975,-0.29441204250050795,1.5037713175200158,0
-0.8467468682880166,0.29110713514597697,-1.904635772008318,0.9340398010073544,-1.022322619161856,0
2.7871770854496143,-1.085790753720023,0.5297752357427046,-0.44143595900333477,1.224073984996774,0
-2.0949069337532804,1.6769117193743897,0.46058172450783885,0.7599508695569597,-1.818945893182237,0
0.5512090726649931,3.6841460303890408,1.4305433257259998,1.0879350124162575,-0.2815463174081729,0
-2.8781431077507347,1.5894228189402124,-1.6319684922131739,0.2540458490573995,2.1712360832419737,1
0.8557303903943396,-0.14029474984441237,-0.9657721807077033,0.7187064647172156,-0.3545325802750634,0
-1.3197018423687912,0.828832464595625,2.3577584308748785,2.6128150103798284,-0.17074993910095781,0
-2.327766211978403,-1.1926304979578228,1.311916537033395,0.8713583480717702,-0.06835968266195368,1
2.8126226157731518,-0.23237101640174726,-0.39435781608889126,0.3620970370047611,-0.2784685642291461,1
-0.5041389769508761,-2.562779459061052,0.5258694866133009,-1.7900186482582874,0.011256391318649315,0
-1.294028863185264,-0.611760517960552,0.39319286270601167,-0.5958656356126807,-0.509867572739142,0
2.7226273793998175,-0.528871080215935,-2.9377411706591965,-1.3990379841481944,0.7495963871153525,0
-2.280640255488124,-0.45183438644087287,-1.1397986132091458,-0.7541769657634344,-0.7541641145953663,1
-2.1427016669042818,0.5988002082228391,-3.74890808596813,0.459432546083395,-0.0426069012969068,0
0.05567975737428968,0.7568390471853015,0.19985521719719582,0.09921987396590506,-1.0781761039688933,0
-0.8181102087409506,-0.37387815771203753,-2.2792728702844207,0.23706057010736714,0.9494909286208187,0
1.8645883986826965,-0.3136685998936722,-0.6289334400619819,-0.15754855356920366,-0.8663381402628315,0
1.5233862930684061,-0.5129981314662458,-0.6464096159664132,-0.09693629474426901,1.3576905709974356,0
0.30956364827280386,2.223026746020225,-0.03507420194046839,2.2882968560283463,-0.6531142922949751,0
0.07473355550118732,0.43010812335536797,0.9663703429537831,0.026828346441619237,0.4720614760668235,0
-3.302018977595849,0.3726789630260786,-2.0937175690014684,0.38250813633396946,2.332217789422224,0
-0.6172331454588474,2.5248030005416835,3.504566799109823,0.13611580983446042,1.4608972442846118,1
-0.3040534491196072,-0.3572714201238664,0.3691046264391927,-0.9162373512913007,0.0784019895401405,0
-0.8262217298910899,1.1270900881985133,0.5532362806108304,0.934320312753831,-0.24786100964739638,0
2.042160690606423,1.1375432400698544,0.5245932790175967,-0.9183079983008655,0.15328186837772653,0
2.8433980761626207,-1.9841342051497453,1.0560148476872275,0.9219019799442782,2.1028286565897067,0
-0.7941508186659916,-2.0377077060923128,0.11336108134896217,-1.3074117442916962,1.454745960046224,0
-0.5990482415260927,-2.560831913545837,-0.8639964871744643,-0.9674178669414552,1.5631916660929053,0
-0.8659564128725307,-0.5497948721842913,0.5996962789988804,-1.2736420311023575,-1.1229657822009496,0
0.10181510533431948,0.3958896047718166,0.722267058334363,0.300465292410032,-0.019150863387181246,0
-0.7103843401592996,-3.183664352509824,0.20320184693322263,-0.5003725399121924,-0.8149021403184641,1
-1.3059929209370518,-1.082733555713876,0.511557147104702,1.346243316583919,0.6114242979014414,0
-0.6549784224590609,-1.6700204559799607,0.8095692093106365,0.7656526982558235,-0.0438901607313651,0
2.016436780939281,0.44947377200992095,-1.7481086426482815,0.5494228441588536,1.3227059743950578,0
-2.251403088349555,0.6268541346705984,-0.05112882849649988,0.6188605234672246,1.6242856705953002,0
1.7074427951332551,-0.08818514581267006,0.6507266581956785,-0.41135750780400343,-0.07518979168065901,0
-1.425920807256132,1.8912967822200148,-0.04296403993755911,0.04076326212319043,0.11981261581702703,1
-0.7645077988570842,-1.5329330115629116,-0.5441030672806944,-1.2583809566565693,-0.11009197779572931,0
-1.0008997989158146,0.543101394122101,1.5296039467555083,-0.5396523554862567,-0.6573805681509975,1
-2.1733928811218077,-1.6250947360029016,-0.3260310164988605,0.6876077713814013,0.6771381385854974,0
-0.7409427907319083,0.518803346193691,-0.31632587342961865,-0.9421188080368941,0.7079044007772385,1
-0.12670770308498946,0.5701793600058847,-0.12186336627551633,-1.28228821780807,-0.8197858060299655,0
-0.5825693563963599,0.0734682520412302,-0.7043298548570194,0.4302007169479228,0.8940455738889511,1
-1.1778320804420057,-0.9268743091337004,0.10011929863097158,-1.3176956050686286,-0.07633909964093369,1
0.7693683551093358,1.6133625041883624,1.3275169280436911,-0.2863434562843489,-1.7355045468739934,1
2.501447582433989,0.5769488405031675,0.6018595988785749,-0.9565395480973554,0.06883324538656606,0
4.738612902424611,-0.9085186047261118,-0.525168929387654,-1.1584387678080492,0.7155544787068836,0
1.325767543124244,-1.132329229195179,0.5871759274611364,-1.3084689267226963,1.3580491313738208,0
-1.0008997989158146,0.543101394122101,1.5296039467555083,-0.5396523554862567,-0.6573805681509975,1
-0.16042802672431045,-3.3200602834862476,0.7456894806057525,0.32523480204225563,0.6580716678964058,0
-2.5095434298630614,-0.30132248037768933,-1.324881188960054,0.21345096790933513,-0.31590615392432736,0
-2.2984368112612157,1.8589633423245784,1.0760628253830424,0.7533225370234912,-2.024114489108454,1
-1.0606226960670093,0.8829992821446544,-0.9657579845991654,-0.40632701518560155,0.8034271467467349,0
2.5765741094747474,0.5912008600816977,-1.05638991368001,-1.4036612091170544,-1.4987100936522775,0
0.3610510372422765,-0.13257606730590846,1.0071702000913891,1.0058101025423578,-2.1761689871441394,0
2.8126226157731518,-0.23237101640174726,-0.39435781608889126,0.3620970370047611,-0.2784685642291461,1
-2.0045970586478723,-1.3418487313739085,1.1609845887039791,0.15455357932347374,-0.6755862138487586,0
-1.5789888168959012,-1.9021633740075774,1.4488489839954435,0.7068706461503321,0.18629452197208665,0
-0.5097542708880082,-2.2453136162010123,2.388155822461576,0.005717795766420474,0.266626603825855,0
-2.1857334800588095,-0.7645148053557385,0.41449175159353663,-0.6735197980634463,0.1959159268193403,0
0.8904499554645134,-0.13109784387543816,0.07624428169179705,-0.44032117263517084,0.5720003012523359,0
1.7841902334935071,0.5474923034301488,-0.808457218070368,-0.6105287667356589,-0.5906693253606028,0
-1.0070858596970558,-1.5560758492367173,-1.0079366098775264,-0.847790060324329,0.523778634485465,0
-1.5405199167633519,0.3808648610153035,2.702755035685304,1.8807238296602873,0.44836398981589765,0
-1.7473020197608373,-1.9407714221243662,-1.260205236378358,1.2954293118407179,1.1091957626922877,0
-0.8786886505952755,0.008154886715396404,1.0966337810768116,0.7480897168280655,0.3847716220950939,0
0.025799552814009634,-0.020858185269443063,0.7528269341875213,0.20140623702041843,-0.8745655122976056,0
-1.3801167936072274,-0.33322747480553805,-1.0917872610842974,-1.0422528842353806,-0.616378967535271,0
-1.9278941336923099,0.21886172063565243,1.744761973145576,0.3568465499898463,0.4846290257208226,1
-1.6519744381928692,0.13807277988846137,0.4639450053998635,-1.0726736344656702,0.3833154764299886,1
-1.3260962541942172,-2.3588385179645073,-0.4807185371057002,-1.2567736187654481,0.17421002802624386,0
1.2182181964654788,0.8737603639765867,0.5468782213740933,-0.3108299134243255,0.2519834003501718,0
3.1932932269228864,-0.7729583845231917,-0.24014870969693014,-1.1287531260155084,-0.5291795790847804,0
-0.5362189310734923,0.8537687168247265,0.5430492091590344,0.44759199973971464,-0.7743199822777358,0
-1.2728619751025778,-1.3373809289043128,0.1079164076778018,-0.81239682850733,0.5747929663523191,0
-1.199764388667431,0.8912164646321766,-2.82259824081882,-0.0072259732800026046,2.1455151375586663,0
0.9629163547557912,1.777853388346766,1.4828604323070482,0.5737993975612455,0.5457332844887459,0
-1.936632581790065,0.6561895296569961,-0.457333544085957,-0.20272805550503317,0.11411323046875874,1
0.6502307098129196,-0.4908142099507879,2.750589822837021,1.4386092762445697,-0.17309731105740572,0
2.4084848821766327,2.0936529924946967,-0.9341723466048909,-1.300494057309865,-0.5833174068997807,0
-1.5851153566898464,0.030088687256096477,1.4468389963635757,0.2082088497749588,0.692852195052663,0
0.03628620092597528,0.8614150178210391,0.6225304622972475,0.6908247098576245,-0.7354996393691229,0
2.6605795766711844,-0.23721808901570093,0.0303780094987641,-0.7654591575312357,-0.35023640420634883,0
2.5360609929076765,-1.5504724500228644,0.2571561878128767,-0.37506986689835936,-0.7610471996208968,0
2.030449311028445,0.5577279684507738,1.1855366093351534,-0.2902937913910632,-0.017920123388537313,0
-0.05578556065590558,-1.5438222488943434,1.0624318197645115,1.1844037895590487,-0.8867413683618657,0
2.817171786550685,-0.8578426989143191,0.6108667902204011,-0.6853949304641134,-0.06678077874532612,0
2.450097093472426,0.23304202378321495,-0.5353207298018543,-1.1324870324169218,-0.9782793929450204,0
3.0815945907446305,-1.0512245820160886,-0.9357097709886859,-0.8190128492711742,-0.14737029580183605,0
0.467831813612479,2.8615601985553365,-2.37828726670973,-0.8493798479878998,-0.7406129411130017,0
2.1362153936771673,0.9725037519282562,-0.013040989991140306,-0.8488757672510945,-0.5998814839658295,0
-0.08509475534992166,0.7166770258514794,-0.9578245722279419,0.06692457131034435,0.27628737118915236,0
1.682946984383908,0.13936685451820127,0.051231343245182324,-0.766301192150361,-0.3171425819592325,0
-2.0448661972817277,1.1623332688588337,0.46375330539079196,0.8108543102497812,1.2329290710206542,0
-0.8942234257127972,1.4682426156583739,-0.5317816020982049,-0.4189313337078982,0.36374655947571305,0
0.14325918432663967,-0.40309192677476463,1.0571052954384355,2.2202339790757804,-0.17869204142530723,0
-1.2188755240979932,-3.568764623089334,-0.4104273001897015,-0.8496298325958901,-0.08084579974678699,1
0.13659054081791752,-0.8469552003243725,-0.2716718614113529,0.18550305378481804,0.32174652688705296,0
1.9766239180621363,1.0760485796776624,0.9220447962576745,-0.29900516385893094,0.19770049827600855,0
0.0665830920244452,-0.6557174068730391,-1.2735386093547647,0.6419483655768576,-0.9323588206712874,0
2.941313644954328,-0.969214170271775,0.23812052802813194,-0.2297974230650899,1.430708813395196,0
-2.392465616086417,-3.396086447370356,-1.1616658544763996,-0.3826101487683518,-0.23151774873899472,0
3.216946626822651,-0.45447514829415175,0.6719690134953487,-0.2755334780630979,1.2586543878372498,0
-2.2920057193495076,0.4399905984232979,0.5345082689374127,0.3768798050168011,1.4767796418801802,0
1.8031839992513041,1.1218463744823954,0.25754799510530707,-0.7187853746081957,-1.346074390313845,0
-1.4035859237368042,-2.157106244689556,0.13084163624754572,-0.4877811523374919,-0.8277950553486686,0
1.6165151092814853,0.18406606529622102,-0.293369145587285,0.9011041744181947,1.2392072631458018,0
-1.285919784238064,-0.01597737181739306,0.7320977518139737,1.0871446984161273,0.17255217793003041,0
1.3032737144401856,0.04438645803508253,0.14760107638709583,0.053375133338816744,0.5991217991061718,0
-1.1749357585168239,-1.433447946996896,0.46445764079486684,-0.5286397525673215,1.2065067306823172,1
-1.6616294372623965,-0.6691204217702041,-0.26310381790854537,-0.6008611260576661,0.1879379875104141,1
-0.6135299743632144,-0.6651024409651645,-0.3121746395496827,-0.10554595121620176,0.7087205788611436,0
0.14889432521115314,-0.6803115235622808,0.8654952505059144,0.40367062604851206,-0.44252871262298055,0
3.1375828345095287,-0.5998705258120127,0.7732064629675084,-0.7382938379049894,0.16599254648925652,0
1.8841654756553388,-1.3937467537429424,-1.3266112084143324,0.2826857033543501,-1.274859527344489,0
-0.29611179395118303,1.376325137390032,-0.7210636708755644,-0.5496554348213132,-1.9371942406359834,0
-2.350473913945848,-0.11169553202684568,1.0206025832784493,-0.45341590410984506,-0.24758155041279584,0
0.9332529228496799,-0.803314424214806,-0.3023375576811467,0.35349390780729695,-0.17709593353512487,0
-1.155781644263339,-0.6571531344176662,-1.9638461725244587,0.4841607897158722,-0.6637745186735511,0
-1.072347295620978,-1.4977446769924196,0.8283127480442751,-0.4484213239069975,0.0006248953669551249,0
-1.9843092142089487,-0.07439273120662991,0.20095345607743953,0.03435745558120561,0.5003847571502705,1
1.2778506115560335,1.5456704157598848,-0.08316852191613273,-1.970707023756109,0.08836391967028838,0
-1.3695855740861909,0.7486220808090968,-2.5692065929485497,0.46379958227861967,0.5872370017088175,0
-2.9715773792448292,2.717138063857419,-0.3583828816125917,1.9384763044382132,2.862469102522259,1
-0.042851912933286634,0.9411637050919167,1.679216254900857,0.6263967598093233,0.7655356127539097,0
-1.2970542530273603,1.7550393262963804,-1.034063278016279,0.981263575333618,0.23109002191361783,0
1.2509692143050808,-0.029632836590587915,0.5070528753042995,-1.5087941080800018,0.9907283047612505,0
-1.378246748983359,0.01018365640792512,-1.9347407942259172,1.7924233907894032,3.4318804212204426,0
2.7838124565852453,-1.0903193572483303,-0.8363823785623062,-1.0597666019294665,-1.1553195334144166,1
-0.21831032286903918,-2.5968368121397267,-0.20410751098211394,0.4834295151980438,-0.9635733443259109,0
-2.7775463839512473,2.3839752158900374,-2.212771854596033,-0.7724273060507948,0.35861832078959494,1
0.08436124071141354,-0.6335945138378593,1.8172426472834367,-0.9655780603344067,0.22338958844919493,0
2.2294539107395823,-1.6035286652039742,-0.8938679282935401,-0.7952204078820322,-1.3963397335703254,1
0.6540589825287303,0.15441176962518752,0.8189451843276411,0.9554947864025275,0.9620327254875316,0
1.7009124065849375,-0.2243910277144305,-0.5355097503481797,0.39739618802745363,0.7631772207672705,0
3.20016210677061,0.0761867259452283,0.5916795705220423,0.10156111811810294,1.0679974088673183,0
-0.2402173350373043,2.797134240286394,-2.747728339161498,0.8523090216265133,1.37350881114318,0
-0.5862972690119913,0.5763711596377303,-0.8853173544675679,-0.5248247343206791,0.5763356255160095,1
-1.0307978582733037,-0.71438730254837,1.2093488504414,-0.5197494790829391,1.2791456124015175,1
-0.48964169533886837,1.095838748531839,-0.6917497291439915,-0.5562167251030399,0.21860430391851238,0
0.5554364968239401,-3.6649187474528198,-0.9724933531675154,-0.771076673013528,0.7379752737396092,0
0.8610499900460166,1.2460717904477783,-0.26964529377498075,-0.021622994960110307,-0.7211449003804036,0
-2.1554100700233336,-0.5406329274318461,-3.2746787662728307,-0.47174339027234163,0.5504534502630112,0
1.0772347813045733,0.4215214085100299,-0.5564017785785635,0.18696365380970348,0.8864706114556222,0
0.886559147723752,-0.31232155041074655,1.610782667211949,1.6665911824006225,1.236231494377683,0
0.7723150268572418,1.4880622945120834,1.1784732502633755,0.7685711423160206,0.45410124330951146,0
-2.081729595886956,1.3423698916886526,0.4938179301635693,-0.4655950941277071,-1.0420526999280075,0
-1.828049267110363,-0.5469160408427753,0.1692680082427351,0.05503879833845623,-1.4430654890586916,1
-1.6940371697148768,-0.35335011597177446,-1.36149433214468,-0.17987755959832583,0.48479381537648525,1
-0.4828191098054515,1.5170805845527047,-1.473957325299208,-0.4141752241128951,-1.4081597743752854,0
-0.2851576829322641,1.333782891809213,1.2782070046117275,0.09605737740275719,-1.792632119622747,0
-1.6930142273107698,-1.3580388142392104,-0.4708224286369757,0.20012319841835896,-0.44114700231270193,0
-2.3877492750258584,-0.5725801810359159,0.2638869416794073,0.595840509493958,0.27352115116187703,0
-2.669652358698931,0.6832150410433873,-0.30347033274885676,-0.4670849570547882,0.5083794747305854,1
-1.9952223543359375,0.6480514967180417,-2.8830022050704223,-0.9236209216017818,1.5699026054070833,0
-2.1229916601013192,-0.8291923487350369,0.16762179642117866,-0.7887198844756794,-0.05196371450996744,1
-3.049658028766749,-1.6379970179510075,-0.9314558855913976,-0.3688300442945334,0.5652020881386853,0
0.7385332913460028,0.3595127957623054,0.10494076275320485,-1.4695193099432375,-0.9005641146217056,0
-1.3541344117050276,0.614789936910025,1.1228019923843708,-0.26347500400333096,1.9292117431306264,1
-1.1923724904464539,1.549847805855713,1.4611279125926906,-1.103415547809452,-1.1844693819430288,1
-0.6005247598497069,-1.3919137571080131,1.3023957881397887,-0.3415193293349841,0.836351846457918,1
0.10313430159127798,1.5915405277594128,-0.32446271464486326,1.3390164205278103,-0.16730201861917707,0
-0.7726566771328527,-0.5567970541604795,0.46432254436776843,1.6239942305986432,0.06214784095658454,0
-0.21046331708275626,-0.7510643424699611,-1.2277577918763716,-0.8494472196215345,0.40123198941607385,1
-1.4839009035041886,0.07228927746526502,0.5690816394206846,-0.7269738230524128,0.022796060525672075,1
-1.0325995849975085,-0.06983221357269542,-0.5182163264461744,-0.9784850837229933,1.3728202886015566,1
-2.780720349577331,0.41757590194294397,0.13588791461046237,0.17067734406471502,-0.5799250816753826,0
-2.205179396287494,1.2312733751527063,0.8731078490208168,-0.3420260354750608,-0.220518396777025,0
-2.068650377732753,1.7983992654016343,-0.3585363624352216,-0.741998760613499,-0.6822532465699541,1
2.773971194716141,-0.6124001133664091,-0.36493572464662694,-0.4023506810983064,-0.2219144101174127,1
-0.434056946823596,0.7326137785485927,0.25020489746562125,-0.21453378967331477,-0.9348151761550045,0
1.5773846370377365,1.748424634357559,-0.4539836100293191,-1.0637141487711934,-1.2610682768244708,0
-1.4943592926351452,1.8253322118381192,-3.538858115477148,0.6944741847664746,0.20050443632572318,0
-1.8708882869061267,2.383716996092299,1.795658108370423,0.037833261410922636,-1.00329585341913,0
-1.022452205845776,0.5787952089898206,-3.6885131875043533,1.1070861461625277,1.371017363294278,0
-1.6454749476010744,-0.058812816862376036,-2.286531942754663,0.4294471248543509,-0.5593217720055449,0
3.085052279824796,0.20495748881953407,-0.675906294515706,-1.046335875997813,-0.4339572616454644,1
-1.5592954833340262,1.5309229858541993,-1.219207590815725,-0.8923518744542245,-0.23154350556465697,0
1.45122682419536,0.7492187350529887,0.17885745192657923,-0.7126569461356727,-0.7033502115558435,0
2.110060036034378,-1.4535883195827923,0.05301477207425445,-0.3466956606254526,-0.31051758115308586,0
0.7672896919754961,-0.0876859453379722,-1.3102152986048625,1.008483121287861,0.2677456074846859,0
-4.084386457984848,0.24384976999181274,-2.463639661838829,0.7117901444721894,1.3125179949646506,0
-0.8485447074365914,1.4391240172087298,1.3591284803005583,0.9318830052736673,-0.3865123510514973,1
-2.1301235855893372,0.46308497598636916,0.5956761557165017,0.2671727253094986,-0.801225010672178,0
-1.0111564556151378,0.18077624925314692,1.428213043315166,0.427737008936946,-1.4607775384517363,0
-0.34659204682582645,-1.2413609058336015,-0.5844709254060386,0.6348497773732252,1.710145141677634,0
-3.6598671947999306,-0.2562886470762937,-0.25399098054457586,-1.3412367441386337,-0.3646969124798444,1
1.0542111170800033,-0.27882810340771835,-0.5012687005715419,-0.7253931639939879,-2.2268893863522936,0
-1.4049105812013012,2.1575883410459507,1.314121275496762,1.2814935305729802,0.4275980450625516,0
-1.9173320456148295,2.2685007656875196,-1.6547050541300898,0.40974496083414375,-0.6291459301415457,1
-1.200092538084355,0.8022696665765361,-0.5597061960929665,-1.3278347755998356,-0.7718037275813948,0
1.3352594349795759,0.7479430132632983,-0.11004016351175569,-0.20578399340136658,-0.3359224346134573,0
1.3113266879305692,-0.4629433038428821,0.029664508904675847,-0.012706064935714023,0.3405799672371091,0
2.0801448794948967,0.8389649231274574,-0.20644755616163882,-0.42817466551357974,-0.07377649130781938,0
0.44959305887344453,-1.8490476319334463,0.22847474432772494,5.758116470777638,-1.3815801737279187,0
1.45122682419536,0.7492187350529887,0.17885745192657923,-0.7126569461356727,-0.7033502115558435,0
1.6996760809702582,-2.344947823161934,2.3054962172833804,2.6094375669796577,-2.507139639842842,0
-0.26690430120339603,-1.0288919414746904,0.9012808121811724,1.147565979875825,0.3425458151810994,0
-0.6587293707988087,0.670733178549446,0.22438920937338752,0.6790028126666239,0.3187694773948729,0
1.77698252046787,-2.3538774847193062,-0.4302420362774469,-1.2223321705649814,-0.2856905477598053,0
1.3112629493616397,-1.3743429914825274,0.31007982120054517,-1.881993445473936,-0.14310807372861362,0
4.497813730689179,-3.020974078324887,1.8508357454819668,-0.3340886571449607,1.3562529414685611,0
-1.0285221059300163,-0.35936534481045457,-0.6345246830352307,1.1555992806926834,-1.0833868351752314,0
-1.537729847212577,-1.0508050585185351,2.0679685314571907,0.04066673519941133,0.0013529560234055657,0
-0.8849724086015772,0.8897193900286657,-0.5529729829387382,-1.0955729893977484,-2.0767910928233104,0
-0.838647665002678,-2.24405783897336,2.043282934181256,0.6772707838935884,0.3863935516231339,1
-0.4267292327247318,1.4738082444532425,-0.17850967168525328,0.8724053554265556,-0.2700871749868296,0
-0.5131584128838024,-0.8040049816807309,0.8990180458822542,1.146164200494706,0.5677209872657926,0
-1.872395842466123,-0.11591747362874993,0.5839448384208727,-0.1813432226954063,0.6471629174680693,0
4.591432905377378,-1.0963656367720913,0.5862170115297946,0.849450910376859,4.123309837926271,0
1.5248688063645046,1.1347924223588195,0.5369995507973314,0.4830028326255878,0.6555741358826409,0
2.1229088038774147,0.9070452911924718,0.009881198757908083,-0.28152147285360646,0.30615751328844826,0
-2.5514283089860275,1.5609258145324305,-0.1391078802189294,-0.9709466531324766,-1.7778154091325429,1
0.5295672341977872,2.411779693930425,-0.43195596015131843,1.3663027334474285,-0.9633129091178003,0
-2.1024671276723477,-0.6901931832944596,0.8822214130168013,0.06482192502709506,0.2842336947335448,1
0.18549868095260438,-0.5454585238504975,-0.8254390388655457,0.27658830871735063,0.4092499104072876,0
-0.3980013481765843,0.3724609108320517,0.29175377037438693,0.9490973419498095,-0.8302587936114879,0
-2.0776635383164765,-0.9999811736329878,1.0497372383853616,0.040985788619382874,-0.69327567862683,0
2.2167361649935207,0.15274965827046083,-0.060778032994002563,-0.8728953544962221,-1.0671994684030819,1
-0.7548310226040549,-1.0153004719540295,1.549702279474948,0.5383496809844387,-0.03651465840302027,0
-1.021551714227461,0.8297877043849748,-0.6180213009482818,-0.12971240841538298,-0.21586500792521535,0
-0.6018023291472712,0.7719478463313904,2.8904918100475463,0.17692801311502868,0.4359863408068302,1
-2.1426960199315,1.3926383024956837,-3.0903853290249197,1.641471076653637,0.7631071657175877,0
3.000916915788956,0.6665564381184801,-0.6039418207445869,5.898427792376203,-2.914983653809466,0
0.6830662732035291,-0.10751093544236583,-0.32464424700323063,0.0779956557511659,0.6672820730740224,0
0.15848473365514845,-0.10053842798603599,0.374167105878358,0.2884692826827169,-1.3584833918952448,1
1.5165204115438273,0.7914521509431122,-0.19121581020438697,-0.35854499215529284,0.18648240860171197,0
1.3381738835292574,0.7048988896074494,-0.6862485023667763,0.406315339217935,-0.013648781149440958,0
0.8859917267103308,-0.13153786046040752,0.12660095951915137,-0.15922440493437615,-0.2299369701758296,0
-1.4069113905970625,-0.8079648054449952,-0.41613993182461223,0.1895040373175656,-0.32907811786089197,0
1.6058000052992927,1.3153630008261177,-0.2086237581795298,-1.018741578682728,-0.5109900716597237,0
1.4263178191332153,-0.44672990364731757,-0.954374364678187,0.5213302358734696,0.3391200094917374,0
-1.7274759406846618,-0.3508306284384443,1.9583697509021891,-0.7703761989543578,-0.06651154344381371,0
-1.3988269944195943,2.1117951556506775,-3.1325295589323208,0.8628552977654688,-0.2934582531813603,0
-1.3335207182680684,0.769033632824526,0.4405841800750042,-0.11663527137348427,1.0618603448277448,1
-0.34069831697033454,0.8012850822688322,-0.9428307216857936,1.608808728270057,-0.32164363493914855,0
-1.1692351864782982,-3.142512025439765,-1.518710331659912,-0.7927454142726336,-0.02586266904498034,0
-1.6823203753158626,-1.261154637534918,-1.3155138977559824,-0.8822832444966564,0.6177221665491488,0
-3.1998574875712253,-0.3018850707898817,0.2234706313169126,-0.8881892746859851,-1.7490896486669263,1
1.2182181964654788,0.8737603639765867,0.5468782213740933,-0.3108299134243255,0.2519834003501718,0
-1.1085296473589743,-0.15411653689458313,0.5846652056671883,0.9050014312090341,-1.55979349428791,0
0.16213543393986812,1.028244896672023,0.8213476436379716,0.5049107449976983,-0.3456596360680933,0
-1.77545354380168,0.08776201151986031,-0.23485740301520533,-1.2626018483652073,-0.21713338953943961,0
0.19258340848760747,-2.20775166441071,-0.9350850621705398,-0.9202651877444623,-1.7364461002534237,0
-1.5791931078230075,0.030570453644887162,1.4454045714396753,0.2101197163506527,0.6882819544409718,0
0.226014315326096,2.7518588056268065,1.1595348457012953,-1.1359188702529042,-1.0676717763095307,1
2.6069333850617116,-1.3493504287053493,-0.4483876914907238,-0.616899659243842,-1.1271573575454654,1
1.6478888447277733,-0.043973527721649565,0.4614825112796042,-0.05878137004112392,-1.0859737350629366,0
-0.6614367343841817,1.7943223573050446,0.9177752892244442,-0.7814074484552085,-0.6244577185654381,0
-0.1470111469205988,0.7186630414449777,-1.0181430790583907,0.5755657680437459,-1.1364120748480302,0
-0.903025578596386,-0.836583978512261,0.7510347516177759,-1.593125570656103,-0.060940036754757454,0
1.3887611680314131,-0.5164060693536718,0.08511888962163375,0.2856066850438779,-0.5342303161029063,0
-0.29209434071304924,-0.49257112651374585,-0.13304886392275447,-0.8393018876877909,-0.7707178969493114,1
-0.4715394942632674,0.5074498273391007,0.23551880299141864,1.0084437080594146,-0.8004129859325003,0
2.8126226157731518,-0.23237101640174726,-0.39435781608889126,0.3620970370047611,-0.2784685642291461,1
-0.5625726809428484,0.9263517244743841,0.44557284105404593,-0.8985363490996122,0.02825741527022286,1
0.5625295307826301,-1.288646036042406,1.6393368615588273,-0.12546596763312734,-0.6825445093942681,0
-1.3465366231009959,1.7728443776045582,1.1481033085997365,0.302077146262689,-0.22281350112154802,0
1.806501124002877,-0.22913762487122633,-0.6032711162964945,-0.6003856081581311,-0.9186896077536374,0
-0.21941442472080966,-0.16174984271903514,-0.2721417427478575,0.2699615227529902,-0.8283530381398525,0
-0.9460612457273994,-1.0290600438911632,1.4662744927211744,0.6452303195342081,-0.6215016054788475,0
1.4211457111447612,1.364052767683919,-1.0056085876343055,-0.7969155936975323,-1.3226782038953793,0
0.02549661776285879,-0.019484342763408984,1.332849093692632,-0.6199475857364443,0.3041609809354489,0
0.13011693151610262,-3.1947114020657734,0.45589896372060845,0.45170975708349353,-0.6733928083753766,0
0.9446957487532341,-0.5574315000815533,2.313887018236964,-0.8948598717076582,1.7717395528539148,0
2.881660383656151,0.9474640472656198,1.394342274484024,0.6768086060575295,1.1869852304685222,1
-0.9004719031700358,-2.943071865688257,-0.4578202743413374,0.22999680004891712,-1.4829638207925941,0
2.555733900783843,-0.17376606155684185,-0.1725397443321302,-1.8076972176117359,-0.5102163721803566,0
-1.8009982908816793,-2.1579028394286577,-1.3138606602308063,-0.9168112015096705,1.4699838479512768,1
-1.6056838225299366,-0.8793872381845163,0.05725193164777231,0.252525744470854,-0.5709798593539993,0
2.8760902155124684,0.15230879340541767,-0.01860654301554851,-1.0489119766910653,-1.2449698668969498,0
4.066611464442747,2.2101683192061654,-0.32055737300751397,0.11586399259727181,0.1888796903781503,0
0.9079511042082824,-1.1250233895632853,-1.271363267356104,-0.6012948747687991,2.121165502538063,1
-1.6122729481501654,0.5689358276875499,0.46722446879979146,-0.8749292354784678,-0.07714709490341025,1
1.132901923943187,-2.1747542837260703,0.148288299690941,7.410302044360384,-2.473096326211369,0
2.4450466345448962,-0.8417237558119195,0.029363965862654252,0.8011315122304336,-0.5367418471411154,0
-0.7409427907319083,0.518803346193691,-0.31632587342961865,-0.9421188080368941,0.7079044007772385,1
-1.9571464108907657,-1.944014496815569,0.33953504639497795,-0.21172191592020223,0.340439394804083,0
-2.0334918403415077,0.2337185825325024,-0.94259656258143,0.5827583975893429,0.2907475172328099,0
0.08758173209815144,0.6747359129537098,0.8999839229258995,-1.0221018533909325,-0.4374474880231107,0
1.7461811527053686,0.51742633503689,0.5535152754958241,-0.3912272374923965,0.2515248874153844,0
0.20275348678803426,1.3659384608098524,1.3550445334424246,0.7129003845940508,-0.0856600581613143,1
-0.3804058095979305,0.8269387678133847,-0.03320011813954467,-0.09083060280211572,-0.12546994801349165,0
0.5250930893268545,0.8336032948667508,0.6468453466620936,-0.142584943550555,0.2432169240105349,0
-0.4458477753961271,-1.128862312495161,-1.047034377696479,-1.3057309318543957,-0.19891169022087554,0
-1.0335558020872428,-1.2827988635421383,-0.054670069961686316,0.45277002121673193,-0.23519850802008582,0
0.8557303903943396,-0.14029474984441237,-0.9657721807077033,0.7187064647172156,-0.3545325802750634,0
-0.03628323701956047,0.6983041588409528,0.07891415182172504,0.9806596699546662,0.1822777085150559,0
-1.1368794206454973,-1.0510600008894704,-0.8120055093705625,-1.261077566970143,0.5327784245032504,1
3.2926181585904026,-0.13856345826278446,1.7440426062253964,1.322232895047784,2.8192997493645473,0
-1.0325995849975085,-0.06983221357269542,-0.5182163264461744,-0.9784850837229933,1.3728202886015566,1
2.48528479942472,0.029437322267133092,-0.5694155994574933,-0.4386785530020495,-0.32118109951068863,0
1.6950645515436396,0.3917813576805819,0.7796877807620824,-0.17459386760737308,0.10123470775249223,0
0.37495021982977256,0.9039519275389559,-0.7401285987716989,-0.9235471647398119,-0.5962305791391391,0
0.38103171507561817,-0.3597067072849096,0.02227648416518296,1.429706430759361,-0.13954987593762447,0
1.0830431183799343,0.38649911878926646,0.37239894637083254,-0.6531565418807824,-0.40196306241249696,0
1.7491257685925186,0.7044711622069578,0.51522790593081,-0.5533485220979452,0.5085694044391871,0
0.9186704703442468,0.49335400730136514,0.14007466083704515,-1.0979455003690832,-0.5357875640856496,0
3.080334228144537,-1.2274659468233091,-0.4581152073938873,-0.7469077099181252,-0.6401636245935153,0
1.283693583030691,-0.9981715149210658,-0.6504856589787915,0.17968751786637516,-0.1721157467645344,0
-2.24232678697351,-0.358975616505336,1.1419916610939476,-0.3602402979260454,0.3743447698191487,1
1.4366121440227164,0.11943566158488876,0.7864126699039152,-0.010256279464167753,0.22388011519709616,0
1.2400777292417766,-0.05235155919800788,-0.8333911778075039,0.595379499344771,0.44564083308350694,0
-1.0262368777420272,1.9719852341645714,0.6082912077326583,-0.05210788698529245,0.5016864334169885,1
1.1666570440364965,-0.6768521376245449,-2.4141951960491754,1.8072173517674042,-0.4947380513940718,0
-0.9583886257001525,1.3438070626002485,-1.7150333476275228,1.22319979852284,-0.6549243187186148,0
-0.5498188148076787,1.8005624053406675,0.0947498283528917,-0.44694220765010223,-0.19100622796782432,1
2.1813275441574764,0.46468620067590033,-0.6998788316358616,-0.9845924441600457,-1.2717500606201397,0
1.0484161788665065,0.8880182778604327,0.891153548638436,0.39569392921574176,0.09358086833256685,0
2.388926796967317,-0.71281635656879,-0.41136565248825646,-0.043384712171536784,-0.19413543057669017,0
0.3124399449927496,-0.6227018238908388,-0.19115135526767818,-1.0091196539786647,-0.22269341657801342,0
1.9382778929538333,-0.6806407075132253,-0.06844772003296305,0.01657724819581739,0.41897057774512947,0
0.2393769506413436,-1.6807049019384204,0.7705535908840774,1.5887772654112056,0.1582587025723085,0
-2.0776635383164765,-0.9999811736329878,1.0497372383853616,0.040985788619382874,-0.69327567862683,0
-0.3804058095979305,0.8269387678133847,-0.03320011813954467,-0.09083060280211572,-0.12546994801349165,0
1.19323536205461,1.416293497776761,1.598969634258813,0.24445663517715374,1.3316794061963906,0
0.6474469742990356,-5.577955283634677,2.3290358580812796,0.4645178037117406,2.8443469852917858,0
2.0872767124176588,0.30989068635287564,0.1430734815836662,-0.12534679863020826,0.5928884311965087,0
2.6442734236200063,1.2935291688805306,0.36967444148302064,0.17030102547522313,0.32865230870303214,0
-2.2684301243176166,0.5050196355423779,0.40605331378194753,0.39098531372653444,1.083064002660422,1
-2.1155864658347667,-1.050976410402003,-0.41965683928985276,0.3275443649451217,-0.5577414132270151,0
-1.1177907971899768,2.268627942895825,0.03501084533189943,-0.2917892400140097,0.6709355890890865,0
-1.6796900358921518,1.447186804390791,0.36976439670873845,0.28254464915733446,-0.6671625386422233,1
-0.6275105771951323,0.10594066490198452,-1.165912885320329,-1.1176913846512646,-0.682361477874064,0
-1.5702758896773317,1.9121690225808294,-0.9895501208301302,-0.6469859514294156,-0.1755177503153452,0
1.4318357736535214,1.469320328263346,-0.4133954668102174,-0.8288007492628853,-0.027088836310207913,0
-1.141198461563395,0.32632215165904244,0.43858933209173107,0.5987105833463477,-1.0728249489658555,0
2.0432116165985654,-2.296581697027592,1.2083981389916172,-0.2620477421409727,1.2854781514286189,0
-0.1501196495787498,-0.40943511238639335,-0.1857004894684148,-0.870589396084195,-0.8036008055392324,1
-0.4044806743670405,1.7827579600993622,0.12351147174596734,-1.0615755915815408,0.31019386772559626,0
-0.7971246336050006,1.1344655265692964,-0.4367956276932414,-0.5608062402773664,0.93435467411506,1
-1.1092443384374424,-0.2788870868239843,1.6186990082576014,0.142500861535409,1.7639247265653162,1
1.5451151870303936,1.6526262097066913,-0.13407685630944316,-0.3470615466550505,0.29675546250588125,0
-2.2328066959110613,0.38888761527129606,0.9799049406738866,-0.021637946141222685,0.32837336057438765,0
0.7986808470086653,-0.060469924994545725,0.3576973425179292,0.09297148681428309,-0.15363720670405287,1
3.6595382379308945,2.4119977484278925,2.4434458154014904,-1.2286953817852,2.496160417427328,0
-1.2959242447341401,-0.7632375857089023,0.7972276580924688,-0.21364319882946958,1.0763377239272383,1
2.0581237286058567,-1.068470054469766,-0.7702302530770989,-0.9819967525720806,-1.5455414231586466,1
2.8476070845963126,1.322859158569307,-0.7596350028117478,-0.14391099413257957,0.21965840918738352,0
1.131998252062086,-0.14365999525385817,-0.6508079235648128,-0.7844400914886447,-0.38349929753984613,0
0.6997475975694158,0.08765194189445681,0.38765692179118527,0.6419557006466531,-0.07601970660748283,0
-1.6171745960901531,1.0410282093777063,1.562830645643364,-0.10414104501116328,0.10393729554075498,1
-3.2458827024408237,0.011383505695510504,0.4107629962010645,0.23038476232634195,1.4906850471594035,1
-2.404376400941444,-1.5299199938570924,-0.9702081795904051,-0.016166628528193557,0.7196049884306449,1
2.5463229941945107,0.26268571705348165,-0.59659576857571,-0.11798983159471928,1.1563056770616746,1
-0.9732883791610453,0.9655476893024474,-0.9099406708425851,-0.4657612209682523,0.7120750592740278,1
-0.9953039798286909,-0.06873358739706063,-0.7541231099299484,0.8865243915201708,-0.8138821371741721,0
-0.46694875896944715,-0.08976202894529303,1.180694587192472,-0.7394734649926973,0.929877859638157,1
0.7570832432763573,-0.6897265586419706,0.1621455454486184,-0.005874847855604663,1.119720183140548,0
-1.7102126887813232,-0.31281766746720424,0.5163220572111484,-0.7747387040617114,-0.5000883569702811,1
0.5572486276642045,-1.167734680132031,-1.1517949793040583,-0.3835210730307218,-1.319707932574039,0
1.874311728941582,-0.8020560653156562,0.05805955504998085,0.11353214438368603,-0.1387708138393272,0
0.2707668384875657,-0.7694942447759773,0.12767494898668608,-1.937930274017207,0.8453955673913435,0
-1.9076111246280916,-0.4042373637267673,-0.7513718107624514,-0.9375490222561332,-0.3611735401364151,0
2.7081025826401537,0.09102112467710882,-0.5016898948533277,-0.8258695740572859,-1.1465373618662877,0
-0.7656391388847317,0.6250843923207854,0.3510327570501454,0.09437813676443234,-0.017958448031410952,0
0.19544851626723317,1.1243732333943088,-0.6926346662816838,-0.5608036532469363,-0.43304401773116236,0
2.227514358779743,0.40612278379433286,0.1383527384136348,-0.46745152512691746,-0.5050509507185212,0
-0.5388819936694457,0.010315603580661565,0.4160581447605865,-0.33794841192559244,-0.399373797676535,0
-0.13916545627349367,-3.5886751573287166,2.058361372726857,0.7368931214936656,0.6150824872477921,0
-1.5343099508428792,2.753534614503153,1.68259654874817,1.2205222185756812,-0.7446760788381679,0
-0.011967210867959151,0.5631629464975487,1.6612411053265934,0.3967535565076224,0.976805950235114,0
0.04473021473884604,1.1275869716254074,-0.2765931326972726,-0.38623907195744955,0.3140377418827319,0
-2.1275965102705645,-0.2005087336301971,-0.07424590018855885,-0.974420565831286,-1.2411234768828,1
-0.881665685114845,-2.0548442845052266,-0.42422477952159865,-1.391789495832245,1.1556465631815944,1
-0.44702344343477,1.1233793647047305,-0.7903623051091362,1.4977976604693537,-0.5138041283790109,1
-0.8099419789532293,1.1119988032137993,0.4003882048233299,0.49049156141020495,-0.5474804771820027,1
-0.036708027675281384,-0.8067779898287575,-0.03601200058048893,0.055831283224192424,-0.1478966818986918,0
1.6406804292851631,0.3943955555318533,-0.9889699571230405,-0.025480314102843227,-0.8459677419097539,0
-0.020761974062714777,-0.11575176230350825,-0.4306278654660725,0.08551757484646007,-1.2816286664766754,0
-0.44532017739677726,-0.370918320871527,-0.5092032388247053,1.2783808991320746,-1.5124743196519712,0
-2.341226467268807,0.7779408416970744,0.03277309389277374,-0.14287458166504183,0.125378393017228,0
-1.499583804889147,-0.7810347569412267,1.7824344797176923,-0.47699420290604705,0.4172217154613997,0
2.0679185700657863,0.7974529257811583,0.49897899458458544,-0.8878667994815478,0.008870265877319036,0
-2.0422495260550786,-2.139605730120828,-0.17453333487648556,0.06875302778458202,0.28060152370715474,0
1.2827974362362171,-0.32328539994593514,-0.9576818522409183,-0.10374413781193458,-0.2534688590413149,0
-0.7061266475008658,0.9335900416300488,-0.7482523163654301,1.2139897412290406,-0.4035593878501041,0
-1.0439049275710575,-0.17664899897877126,-1.7121980309829743,0.4770038037892613,-1.079240810430471,0
-0.6345468165452617,0.7597082333717777,0.29077554417948703,0.5058073241569052,-0.08420401559067828,0
0.9277690263642687,0.5990252531759505,0.029767425994502127,1.0211581139410788,1.3407152142331678,0
-1.0873877201013689,0.3630242035557193,-0.49799382764245703,-1.8982460403988586,-0.5359399217817331,1
-1.3059070695523818,-0.9946902403990808,0.49675755655786114,0.42521801272074655,-0.6700283286137969,1
-1.2967542387637863,-2.5629333177845486,1.7492949475012103,-0.27414454135464,0.32390073993105406,0
-0.11328710955322964,-0.34368459876082347,-0.5025441980017619,-0.4995716123980072,-1.4776937018796903,0
2.6042171684278403,1.1031812347560495,1.7103803363087462,0.500496916192532,0.012173996304320308,0
-0.8965714223704541,-2.079867091180013,-0.6015413330835709,-0.5153592752545834,0.1473238390275835,1
1.137186539905246,-0.28602392299938734,-1.2567827642504434,2.484573940916888,-1.5204402993152932,0
2.8720421332565063,-1.7427742740615817,0.004353981631378314,-0.4408183099389902,0.7373132843436111,0
1.2291738327413795,0.7365023695484925,-0.6594749303783336,0.21356669704022396,-1.1304539200423354,0
3.3428691594290476,0.8580358468630572,0.8924487414023413,-0.21877575938575708,-0.04521470664631111,0
2.4073870442394645,1.8833484568066903,-2.0936632157660977,-0.3815424927313318,2.5604833230228623,0
0.6295233895037297,0.45938404010657774,2.1196139275078574,1.189844524822398,0.29194427995810585,0
0.5366265798115168,-0.10889444668764811,-0.8393730815630384,2.6857873317868637,-1.537129159493761,0
-0.21807973446150464,0.4104045714920297,0.7484471449053268,-0.7330787868534843,-0.44938267917886293,0
2.225450417354298,0.38105006399211855,-0.6125274931984478,-0.7195304537918887,-0.4974150627960826,0
-0.4648686970385791,-2.8642855826224656,-0.5238484318712294,0.8711467787127881,-0.5932099142552394,0
0.9228226965727353,0.23868595433624806,-0.2513642316948921,-1.3714688037817448,-0.795208786500452,0
0.2518043946083937,-0.716174344029378,-0.23422225416708622,-1.1767241050271826,-0.5365168056855056,0
-1.783030617708464,0.2337323324645195,1.7624417130053733,0.37925630606892113,0.10042156319876135,0
0.8443459417964668,0.05498547598285229,-0.15469104699647682,0.07349103553586007,0.06798593993563047,0
0.15529054838779585,-1.189799934932114,-0.017531522501131113,0.2702194794533622,-0.3677058596863667,0
0.18078068137683823,1.4660344827740095,0.7553819988085673,-0.9043021791903518,0.34864985289551254,0
-0.3693649165617753,-0.09610163184129696,-0.19540615240911452,-0.8953482970509441,0.9559851838784956,1
-2.1803986296911715,0.4216403399557584,0.7234805524452741,-0.23743112712988915,1.0330833470199277,1
-1.0791107831040103,1.0213211601069265,1.2882098951406022,0.5714030885279745,-0.6006348675058513,1
-2.70643449919501,0.5181486153485171,0.9585026860131816,-0.7857482067794012,-0.44561614375631053,1
-0.8410122360996494,-2.2831131341962463,-0.7051809377032714,-0.0513162372121402,0.6695327346303072,0
-1.6367262622931618,1.4187395261575275,-0.8403404480827188,-0.7943039963971108,0.6090971989217606,1
-1.0209783855880696,-0.8938530088626361,-0.4085091829083381,-0.448523293608672,-1.3200216117429957,0
1.57219111046042,2.713140619780142,1.8763998527028531,-0.9359856480454922,1.6385040170158216,0
-2.8781431077507347,1.5894228189402124,-1.6319684922131739,0.2540458490573995,2.1712360832419737,1
-1.7862894253569535,0.8324790273708516,0.9176707655250732,-0.10672335068235697,0.04797776433520836,1
0.1674688767334624,0.23778434384216712,-1.192330828522773,-0.5090456414160651,1.2778717989376047,0
-1.194882798216857,0.0837065281102546,1.227082233916125,0.5205940472051274,0.6040500947133526,1
-0.5055012140416415,-1.5954060447683605,1.4504413866726467,1.4939543168006426,0.6709747759891889,0
-0.48816979754338813,-0.28867676826988925,0.7266293931709875,-0.34538251837805173,0.051203678614525905,0
3.0256471712798527,-0.12043137995180542,1.6741952296125069,0.7494849324525672,-0.053697470286596424,1
-2.56915024547007,-0.06514126630470679,1.1935809145451775,-0.40987516762622767,0.132955118380466,0
0.3288123447471611,1.703368305360027,1.5626941543845119,0.6402274192839502,-0.15883684526992756,0
-0.66639995786481,-0.3433432666254119,0.4552858642715095,0.32960946943631364,0.9731178224672372,0
-1.6664439466117502,3.4290187114257127,-1.9855500399878332,-0.03399266699838969,1.8865300694549998,1
2.900005509744023,-0.5891899039777949,-0.10050633233349673,-0.09067532811578562,-0.26238637222510824,0
-1.9818158536875503,0.34585043824201206,-0.2748904506711925,-0.2266286658671567,-0.32562447992417803,1
-0.9186800508191431,1.2400137848800517,2.567824317653896,0.48189051318705994,0.15925941752160488,1
-0.6871840891935963,-1.9881372191726545,0.3547335808734517,-0.24807063328292436,-1.0234619307377815,0
-1.7521912818827388,1.6451853156905527,-0.016546457822766574,-0.1529335819436005,-0.45790338863103136,0
1.874311728941582,-0.8020560653156562,0.05805955504998085,0.11353214438368603,-0.1387708138393272,0
1.3032737144401856,0.04438645803508253,0.14760107638709583,0.053375133338816744,0.5991217991061718,0
-2.575095618124175,-1.0266715366566117,0.9852579970778442,0.29263305076951207,0.6194970445688591,0
1.8643999896699284,1.1890266725027203,1.255679731172125,0.7808194722755498,0.45485753253617905,0
1.6015116515295313,0.6668280875314468,0.31459999785729637,-0.35388907865905267,0.6771870817250679,0
-0.3209243237479949,-2.625638240937746,1.1907295774515654,0.6912987375016519,-0.5569420257437673,0
1.0180351618507568,1.0709873512875432,0.835515844095986,0.7743002394125601,0.2247266820085117,0
0.31849006879721187,0.04386837300285433,-2.825071870197155,3.4508196493265895,0.6871764655518497,0
1.3922587538184104,-1.0769504438734039,-0.7785225553120177,2.1603238748809517,0.0965669037598561,0
2.800788193543599,-1.6947216966063492,1.1704779609078906,-0.4782184865149231,-0.05011758642171088,0
0.6213510893168325,-0.6623456188808774,0.9111327128903989,0.7574883095241394,-0.49303822806267844,0
0.713304099484716,-0.6816691469475779,1.4140834082981202,-0.5311295472698364,0.7286884699642708,0
4.674407105315081,-1.2996681618387178,-0.05669418096611626,0.8450458493838117,4.367583954015919,0
-0.7291204034639426,-3.0732270702179014,-0.5524936970053586,-0.3925824753358816,-1.496193035912844,0
0.6769063023441783,-0.45643842478741087,-1.235683517450221,0.027149816610558618,0.4558410516018207,0
-1.5979734412462099,-0.2413885042505422,1.370130670858464,-0.024181140359992238,-0.619720021404054,0
0.523701763774628,-0.4780869629322489,-0.4073006143540661,-1.8810417780184006,0.9433940930094936,1
-2.7186035868076006,-0.12424309805418549,-0.8142660909631836,-0.19776181960235417,-0.7947761593444681,0
1.0947678990656575,0.888967134747078,0.8679109182715348,0.3660045409103593,0.09481625037100404,0
0.2618716165753528,-1.389781107802778,0.29042250553116755,-0.962338509937432,1.4898452772223054,1
-1.8871134606143312,0.011081876625059382,1.63123328677257,-0.5839443416336919,0.07080611725218477,1
2.5746546842185136,-0.5808248557622964,-0.4249665333150442,-0.9095701495634583,0.12008883287466636,1
4.242972764380078,0.6497187021694987,-0.10822981194902624,-0.8331282504004786,0.6948716480588664,0
0.16188016101021985,-2.016487471650201,0.10275250478994219,-1.2242868721428117,-0.3834079728055874,1
-0.36352761984118687,-0.38053509457754103,0.7313103065995628,0.2628757668634437,0.6186258242499625,0
-1.6635242678989082,0.7606325688937685,0.7415558154021845,1.487112173459548,1.6914168988488074,0
0.7047992656564656,-0.8923240087915156,1.518030097365312,0.32048371883228743,0.20874384522318642,0
2.588746762217646,0.2617047582068402,-0.6608465330515135,-0.07483576459647946,1.298345794338813,0
-0.5534806621785305,0.04536910393464658,-0.708368877642228,0.056699104680919675,0.7600811427776891,0
-1.0667705434784536,1.2904969519104108,0.8279536378689943,0.2822013239040183,-1.1154522811142988,1
-2.320014224686099,-0.3204351429990511,0.7979749798078997,-0.9414378151042051,0.2399777953162258,0
2.4808990963912034,-0.30119763437427277,0.09490211182333075,-0.47959900049788623,-1.2396742975152653,0
-2.0170328284008128,-0.6369989293346265,-0.37963870572750597,-0.632213462262335,0.43716262282657636,1
-1.6875057811915766,0.4999767194366493,0.10723921998264918,0.7383913929199621,0.08068575918754103,0
-0.1327369195020836,2.063029918081083,0.43564384496427283,-0.48054136529713604,-0.9397707335224557,0
-0.41066799795007236,0.6611228336469125,0.1031298784140364,0.013800858989946567,-0.8281838741635164,0
5.13736337090745,-1.5633804740896975,1.3848898460490053,-0.18495016837696254,1.094176116445078,0
-0.7110427730877588,-1.5500636529286218,-0.650216942286216,-0.9681318224414103,0.4693497071946577,1
1.8726220829491693,0.6188097402520214,-1.8857115828187503,-0.06207541857126039,0.5482626546616459,0
-0.9091432182917505,-1.5033598070964884,1.117514907686063,0.4455181224433622,-0.16811418458587282,0
-1.2946723284657788,-0.0008008948778726086,-0.21805359403926325,0.11376981102046783,0.27325703769621296,0
-2.168687809629034,0.7904456014334581,-0.6404186319610251,0.4584834134628845,-0.1314320966677104,1
-1.4732261467073282,0.29969149885585905,1.561163926823445,0.5658339502830336,0.901541052489913,1
1.7167195798492354,0.7109669126519087,0.24484430206018834,-0.263160582983831,0.6296853374747338,0
2.4327932719080207,-0.40647187842212806,0.07540093311478276,0.34998949341305746,-0.12317520186234004,0
2.113652845573272,1.058783681261939,-4.363014676783116,0.5847479110390941,3.4600954607900585,0
-2.553872055745903,0.1064781638837946,0.5352370251275623,-0.026996672598828698,-0.6992279444281612,0
1.9935092537829266,0.4891573573518857,0.1111591596161882,-0.6566472454990907,0.7159774856703395,0
1.213951856053876,1.3553829755600695,-0.33663749059818393,-0.42131961168399046,-0.28752484805562545,0
2.8950806377882348,-0.6080438450405051,0.5137356708153584,-1.3166592004290887,1.0494776281716267,0
0.42955754105098404,0.8149688981539507,-0.5809047869098457,-1.0938838317568453,-0.8110989001514295,0
1.1724941405841498,1.993958423662151,0.7604586801336537,-0.3233534331002647,0.036589778997190764,1
1.5932720614893974,1.246250912706509,-1.1864391244182684,-0.934952199517596,-1.5446411064434027,0
-2.7407149891224942,0.3397967547459707,0.4242911508129378,0.37822722771786227,0.5611252392357367,1
-0.3987758184524661,0.5337023427301886,1.1041317693457187,0.43484485417232355,-0.41253769117526506,1
2.3236119104618345,0.8839707162097887,-1.4877634082266762,-0.30778387560885184,0.7167542504249242,0
0.33366985810030414,1.2188458433031495,1.3362580493528697,0.31586454939844383,0.9801687113001415,0
-0.3314631392337749,-1.481699824712158,0.07225886511209953,0.34316620768661976,-1.587740686644725,0
-1.0369015551498661,1.5955717012291462,-0.29371916232062245,0.07903428304339352,-0.19062812534895987,0
2.7254804417277603,-1.3730832113230866,0.3967456767824904,-1.0948650969964073,-0.15793975456238823,0
-0.66804218106282,-2.3088658059129226,-1.122834751250171,-0.8962788088053385,-0.404055884324063,0
1.618629672219314,0.3274558112732021,0.5782831762301299,-1.2980569276761815,0.7003038867795954,0
-1.3248905659925154,-1.0035092785429605,0.8421998769371435,0.482934838168673,0.2506009418273973,1
2.2210981907828615,0.8777294276082058,0.05815883961550428,-0.09730715910909248,0.3130971703896429,0
1.6612629474089935,1.5631230053311274,0.7772467290446176,-1.3585847294924527,0.058836050248416004,0
-0.8901374515179824,0.9510811690793812,-1.309876649004068,1.0428256797073459,-0.5027991829439163,0
-2.0285078976203272,-0.4271663648626688,1.1315498425487323,-0.024894456723198653,0.3866660718905031,1
-2.1053766520521924,-0.5840570673073043,-3.116483834798304,-0.5903097789476169,0.3681996832394384,0
-0.8981373816144376,2.797853554966034,1.09952397874494,0.9386473615224928,2.3542869445123924,1
-2.5440201018708652,-1.3015094090474408,0.32663499894715753,-1.8547160207743796,0.2193268588996186,1
-0.7923495797455163,-1.0920323861837238,-0.22695056937560426,-1.3196413279166743,0.13554886315549064,0
0.25684766562199535,1.9881620909088698,1.1821206151153931,0.11231803619237181,-0.8186421148096669,0
0.5763649232956889,3.403446004219062,0.9085670591854238,1.746061867897613,-0.04013235338365319,0
2.588746762217646,0.2617047582068402,-0.6608465330515135,-0.07483576459647946,1.298345794338813,0
-1.3721817787202253,-2.137489650397899,0.2993877947864348,-0.46789307383806106,0.32978232660434426,0
-2.2630400163627082,-0.1646869347197024,0.6589948476269766,0.5393369303535311,-1.4135816608511045,0
-1.3964835125401025,0.06320003958133849,0.4676484883355877,-0.30120041175850687,1.7901909491151564,1
-2.3113535104096417,1.5039983239426136,2.4163697538062148,1.6089083777087207,1.1679812784643862,1
-1.8855615831790535,0.5190090865500374,1.7523625951528723,0.4986571000858964,-0.16023543958381722,0
-0.13786773753047074,-2.101557081952068,-0.981639210361453,-0.7898852270031758,-0.2890282824394086,0
-2.9648210265406445,-0.9149853372044477,-1.915361816157284,-1.2278959159490561,0.2588199755805803,1
-1.523567188645838,0.9240403136719249,1.9917405696651458,0.3970120175514988,0.6766867446301187,0
1.4531056468594306,0.17817874074259252,0.16112743271174795,-0.317182873968986,0.48028544725510763,0
-0.21807973446150464,0.4104045714920297,0.7484471449053268,-0.7330787868534843,-0.44938267917886293,0
-1.0008997989158146,0.543101394122101,1.5296039467555083,-0.5396523554862567,-0.6573805681509975,1
-1.0966380071029909,-1.9132197193341454,0.14378902148917433,-1.5271713643249527,-0.08031640595952867,0
3.224382307282227,-0.41171313543347277,-1.0864483527918705,-1.7755054420287213,0.6349449696849077,0
0.5256240046035504,-0.6069751786751916,0.9034156654627885,-0.11640619884406134,0.4443813556109141,0
-0.5390533258637628,0.6919539605461196,0.41730492325608026,-0.6909405684090364,0.295335192929178,0
-2.314767965317041,0.7322592145432892,-0.7859405687949146,0.043672939992383045,1.4395584177928527,1
0.20538704671640842,-0.002756599191556916,-1.189851955490775,1.093820968393706,-0.5875596951714053,0
1.5564162018102432,0.062441121270167606,0.2175255889748809,0.151143466978799,0.3509083137062609,0
-2.9943741698939625,1.5789696268681286,-1.264204473494375,0.1582615109798723,-0.2980716178643667,1
-0.8874230073509801,0.9338804533718078,-0.9636474684452992,-0.6790763264043426,0.435508866581492,0
2.819441256043019,1.5077478828133888,0.6694108720095793,-1.6388749061986965,-0.2111385392771965,0
1.4109985440731698,-0.1591929644882059,-0.09821290214986472,0.9079149906703489,0.28190542521702533,0
0.9065214576883615,0.37835817136794647,0.8374633066774078,0.02900956121537586,-0.16938375995826294,0
1.7352114109047743,0.4768639253710243,0.7588303435642106,-0.39923624964623244,-0.13537474896319512,0
0.7815817800962938,-4.660661727998246,-1.618403253415436,-0.28967490318285755,0.878998838283997,0
3.307181413500998,0.24439203236729992,2.210741929383293,-0.41745496181811853,0.7464602077119137,0
-2.1554100700233336,-0.5406329274318461,-3.2746787662728307,-0.47174339027234163,0.5504534502630112,0
-3.3236582096554597,0.44036975029704034,0.5638038225209041,-0.8153342364964167,-0.04074307052065109,1
-2.447529232699642,-0.234854120756613,-0.08023159356349731,-0.4560529331872086,-1.5100604912164897,0
2.900005509744023,-0.5891899039777949,-0.10050633233349673,-0.09067532811578562,-0.26238637222510824,0
2.7448958669270467,1.1145130894088329,-1.490282340462294,0.13629839525237697,2.1682154210949722,0
1.4759942554671663,0.8430250559772219,0.4897490950801184,-0.8371441801920706,-0.1740035173253334,0
2.1698237021484013,-0.17369692027844166,1.788825527000779,-0.20780817777327965,-0.12639873762483086,0
0.09919481130669021,-1.9467460582835763,-0.6640999373948065,-0.4615145582189191,-0.07839567878544992,0
1.800019787013625,-2.3158517525203774,-0.11259128432478818,-0.5229866186837171,-1.5216385043023737,0
-3.4912980783050354,1.9333173715150636,0.1808362881559818,0.3638587190761342,-0.23488003156410975,1
-1.3664964860312967,0.25459039547503803,1.0284099935750042,-0.32749277130694276,0.3061428356720915,1
-1.7142331257736159,0.5893408724258108,1.4210077499752265,0.6660975720660517,0.08375208396814812,0
-2.4420524418150635,1.0515044092840156,-0.4917827830276155,-0.4378493568185406,0.09115868407951691,1
0.13901211578094352,0.13334528827001688,0.19111092359382773,-0.03281810900789346,-0.9924097391074678,0
3.2424207521237003,-0.9090114077302591,0.4193555442050353,0.11364384313798727,0.48700122078560676,0
-2.092410983362988,-0.944834050099776,-0.6305834243752152,-0.6524450657579955,-0.41310575774490227,0
0.15704251817447903,2.271469507925861,1.212476220701021,0.1946407564341239,0.7724140385037032,0
-2.1504692247747106,-1.1900460845690952,-0.8737732442442584,-1.4961614335974915,0.32759896261041505,1
-0.8562525803969506,-0.3100882995798509,-0.9249629212582556,0.415753300873836,1.0522667453896726,0
-0.9696119381930511,-0.3699514610381608,0.5229585882272242,-0.5452951523635081,-0.6220894479643311,0
-0.830127213235173,-1.2778600060497012,-2.6283975927877608,-0.020512116156443876,1.4932839652504604,0
-1.9318426638372386,0.4216161464001583,-0.17110250815820907,-0.798217956362533,-0.5803269017258902,0
-1.1904096795705408,-0.843882372131669,0.3217860508515872,-0.2631517228334511,-0.3213632745743236,1
-1.774089919425193,-0.7822303200545796,0.5401401496049698,0.9428822080123618,1.1810108489513709,1
-1.6945786270485697,-1.2144741025216377,-0.35732988262933935,-0.4392949086669091,1.2161740035668638,0
-1.4041254247798227,0.7908538209799841,0.22528440389302062,1.2154047153029788,-0.7069891682900368,1
0.49311828081643555,1.4143510756417577,1.9038360245722896,-0.3680622680135965,1.3253367166552512,1
1.1848944989162924,1.4012258724885756,-0.0629201233702717,0.22124994183269914,-1.1862787473479655,0
-2.196215050798584,0.17540461304166308,0.04193291227496702,-0.03163271080530982,-0.8558802950197646,0
1.1324018016635198,0.13696721507040313,1.7893524806546524,0.12028032210134762,0.16571018161162085,0
-1.7819378792892635,-0.12131880909303776,-0.18719547058178224,-0.6766955018463225,0.7042513518141861,0
3.1786458619374236,-0.9936713697260611,-0.26032209108389537,-1.7195726710765995,-0.2654821728541604,0
2.498723514083868,1.9901348389346065,-0.6318935711856776,4.014725680403114,-2.8396966905413223,0
-1.4567577696904992,-0.4399012848941455,-2.775009902887485,-0.21876668959176881,0.8842896920199935,0
-0.027432107747818773,-1.7442750958941433,0.8323251487890364,0.23643542420933622,-0.25338343050885714,0
-1.6421606538468618,-1.3880694679115728,-0.32768387393364834,0.1071405094113197,-0.3430993728232801,0
-0.7991420342629048,-0.7991089699073339,-0.28436641423180575,0.5495065142646144,0.48563432812993684,0
-1.2103402610219414,-0.25394242594536065,0.5668268197347867,-0.5897770708159479,0.4480232126563796,1
-1.3245176913261976,0.28895605233730165,0.06410112136483685,0.0031201481031428164,-0.6966861000541236,0
-2.0885879340443427,-1.199189965723467,0.12776304138816455,-0.7099247479130292,-0.04450791755731556,0
-0.4162208044470471,-1.4052238175975418,-1.742246322177017,-0.3464193432049802,-1.238265794517075,0
1.7876406001448124,1.1914358530913243,-0.052380449595636154,-0.7970973113796956,0.31498220748855604,0
2.1308050552675946,-0.21625283708960955,0.20405984798996663,-0.046033095619446414,1.1319391100882907,0
0.46112584149146785,-0.5007589520848351,-0.4249916308058195,0.9507530399885668,-0.07577394030292628,0
-4.655154930375346,1.129407534660493,-3.9389706883712843,-0.08082736508497533,1.2366386079186826,0
-2.276674588157859,0.7352370870602234,0.1180436891011522,0.44341464313082884,2.08603420338195,1
2.0331372343858587,0.6849533734347495,0.6038721989503518,-0.4969548560853308,0.06393767529136218,0
2.1468843860210876,0.009165182071838586,-1.8141559564758702,0.19115113454564409,0.6942366120965441,0
2.5706522779791934,1.5605094920995293,2.621472739841906,-0.35508591074719226,0.8039688686854808,0
2.900005509744023,-0.5891899039777949,-0.10050633233349673,-0.09067532811578562,-0.26238637222510824,0
-0.8979761433891018,0.34016712189250464,0.7726103887636652,0.25607264473403,-0.5427341042663871,0
-0.5397201590995355,1.7581744363727285,0.41338839550510526,0.1337527683963939,-0.28305634271728863,0
0.1390296200484601,0.6091524998340601,0.3787362057747468,-0.30016679017603815,-0.5947567338271564,0
0.36019095475881546,0.39055853827884396,-1.004761592667055,-1.0739401065562972,-0.6195937411349282,0
1.297800054312471,1.5430624144414362,0.11272646930369795,0.8305698657276877,0.555583620433057,0
-0.6745224657523786,1.1672796048987952,-0.04674042786543263,-0.5732242736737803,-2.1755389280380686,0
-1.5040076088480525,-0.31284989492731236,-0.2173063295844346,1.5585419855231657,2.281568832752475,0
-2.1516465979424058,-1.720834792671208,0.3780536653050522,-0.7104933156138189,0.2507815337078192,0
-2.30720928944222,-0.11903396956940221,1.0624935894608152,-1.32241889132124,-0.11187123086400577,1
-0.09238625551759914,0.638939719388959,-1.1515584783743729,0.7079325265872847,-0.7096084596019013,0
-1.7342840712450778,-1.885267579266699,-0.8545151695477219,0.2317553968396131,0.030467147364896762,0
-1.2412926422801203,0.9697627302994741,0.9929165918221113,1.0412771993469163,-0.6423190957682696,1
-0.6930433858419924,-2.643971942282873,0.42684652141431045,-0.3259041942751739,-0.549708523156948,0
-1.9784514797460893,0.9062720597021607,1.7511769092122225,0.8990239321163644,-0.36364712456906706,1
-2.1205975852587553,0.8184281525487148,0.6949867711677141,-0.6663381489572339,-1.7298855526796995,1
1.2030212545462662,-0.33279910664465856,-0.8168493558893368,-1.1888730910700187,-0.11404761410184984,0
-0.6467280000833735,0.41032102276874877,-0.10445090654748045,1.5866244207707398,0.49866535974058174,0
2.620114272579376,-0.10281964187089249,1.5740491394748612,-0.6984070387855924,1.1557371252110935,0
1.981098142528652,-0.5056016479388195,-0.8029544548226842,-0.18551543253893965,-1.1225917496088098,0
1.9766239180621363,1.0760485796776624,0.9220447962576745,-0.29900516385893094,0.19770049827600855,0
-0.06034614708618821,-0.09327212928639467,0.2053304817021611,4.015367754734619,-2.0377440273465703,0
2.524600177347263,0.4668846167314031,0.8591071677860954,0.09230551676545626,0.9767204018395198,0
2.550914644439148,-2.652918322294462,1.1232520740196283,1.1751923339130266,1.4090021277419416,0
3.4418571229363657,-0.4003602411259507,0.5411116221036636,-0.6828686827629389,0.6070654506604559,0
1.4792136413647763,1.0788522666857479,-0.7368484048708326,0.5119390021797098,0.9078913758992948,0
-0.31552857591234584,0.5603086909091564,1.8364371073730716,-0.12129116354995785,-0.8221143014437846,0
-2.7734747617239335,1.3830623475958868,-0.2946948469853776,-0.33742205947795295,-1.43332359623034,0
0.20458652239851643,-0.06775353034556489,-0.6082098730148634,0.25579455989867145,-1.8869248794675564,0
2.432044916151749,-0.19245935461567842,0.6605731646143965,-0.5711523080235608,0.8608876815293327,0
-0.6972438140035855,0.7023085417194245,-0.04491456392390401,-0.1935716600480518,-2.3376561864734424,0
1.9666131165281597,-0.07141477573708739,-0.06172352427844822,3.301459741668653,-2.5028649623614707,0
1.4076878182411188,1.2866623503904324,0.7282705748961184,-0.028857165382422632,-0.15085841084931392,0
-0.19879330825792368,0.06497100056887606,0.6057030951493171,-1.6009400398907176,1.5410724398397206,0
-0.08187986127746763,-1.4883987014827509,0.4888097545335779,-0.2831812190477377,-1.0329118212790471,0
-1.6015337332201638,0.8103969010777196,0.6582209746181747,0.08346168571412864,0.8585524757464027,1
0.2878761258149483,0.27469978327011196,-2.6204797386991303,1.1005191320548737,0.6335087639660604,0
-3.221814923431528,-0.731185452046406,-0.5229346482679508,0.13330085877481565,-0.305032898361536,0
-0.787972236571807,1.1332270766082009,-0.43472861435755755,-0.5845194725582014,-0.9070478344692261,0
-1.712159421786235,0.2262075559816483,1.3065261767113838,-1.0176962478566307,-0.5042322229152069,0
-0.16983217498421996,0.7808098513455672,-0.6223904351641604,0.5901140754103292,0.45955370746312446,0
0.5670166936055672,1.1780940879085955,-0.4760398734870011,-0.9280815735660356,-0.6426041362119436,0
-2.24504323530035,-0.10640602997103212,1.0992468511996947,-0.6133495826071378,-0.20038196039869177,0
2.5036041283355566,1.096272743018517,-0.03725657669220408,-0.88374341972594,0.23019880722270578,0
0.9656757253035566,-0.7791737419008965,-0.7698783518906158,1.1260074524347343,0.2544279421654777,0
0.5620684172121369,-0.28368009768953484,0.02599714005597491,0.054700315500899106,0.23731194974544836,0
-0.18970821193378162,-2.3352523619916177,-0.3974178685160278,0.5230705941358152,1.7085160539827886,0
-1.8125467185421986,2.866573209900615,-3.275251156593511,1.5844625198473894,-0.9502580640087722,0
-1.6823203753158626,-1.261154637534918,-1.3155138977559824,-0.8822832444966564,0.6177221665491488,0
0.586357202041356,0.8459066012660238,0.3362252482953108,-0.26663089189890704,0.4270866046943336,0
-0.3703293619827799,0.05420164172585883,0.8073591215998954,-0.415154158473251,-1.6905550959683302,0
-0.8305962490403949,0.5575464383100672,-3.2434404718075673,-0.21546500403915908,0.47384319462311825,0
-2.3299168362482434,1.0086992058525703,0.0724008061681158,-0.65832276353226,0.7027210924556572,1
0.5075211743716931,1.2771140292923315,-0.6831535412732794,-0.6780692230447702,-0.8650802286155697,0
-0.7306819784952392,2.79504943433642,0.11528902255959447,-0.18524342528292215,0.5031161092180767,0
0.5168753791378201,0.6455179895123844,2.0134440434888057,2.4826612954262375,2.398444406555164,0
1.7488699762811504,0.2719493527108737,1.8446041809953735,-0.12858697621855467,1.080489505691921,0
-1.0028361459534367,-2.130585138056944,0.059686329526430625,-0.28636002272085714,-0.36764621965100913,0
1.757964998112759,-4.849787713960931,1.2446918819225075,1.594043629917406,1.9438046692973794,0
-0.2391900872249308,-0.29377125244795355,0.7878388004859299,0.579182002593315,0.7613487929615482,0
2.9370389080742543,0.4379826446712223,-1.2988862431089845,4.554162080136138,-2.8933857323338255,0
-0.22587983596353856,0.20456247348205478,0.002176421232826074,0.21864051628470016,-0.03772742718037527,1
-1.3033448776693735,-4.026236250558074,-0.7182479014857127,-0.24820689205037744,-0.5945302557307451,0
0.890530020827797,-0.6584840652451818,-0.5549172098056737,2.599208898428783,-2.1031558090054547,0
0.7855250612895228,0.40556007206135414,0.3771629285961608,-1.4000783921443096,-0.7848266211668132,0
0.15040234592415855,-0.7532892211864978,0.7844550239409992,-0.2707755916966872,-0.5819696137946906,1
1.7147866207675726,1.381424008467026,0.20306880221486054,-0.7208518826451825,0.3163735157046675,0
-0.28336655695197205,-3.317991220898936,0.29692956758387273,1.1954492657374132,-0.7996869200634196,0
1.7430908873667226,1.2360185155359489,-0.29298179152812315,-0.4731713299872757,0.5608448025650127,0
3.190606830033505,-0.42759971701458355,1.1127790759186893,0.6807046792722815,0.364531752609644,0
3.0970752215668766,1.0772474464978126,1.1426606394779426,-0.49625431125522595,0.6815028425007202,0
-1.8478482393801239,0.14614886346961306,-0.7830055085835369,-1.6703463099979952,0.33721422494038394,0
-1.942938573055047,0.4084593862635582,-0.1351803937857493,-0.3842609261984926,0.26053943936953333,1
-0.7036147991821621,-0.4675272954211378,-0.07915893587577183,0.28257839473477536,-0.6610707391090214,0
-1.3475566469332017,-0.40239792363963994,-0.13565874237034958,0.1889740822320662,1.7437214114893083,1
2.0121995834171535,0.34292074416411106,1.9017270192478144,-1.1021648025516302,0.4734091773964833,0
2.6069333850617116,-1.3493504287053493,-0.4483876914907238,-0.616899659243842,-1.1271573575454654,1
0.3317618018877273,-2.043729861701021,-1.556317205097869,-0.9708907372198202,-1.0158172608072957,0
-1.365764833021329,0.28912513675598467,0.9506119002100243,0.47929741977310947,-0.21532217779470259,0
-0.7493384819031549,-0.6853431270155703,1.2249674164603803,1.0019781638936034,0.06107788492136515,0
2.5493102096402755,0.15733806093000122,-0.012360735138558104,-0.42197841779128437,0.385992436853377,0
-1.9280955714296069,0.7926489275302052,-0.02033053522486046,-0.5523055983909737,-0.44264534424125596,1
1.4615494924314185,1.263424819183742,-0.7091853967972088,-0.43680797797107285,-1.7811932903195227,0
-0.48091103863693496,0.38824537721649993,-0.05301912041356305,0.6584681367305062,0.7729994282748195,0
1.0255018207055437,1.58951386568942,-1.2254942345827737,-1.022669519044347,-0.529782002671027,0
2.4305005077370123,1.4708661792127489,-0.05709904826391925,0.5226332719378257,1.0811031670561895,0
-0.2175141570903966,1.554169797330371,0.5996043773461375,-0.33440609314505293,0.3458281758972388,0
1.8295265667247216,0.7775142715519225,-1.989568524569603,-0.42116542625254044,-0.5171011773079058,0
-0.33100316451980644,-0.4841072275892669,-1.4821582475830333,-1.1983300798964411,-0.3971644993463334,0
2.049240912660889,0.5494502775019684,-0.6256193973115531,-1.7066546751608225,0.6794740240452827,0
-2.7573556684377323,0.4521971552184329,-0.46430165181899585,0.19354839029076087,1.3478586156994767,1
0.4458642442974001,0.9192590783563889,-0.15088996343713665,-0.11128513742231934,0.11663232034007476,0
0.1346637104537497,-2.7934099219411226,0.33504607980133166,1.299159426431136,-0.14340864772007464,0
-2.274682663821961,2.1496968717329956,1.5562853520168063,-0.3628872347351279,1.0828433136031492,1
5.15143422543483,-1.1399759247815635,-1.6378934513560006,6.468128409014961,-0.9890191343589716,0
1.260384845512637,0.8829610397398407,-2.166086332310791,-1.3694511633710702,-0.6826602466583411,0
1.5108838093712613,0.9467973335564059,-0.6589739672185452,-0.1337519882371668,0.302389184048376,0
-0.33384905428337774,-0.5119014618429799,0.7534687290880225,-1.3910878472764714,0.20535231006014712,0
-0.3496618312360017,-1.4367915927482362,-1.2299429517999942,-1.7777228773370979,1.8790439621253374,1
0.9858770729397123,-0.11345925807967383,0.2242642031098704,-1.0048899955851007,-0.5673973218571509,1
1.1125593942573917,1.8844060890374559,0.8006969872867862,0.8562612562268124,0.37729737139609976,0
-0.8372276388007112,0.9991511576261013,0.23954932868664314,-1.6179694943490242,-1.3987656943772555,0
-1.256915686762926,-0.717375951935157,0.24798383721681364,0.6268938533357311,-0.32442274046215286,0
-3.4441057721604613,-0.6790044043528833,0.5839304150773211,-0.44871080867967206,-0.7367020700122123,1
2.431216247662696,0.8791759734097186,-1.162210960121927,-1.1059261142339107,-1.6172473594803876,0
-1.1949787878638658,0.5009399829467607,-0.3264593934016905,-0.37513068736002886,0.8833515528264577,1
-2.9325351841094394,0.8798334672877561,0.64298328049888,-0.7669930541647165,-1.2684516417787834,0
0.15900327156782565,-2.0048889124931524,-2.2939777643051262,0.4913443630110471,1.6733032594990263,0
-1.3250256814192887,0.7056355753128474,-0.5796222629264809,-0.028770921658032845,-0.2306654187458838,0
1.9632464131780047,-0.9262875420100857,0.6711405820713511,-0.18803015754709185,0.8117383480817553,0
-1.4204009527955497,-0.5648293335757396,-1.5809593713740535,0.36720652676558435,0.587765546620855,1
0.2511326316635198,1.2487445278476412,3.4847084325855073,1.7916137755404884,0.7083941294221571,1
0.46022902254230275,-1.9778925572431951,-0.1263247222389066,-0.8564448988233686,0.4472848571330176,1
-3.3895921330958845,0.10044658942175701,-0.1844781558944853,-0.7013396623014224,-0.9696374226158451,0
-2.188853758193938,-0.2166012970551879,-0.10316021183253785,-1.434479550525861,-0.9221558484190342,0
0.3403712314141446,1.7694917549759028,-0.0241791728981314,0.07248411722865854,-0.11527084226602377,0
-1.6286859420431932,1.9690439298947837,-1.4561690368561166,-1.3133196324598178,-1.5498218987530057,1
2.4952716502266954,1.2576336129149162,0.9042786583873551,-1.0374695639573202,0.6808673454323737,0
-0.2019525138550788,0.2768308369045471,0.14843526195896584,0.018017400032690215,-0.5484321524131326,1
-1.1579089206596538,0.5935095350285161,0.13947359922389718,-1.525643142458889,0.31125102558405154,0
-1.4743095573419833,0.7922327135030174,-1.880229877160809,-0.44409510134790847,1.5096391085825651,0
2.385538937226983,1.3249571222149865,-0.5008635542925963,-0.7604129541597436,-0.6168561022993074,0
1.4272365293992637,0.14333192194035818,0.045219117170306994,0.09222019684279496,0.21977396806695976,0
-1.0287998460357568,-0.35118031316935405,0.6438688111284615,0.6412163622244804,1.0713363664898339,0
2.5115428881263595,0.43044590842015024,-1.211345307939278,-0.4838989988528258,-0.2590110774197846,0
-0.9057253498597725,-0.5597292595045813,-0.7301118178194846,-0.19494179009674695,-2.2271098928926003,0
-2.3421356548777683,-0.624432496346243,-0.5206675448211242,0.1955853318756419,-1.9683884155688949,0
2.0478957846249894,-0.6872449527882336,-0.32867421359062826,0.20556196575337804,0.354619644344444,0
2.795367734200294,1.578554344568243,1.3141080958668734,-1.0157413866847131,0.4016689716163347,0
1.3381561159450022,1.43280302020645,-0.7057797387464378,-0.35625700523722553,-0.46702837407477343,0
2.5563339720571854,-0.9563378614418124,-0.6817081526974803,-0.8501886639402867,-1.062927484731132,1
-0.439876077224157,-1.1091260413100967,0.11388323143235422,-0.4488333610398585,-1.0319958454616158,0
0.8025309436918403,-0.02339651194890182,-0.10360198158081599,-0.06459977931065825,-0.014867927001372088,0
-2.1585438794532013,0.17438966464780475,0.48200383537208713,-1.1109448798010755,0.04768832295182948,1
-0.48228502780630533,0.5548203391392897,0.7829401016384575,1.5776006214138734,0.2621793875078243,0
1.1744075863152448,-0.6168039603921975,-1.7488491469986442,-0.8096692193386444,-0.7172083700468703,0
-0.42697557699152533,0.8145199394075602,2.4606712643865034,0.4499376169597778,0.17354981225969715,0
-1.7167586612454324,-0.5480971946057097,0.036466205009937046,0.003230891295755461,0.15813013874210588,0
0.01595430545910116,-2.8709028119488242,1.501109961585391,0.5825392848415244,-0.2729007604522735,0
3.4986260893225634,-1.3319081973830407,-0.09924760924207317,1.3397470322858558,0.47239615744999797,0
1.4762518388883894,0.7991234967844589,-0.7086709399744733,-1.1263227218007517,-1.0979579202571916,0
0.5372277717245099,-0.035317924945083706,-0.7726518542157923,-1.3024465933928355,0.21869094120783863,0
-0.0570252442744182,0.832648223410462,-0.2179311856981744,-0.3132592627000672,0.6833397332268523,0
-0.5976275263278326,-3.1669211281423806,-0.15008659381110867,-1.2041603631304931,-0.27384022555507914,0
0.5784587226010967,-0.3615809926464629,-1.4264367140012026,-0.9120441637859306,1.7683299853061019,1
-0.21860557441085152,0.45112602620573444,0.08133085102055738,-0.6053023975530015,-1.145759880044075,0
-2.5373834465117104,-0.17447186773239265,0.4832794465239396,-0.7351212096692405,-1.2610149554265049,1
1.713168820854918,-2.5068923477238534,0.7297592195694594,-0.18735046642312106,2.024402530002774,0
0.9863728970551787,-0.4433676758251903,0.8194553300561302,-0.6840874588337069,0.24460339831165154,0
0.2707668384875657,-0.7694942447759773,0.12767494898668608,-1.937930274017207,0.8453955673913435,0
0.1482969856089607,-0.5246059883060854,-0.06190973045785611,-0.6486667297483469,0.31827165856806455,1
-1.0229333169585542,-0.996675834346761,-1.163781275504753,0.44199798639154736,-1.2540859490337586,0
-0.7888529211578427,-0.22293125312404732,1.7138212860155468,0.9862558197423792,0.2875832940975745,0
-1.9685841680206608,-1.441907572485863,0.7431164543664969,-0.656342461566048,0.1354712961052128,1
0.27572579762159,1.314777487379384,-0.5496098716201551,0.23139953346928321,0.6145203169444513,0
-1.298132019369306,-0.6382765681813204,-4.417227694281074,0.6903611966963744,1.568440969387665,0
-1.2328822705924296,-1.1579108745166997,-0.09316629163759096,0.3918259386986808,1.9883488985382616,1
-1.6015337332201638,0.8103969010777196,0.6582209746181747,0.08346168571412864,0.8585524757464027,1
-1.1058777857028907,-0.8739702089486849,0.2565774320349462,0.26097468896694204,-0.429696768225219,0
1.4011493159921469,0.8383346196032666,1.2367011338854752,-0.07947452721448325,-0.5682160867728309,0
1.0302242390208105,1.2114752623336387,1.1386510120735616,0.968002381673065,0.5133311138071777,0
1.4797717361076084,-0.8091582716657075,-0.588654264265124,-0.07963576508705061,-1.3390410964083295,0
1.073724168971564,-0.03743142719718837,-0.11257811020625383,-0.03363578672749637,-0.735593536837339,0
2.385638148580936,-2.147863191557264,0.9690319062497689,-0.6063794824630442,0.36003709436575704,0
-0.9509814868022961,-0.36754915465043775,0.3462085501487699,0.1549169141172519,-0.1426292930984435,0
0.2933052170664683,-0.5492253600518656,1.5477517113253727,1.0534387720293643,1.2055185426341122,0
-1.2681661985639299,0.7051237813565799,0.3945102574760303,0.10010425791090403,-2.364986701696852,0
-1.3589462293244106,-0.1883902770565207,1.185853334239647,1.5463431250091613,0.3004626763835447,0
1.833738140444537,0.29552138244931775,1.0048703198989164,-0.2962581314348942,0.2605700323582701,0
-1.9322956159415987,0.4212417193045304,-0.005994859760201037,0.9706309968784735,-0.07249188473180994,0
2.3383739530294525,0.4457582132899601,-0.8071303083901314,0.6519054729436411,0.9918112654047212,0
1.9490052726810516,1.190349660665403,1.066318941556351,0.55653552329896,0.5397174587165778,0
0.6779612557221706,-2.4483063003648535,0.7777465801487673,0.40468345522183463,0.8303250006238806,0
2.5925265662294974,-0.775100172759509,-0.0928655826868137,0.058107775412712004,0.8257641190086408,0
3.2821774431836315,0.9885331798382173,-2.0231608694567123,-0.15665678054763457,0.5287518755131627,0
-2.032257721128047,-0.8500478840651703,0.73615826692518,0.0998282618827828,-0.6001371960435055,1
-1.293100076415278,-1.3756596620959682,-0.1336048614365903,-0.04916798668834449,-0.33735850836392933,0
-2.7986077656250536,0.6211146495468793,0.047074767121735465,-0.34360937023261623,-0.219032130248252,0
-1.0160051263596088,0.023465546312999477,1.0477254379231147,-0.7812197446930843,0.43067070241643823,1
-2.896318308046832,-1.570972406973864,-1.6609313845306768,-0.23253239928273112,1.4885916554989178,1
-1.9190099490016366,-2.320589974366189,0.5392712368281903,-0.08128127227735152,-0.33109371758383516,0
0.09033326015449564,-2.67546741723125,0.22410269816304432,0.2829477007598132,-0.012441934218209818,0
3.5236110096057627,-1.4742012944667613,-0.2951013793465257,0.7807718211121213,0.3842734398982467,0
0.2407524687729843,-0.8800367007435304,-0.8579967882246287,0.7263796249586517,-0.4827789704696215,0
1.6114492483138574,-0.9725082553603306,-0.37267806794592934,0.10721057403296909,-0.05853680028153769,0
-3.116404703674297,-0.09186192457823128,-0.5924464555850123,0.4628433306721354,1.3191837984961858,0
-2.809714796217325,0.5764110500103251,-0.47949188662318076,-0.43381266032345467,1.2895167870385182,1
-0.2306186818773145,0.9465994218207633,-1.4937876486599928,0.2001892786447535,0.9493067578270588,0
-0.5706203091384477,0.8720814015380828,-1.2393227759390189,-1.053562231629701,-1.3659828586799279,0
-0.31367639554535187,-1.5139530937380228,-0.5165447047750615,-1.3521551508842522,-0.1704211671791634,0
2.2409908263862794,-0.12180050713500151,0.25301492768721373,-0.5222880439145983,0.5240284034009247,0
-1.0649013689158253,-0.7299814846765341,0.41742196824212735,-1.4551192148084626,0.06138184114249517,0
-1.0209783855880696,-0.8938530088626361,-0.4085091829083381,-0.448523293608672,-1.3200216117429957,0
-0.8698370561540922,-0.6775205466706448,0.4742375833235362,0.7371310241942459,0.4170483518323657,0
1.2649505133527341,-0.8403650004592732,-0.567587841808195,0.678649763304737,-0.0984112639522526,0
0.5072166341260322,-0.45490992052543644,2.59324025486672,1.2313414629303263,-0.29273364564782933,0
1.2683747444171376,0.9546682838678626,-0.4192321675920115,-0.2038570608773793,0.3006353992149981,0
1.7052413759634697,1.1104839016717465,-1.521200799181926,0.9562117251951362,0.46662840659377747,0
-0.10540321714617258,-0.4388630108458529,-0.8314053754765717,0.041233141500346626,-0.9834745866651278,0
-1.629995789212445,-2.1029713421421508,0.826079037527537,1.2037700318294609,0.06836373699048175,0
-0.66804218106282,-2.3088658059129226,-1.122834751250171,-0.8962788088053385,-0.404055884324063,0
-1.6709803095689475,0.3582130725750789,0.20825117920341585,0.6411296617686971,0.5585550598264458,1
2.1895009921481914,0.7856983385135896,0.03537144538326304,-0.915052598032486,0.13389107090103525,0
0.706706917691178,-1.1589939084254903,1.3757134043917383,0.0797672301366866,-0.23209899078602098,0
-0.7192625109810432,-0.4797710621617217,0.7925131347762179,-0.7563297882475516,-0.4983558949823734,0
-2.065020080026589,1.640718244854463,0.14008727735855317,1.155840678662854,0.23527682891904408,0
-3.128020881479831,-1.1864665128087524,0.3015343012735685,-0.25101074695074505,-0.40714842840579835,1
2.6950162391800125,1.6067110363258934,0.03618439288638818,-0.4170318495118468,1.1059354327033524,0
0.30264382537327744,1.7399698165112243,-0.880957412172951,0.24461279533185687,0.9693630204462038,0
2.5912252577565926,-1.0651260155154025,0.8684607321870109,0.06734629947463386,-1.412726680407987,0
2.6541439596798657,-0.7746705338396807,-0.6523543604076297,-0.76585040491799,-0.5340614471997785,0
-1.7599915508861657,0.642045363261904,-1.4391669488908703,-0.9520596418720005,-1.5127287227527555,0
-0.5753117050873455,0.5380013149822871,-0.7996445823280743,-1.2961787199589854,0.324653976415633,1
-0.17820606876065673,0.4643441225649088,-0.3111569282190771,-0.0946417079867833,-1.675778606068863,0
2.4421499746362323,0.937503591873078,0.3098539653733364,0.43799092947791457,-0.03780927676998488,0
1.0982436274211513,-1.3794425032658082,-1.4878511209839689,-0.6423158549243975,-0.35403579792963646,0
-3.3487424273893187,1.5911248474882427,0.1688051698678918,-0.7660915236327178,0.6453423038906814,0
-1.3944688288460736,-0.16525638233845516,-0.7281264994393777,-0.06321198664751043,-0.10426788796875684,0
-1.841718876122072,2.1074761918079403,0.9300213640352467,1.4541229454638733,1.0789806139266682,1
-0.26202312515776627,1.430576955882303,-2.2798684047921856,-0.04562263892928276,-0.13241000978113346,0
-1.5679099025831496,0.7909192930344018,1.2544627648221451,-0.2286283678822584,0.5096239257713179,0
-0.6449654381017396,0.2305384036287134,-0.3845158121317623,-0.5350682603304654,-0.6551865096878333,0
1.6775261820464362,0.7097893039299934,0.7447762372472158,-0.5432888675076472,0.059583702758143904,0
3.021662859562761,0.5261466501723597,0.5051155558505916,-0.8348714789712256,0.2094319203820073,0
0.11120753346575935,1.9153409556333385,0.6055703505901565,1.754235212723764,1.2887168987496718,0
1.5477268115680616,-0.2836586284528982,-0.8276466766241598,-2.1078698911864384,-0.44654028308573623,0
0.9633860470717892,1.0991212116586635,0.26542490270319197,0.8436981592988558,0.6895103116886888,0
0.681088310422122,-1.2702031634163715,-0.4702875701935776,-1.0691078532951195,2.0773292495946865,0
1.1345016788250772,1.9447427001605324,-0.7717667560365398,0.8044735811794643,1.2334156531011404,0
-0.8467468682880166,0.29110713514597697,-1.904635772008318,0.9340398010073544,-1.022322619161856,0
-1.6643956342775457,-0.5167985394122776,0.33054678140692423,-0.37479452567875243,-1.7856472591524446,0
-2.0034453045208696,-2.212935955687775,-0.20794835501895434,0.14969872646918486,-0.498095296293645,0
0.45479652965867606,-1.5891193914344734,0.31320806353337266,-0.9907595014621594,0.7140408202065118,1
-1.1628944792946,-1.2974177861712046,-0.44245908415755436,-1.2100360970515238,1.5050562942369763,0
-0.3324650935283571,-0.996341084539182,-0.2480552753783513,-0.09163667838644743,-1.0189569070880915,0
0.438062407838221,-0.8010693412833306,0.03641610516909268,0.19753335666796668,0.13093363932509788,0
1.7268299234942368,0.4889504168874563,0.8793681987531485,0.11819033244931373,0.037948662701510205,0
2.7457756773888753,0.9109019287299356,-1.6834277379809317,-0.023329512569194345,-1.0943596656062329,0
-2.409793555499285,-1.157606035045764,-0.5535308454839541,-2.1188753102424798,-0.6821444427756084,1
-0.07180892927729444,-1.4477880477488603,-0.5083167352072193,2.325351960231191,0.943782292107126,0
0.43468519664833877,-1.8416156033054876,-0.2957273854674209,1.1061209604190756,0.5165273636573997,0
-2.3733057418232058,-0.6486643867770312,-0.42087623261862384,-0.8024403197188819,0.44974121491911706,0
-0.31145937235157006,2.2080637871280184,0.6979466650438633,-0.4276325700414334,-1.4377775988269232,0
1.973753031512368,0.5204664688787375,0.5646023384840566,-0.6111834911784528,0.35789248362570886,0
3.104019829839688,-0.6065309341411468,-0.1902953424157021,2.6450114716313915,-0.04480522870173581,0
-2.2313230299096065,-1.882609281284569,-0.10486619638380938,0.0027623083386297703,0.18198101904169997,0
-0.1755874767424927,-1.4407350075123184,0.6511619958739743,-0.9802090761207284,-0.6421448871808917,0
0.004161352944268103,-0.343518269663399,-1.7275501828170003,-1.0705094963084714,-0.6876500305005664,0
1.1744075863152448,-0.6168039603921975,-1.7488491469986442,-0.8096692193386444,-0.7172083700468703,0
-2.2511798573039705,-2.7569805232786635,-0.0027037046445919184,0.2387602687934387,-1.4980538662874059,0
1.0435411155134697,-1.1350893508858326,-0.13483461338306482,0.027739040873996545,-0.22662584028851887,0
-1.1195580900395126,-0.7876314683285257,-1.237059758864318,0.4231200185313941,-0.6922942261741074,0
-0.6054207293547844,-0.06526375878392084,0.03387447072940439,-0.4939267853711091,-0.805707843155826,0
2.4407889533034406,-1.5079426759843433,0.3125417082998174,0.002701835707389553,0.4842857602674733,0
2.9525630668478864,1.1946460067128026,-0.4409396687462944,0.3117326924488887,0.6825687843959132,0
-0.21244305074617012,1.9624470107893457,2.5997960996203617,1.4581826837193068,0.40993526018105436,1
2.0358960888348503,0.48065006526935644,-1.5612573073714842,-0.8496919523047404,-1.0489539878790992,0
1.751510871132993,1.0731328641552869,-0.32797641921322146,-0.49464121655113774,-0.23480729335283612,0
-0.696619188131595,-1.5121498984793689,0.22296682174083146,-0.36739909149106925,0.8472781697061291,0
1.6757619193526645,0.7365820676110941,0.9537643254080191,0.7778248228842191,0.8973982125329599,0
0.4451190229933426,-0.14436145913471105,-1.728130780411842,-0.6475749421512527,2.303027305449985,1
-0.5694565566106109,0.348198660581377,0.036529179873506824,0.04424239377804895,-1.4757618315328604,0
4.042955454467022,-0.12591969676890413,1.0305158947131938,-0.18529633747300386,0.19643226477967946,0
-0.30808306896013987,0.8808853871216029,-2.578153407858088,1.4002753663913963,0.487755479955691,0
-0.8118359913462069,-0.23896506705534834,1.009323011237838,0.6138216276507281,-1.899100837928046,0
0.008623467479810605,-1.3277553946107117,0.4555855913922856,1.2070174290189897,0.5478745007578831,0
-2.0154362019620238,1.046634844198449,0.23376360136604882,1.003734405134081,1.3396225480996913,0
-2.460466893585312,-1.8609863848861767,-0.30916413042293245,-1.0035850251228469,0.006393597589978969,0
2.5435725345456848,-0.7912476078837748,-0.10474066936165363,0.1497288587175119,0.8918700282486578,0
-2.2684301243176166,0.5050196355423779,0.40605331378194753,0.39098531372653444,1.083064002660422,1
2.173381671933604,0.1385827735170034,0.2337380759808125,0.36150445489122374,-0.04801956797671433,0
-2.973105897920136,-0.18724226494741966,0.5056012548096345,0.06979139832060148,0.609034585000395,1
-1.3245176913261976,0.28895605233730165,0.06410112136483685,0.0031201481031428164,-0.6966861000541236,0
-2.339226222583098,0.05416427279885502,-0.15456465862821353,-0.795684462144964,-1.0189546312141702,1
1.8601731536580062,0.22078948838244986,-0.43846502700590645,-1.0027677925654355,-0.39107102906088453,0
-2.592972774834863,-0.7907082108856521,0.17678252096274427,-0.15500360300693572,0.9648262957621603,0
3.20016210677061,0.0761867259452283,0.5916795705220423,0.10156111811810294,1.0679974088673183,0
-1.4112219354325308,-0.10986492523706154,0.5974804385594682,0.3680439889406543,0.11858801221548626,0
1.4866644696444398,0.45804429704131017,-0.5177469486306345,-0.7987284841184515,-0.2961631538210663,0
3.0124596311860885,0.48848203114470806,0.18551672499842317,-1.6741021954961295,0.08978761917647983,0
-2.1022044760683536,-0.11502213824116961,0.8374521387976537,-0.6151974647146354,-0.8290738786346119,0
-2.042450609512289,0.19129481366190887,0.18248977060968138,0.44100367443840316,1.2134747939454875,1
1.6950645515436396,0.3917813576805819,0.7796877807620824,-0.17459386760737308,0.10123470775249223,0
0.18907486682404362,0.4950756578777697,0.7492321176862575,0.35757160106053665,0.7911773988625332,1
-0.6264144991139673,1.672167813508703,0.011604569890998685,-0.6972805943995191,-0.9366650367051071,0
3.792389047538526,-0.3119794344912007,0.4811502527032243,-1.102849812130008,1.3749544963471745,0
-1.1177907971899768,2.268627942895825,0.03501084533189943,-0.2917892400140097,0.6709355890890865,0
-2.522412474326726,-0.7434308693315118,1.1440692018358758,0.12013666462313466,0.28745533756615366,1
3.3336927069862456,-0.7737544016985985,-0.4444897359296031,-0.5294658991115088,-0.02809194638875175,0
2.756121775083475,2.267472478411664,0.22529332196626786,0.1761490004573645,0.7042845316452222,0
-0.5588840420156584,-1.7050869532566177,1.203492722409418,0.38129294416148857,0.8993033374852822,0
3.4731938574810033,0.7428830035277973,0.1009682012959617,-0.2691089105656787,1.603550085945215,0
-1.2313374821596845,-0.021820068883816685,-0.5596910790327168,-0.2780417099729732,-1.3320228427953662,0
-0.7354746724943483,-0.8265110582931834,-0.8814434337294614,0.012940203133409392,-0.31043977148466867,0
-0.21872691576559358,-0.22117089324069963,-0.461419103747692,0.8375161859594894,-0.4948200964944264,0
-0.47656068470464996,1.7596874460064054,-0.05606488276606608,-0.7890485378420069,-0.31609110756988756,1
-2.397614162534039,0.7165245800011757,0.1261517884280075,-1.2045641434866898,0.5291930576527132,1
-0.3451306743821254,0.033303590413848894,-1.7725776541549516,0.18666060972413545,-1.8100443720188628,0
1.7165697008289813,0.58097314148529,0.6128971649668313,-0.17581336059528227,0.027730911032791527,0
-1.2313374821596845,-0.021820068883816685,-0.5596910790327168,-0.2780417099729732,-1.3320228427953662,0
-2.8215438138831517,0.7368916081500992,-1.4977163690147748,-0.5632997885154384,0.12874415776185455,0
-2.7973388192720363,-0.8997701210794503,-0.5424062054351665,-0.611417974057057,0.21270274270811934,1
-2.826962777824522,-1.650855176152737,-0.3524575864058284,-0.9471436221721539,0.06939848656698858,0
-2.946894155909156,-0.23504234952359376,-0.2851704498424246,-0.7786340541721073,-0.6730565083770292,0
4.1024801630279875,0.6617076964034045,0.19143051227132257,-0.5319173126879532,0.5562928709801882,0
1.6875028115811452,-0.4528329055247994,0.1078673452125316,0.2127223943305416,-0.23971060181472023,0
0.3702764424511078,-0.18552066156933927,-2.4486091272594726,2.211002884664027,1.459562392072326,0
1.843532429641514,-0.12909497172419648,-0.5792695015591017,0.2938655312479309,-1.452065467413247,0
3.385102879681359,0.7988136327212795,1.2908050199481587,0.05361713860918697,1.0640731812086612,0
-0.38781682061706485,-0.9456071774174085,1.4021710431888323,0.8124404606158233,-0.9299707146755224,0
2.431216247662696,0.8791759734097186,-1.162210960121927,-1.1059261142339107,-1.6172473594803876,0
-3.2382233362869295,1.469999945563254,-0.5517769183288049,-0.3902942409497589,-0.5250703177434557,0
2.14280662399641,-0.03983861968159006,-1.1970893143793349,-0.8685415591441571,-1.2416072935684397,0
1.8726220829491693,0.6188097402520214,-1.8857115828187503,-0.06207541857126039,0.5482626546616459,0
-0.30840454172497794,3.366469005877104,3.782221719314203,0.36929682425607013,1.5936761399769508,1
-0.8664559658144458,1.3731920417606294,0.6095486725108089,-0.6261163004998873,-0.9556763314503615,1
-1.5131536851572347,0.7126373409512092,-0.9046279886560995,-0.21312638999520767,-2.2830050002915603,0
-1.1167995926642273,-0.20855432845422106,0.9577349773936359,-0.00758545364397264,-0.42532607878247775,1
-0.8353928637355014,-1.5222108733837203,0.03341216023834515,0.520685064815522,0.12316298360701887,0
-0.30414198546164933,-0.5192722933951175,-1.4226154171540761,-0.42932747659225173,0.6610190499022457,0
-1.7132544593417065,0.7189199131635704,-0.37181093665375614,-1.4430790556567046,0.14445206848779232,1
-0.16446807217504578,-0.11387067871370966,-0.17602253091018547,-1.1089334796656587,-0.5229744867759628,0
2.9076603950766753,0.7306306510525228,1.073091390272401,-1.5479644439532791,-0.10696869672858819,0
1.2683747444171376,0.9546682838678626,-0.4192321675920115,-0.2038570608773793,0.3006353992149981,0
1.2815485384961833,-0.5754116989712731,0.7840009822537585,0.33435480024275144,-0.5372452980367831,1
1.2778506115560335,1.5456704157598848,-0.08316852191613273,-1.970707023756109,0.08836391967028838,0
-0.060923360166892856,0.007795224667524387,-2.2115931264954147,-0.16871017664055257,-1.0215256460587459,0
0.6794932643023296,0.5922947091840652,0.6329174590321156,-0.15340602674236675,0.6719162244326073,1
-2.809714796217325,0.5764110500103251,-0.47949188662318076,-0.43381266032345467,1.2895167870385182,1
-1.135636707082249,0.2544095305353134,0.4433247323383346,-0.3292505142973523,-0.5925657876766137,0
0.9339910054172286,-0.7921124028683932,0.5049120243367814,-0.5801243139379977,-0.7937345084461258,0
-0.5966268646068243,-0.08588265774576845,0.3831670947550782,-0.9638331679033941,-0.8056365330002051,0
0.8844978271131081,1.2389610425552655,0.6899919632615494,0.523234789381616,0.905754230389587,0
-1.4601696001286724,-0.27950783283520486,1.6331709032567978,0.8568562914012777,0.6730105904979662,0
1.3519101315051871,0.7203127283314178,-0.09754030263186834,-0.2535821290121084,-0.4698950561836861,0
1.655389578876813,1.5245661674190771,-1.2057607807227746,1.8234470237969382,-0.6533828318150162,0
1.6489022204169357,-0.29291276679513645,-0.5380166420635497,0.5941384851135554,0.0642985104761341,0
2.8239163855469327,-0.27170731629315964,-0.17099581228527277,-0.5978189851008666,-0.53931984074396,0
1.6585407017285283,-0.6136913660785847,-0.7501470756343646,0.652167912381567,-1.4322326791929758,0
-0.42831838709668535,-2.935880484860655,-0.4660736939652986,0.7932705895344417,-0.6458143045440186,0
-3.2048295985883932,0.7970074800035996,2.2933751166988965,1.4301757746153474,1.9476886940836113,0
-2.2223483284736507,-1.0189197036829378,-1.668800672247329,0.8175391934401697,0.1317912805714703,0
2.552424374083611,0.916237577649522,0.9361532407727127,-0.47090450221252833,0.8217502114598598,0
-0.3747526650779602,-1.731130820755608,-3.716915516462558,0.09540884666608684,0.40780389681938917,0
2.787874989778007,0.7494075293437857,-1.163527783137975,-0.29441204250050795,1.5037713175200158,0
-0.9578615170448741,1.7593654406232464,0.6494769212197905,-0.32761178463085927,-1.9188228657496507,1
1.131998252062086,-0.14365999525385817,-0.6508079235648128,-0.7844400914886447,-0.38349929753984613,0
0.43438349012283123,0.542234559694931,0.5320624411419685,0.7367562955600673,-1.2129892685663348,0
0.1638471586540622,0.714099194812528,0.4321411379134805,-0.40175839297401367,0.6464360296523843,0
-1.0118818015021631,0.3251961571346751,1.5003351795645494,0.2592603235893095,-0.2741961838789373,1
-2.1759904369037137,0.6737976270063186,0.2722179381247547,0.3533667174022988,-1.1834090888604987,0
4.2615485628258325,0.6359591847969286,0.1432088304578302,-1.94393434504393,0.2724745329629148,0
-2.08428556797253,1.1768992564682985,1.3926749581651179,-0.4062732184943754,-1.5404265606295027,1
-1.0309123450306492,0.21404169564869654,0.04622427987970571,1.2850388781178943,0.18746757300836042,0
1.2400777292417766,-0.05235155919800788,-0.8333911778075039,0.595379499344771,0.44564083308350694,0
2.0581237286058567,-1.068470054469766,-0.7702302530770989,-0.9819967525720806,-1.5455414231586466,1
-1.38133199690618,-2.1245071040582877,0.3049981471520529,-1.5879973740804598,-0.019927378991043906,0
-0.4113457177518037,0.9325341014845363,-0.22022534392784435,0.5537255380312122,-0.349915858642701,0
1.897839122699519,-1.0712751781685836,-0.6995036635264943,-0.9465423946606679,-1.073558412046059,0
-2.167515792669915,0.4774079435897774,0.5683160630846946,-0.030644483443482983,-0.5011225418580707,0
-2.134571390821555,-0.00898528955237251,-1.213195708466596,0.6238920335208419,0.36984219579864586,0
-2.094730400163833,0.6712784622315561,0.9798014688971947,0.19589573820990275,-0.7123938959529914,0
-0.7700948853024118,-2.7000820481675336,-0.05646386685032865,-0.7704928491685078,0.5124698331526477,0
-2.3514746698131854,-0.1235328789707032,-0.5390195801746771,-0.5896246169139812,0.9544208666347607,1
-1.4778090725030746,1.0725018318668207,0.8470110575594114,-1.198592096920879,0.26851372022634357,1
-2.4179129769370356,1.0363846890931543,1.1008311591383784,-0.04127023531294373,0.1482678780482339,0
2.3770409800883567,-1.42980572095118,-0.5075375276156294,-0.08925120605353842,-0.6330486246284607,0
-0.43889008629175813,0.8050526881710517,2.9887990892983423,0.22002235733637177,0.6976272320744016,1
-0.593248127212363,1.003004089893881,0.8095524276534162,0.6278740482591452,-0.8975892493786339,0
-1.363530521920781,-0.7781813970644257,0.20318794244902186,0.2201419271887616,-0.3720966947313246,0
1.3715742511752322,-1.0795706897992907,-0.4742509024745482,-0.049402673184105565,0.23920246174973064,0
2.819441256043019,1.5077478828133888,0.6694108720095793,-1.6388749061986965,-0.2111385392771965,0
-0.43141226835336904,2.863516367036122,0.7177386518608005,0.5313700378904608,-0.6204103083024187,1
-1.644306768573267,0.9598993896509971,-0.17962964491450678,0.18347793733929232,-1.65126229424958,0
-0.1770595024089265,2.7546627600025078,-2.778572043187241,0.908283631645169,1.444177375177276,0
1.2237050857249296,-1.9457699693975095,1.103230132054776,1.1419300894078543,0.596214345066194,0
0.19182504638531234,-0.8349544854046925,0.5341888144220566,-1.7457792321753975,0.022228727717698987,0
0.14908934162455056,-0.7341676830440024,-1.5995596272576351,0.3584327067595259,-0.44573346978293155,0
-0.14513409198241142,-0.637659330995322,1.1185554418572154,1.0567374162729177,0.0689892036968301,0
2.4046348544547125,-0.10653653456606423,0.19259471242317486,-0.3845350112825947,-0.03438059513028257,0
-1.8687139477571122,0.41744791251994107,0.5575697084878064,0.09332083305022469,-1.018045684030632,0
0.14499776262010222,-0.820703047910125,-1.9611618239146,0.9840594887024963,0.27424125516057496,0
1.4581952439801598,0.4782191481311218,-1.2456797553898389,-1.6137451867570878,-0.8852197380228903,0
0.01718598477722368,0.5856355519678755,0.8419714344805782,0.34131751802333665,-0.39812557974508095,1
0.16654065263351497,-0.062218672981969404,0.1645363977832209,-1.2297602207372267,-1.8350688673784246,0
0.5197315669119602,-1.4881084489067833,-2.7222788205997324,-0.49789277091561757,0.2637656974052762,0
0.7449356014992444,-1.4435681074257858,-0.3535677690471259,0.824631121604122,0.6243731338826018,0
-1.3245176913261976,0.28895605233730165,0.06410112136483685,0.0031201481031428164,-0.6966861000541236,0
-2.4924387715549257,1.621551570521693,-1.0715999085758732,-0.49285981077972424,-0.6290279961111849,0
-1.8687139477571122,0.41744791251994107,0.5575697084878064,0.09332083305022469,-1.018045684030632,0
-1.339302944860462,1.1750322659474681,-2.097103311843069,0.35446426212393656,-0.42467107391802505,0
-2.0645468063531665,-0.1639142432307012,-1.0734966942033328,-0.4639723175647025,1.3694888410410255,1
1.897839122699519,-1.0712751781685836,-0.6995036635264943,-0.9465423946606679,-1.073558412046059,0
-0.8595275402495692,-0.11326484213466692,1.1240274112633808,0.43949067228614996,0.2946185436401054,1
-1.4420291275551478,-1.0458379691845516,-0.02926585563372894,-0.2162847411162223,0.17461513054636085,0
1.8540784069234781,-0.13591188682854727,-0.140701261085633,-1.0868426844496442,-1.2701370953763575,0
-0.029222969492874874,-2.5189714258707254,0.3636182328509912,-0.6246678415921241,-0.6250988223754094,0
0.9911375503360036,0.4823973732267657,-0.17874085527479852,0.08686734801746654,1.0180002153613532,0
1.4193938914485393,-0.024610365048194166,-0.6337264158567251,-0.3926849426619375,-0.41731536083263265,0
-1.0657185897220796,-0.944973974442184,-0.13935646123500547,-1.073857903739882,-0.18188679875369446,1
-0.24749272117767754,2.2603371575333635,-0.7677650517909822,1.6738847200946847,0.6535622027882647,0
2.4327932719080207,-0.40647187842212806,0.07540093311478276,0.34998949341305746,-0.12317520186234004,0
-1.1670078017062138,0.3797775330163706,0.16065209623870455,-0.5611354519664544,-0.023930169291796737,0
1.7165697008289813,0.58097314148529,0.6128971649668313,-0.17581336059528227,0.027730911032791527,0
-0.5586635719313737,-1.3267296993555204,0.9144871975474633,0.14980364469666213,-0.1085246390191284,0
-0.8118469950326509,0.49393032620242733,-0.38288996166638184,1.2045369902898766,0.6786415646216216,0
-1.3013830645696642,-0.8729902812114049,0.5607431792079294,0.5254484742768797,-0.45524138987904145,0
-3.566180730758279,2.261581845012673,-2.3477434080207265,-1.0354974221844375,0.31382386239071597,1
3.4731938574810033,0.7428830035277973,0.1009682012959617,-0.2691089105656787,1.603550085945215,0
0.2122909558734895,0.11061944702277711,-0.17070662924857047,-0.8248450029818204,-1.3961767151817328,0
-1.2405035226996348,-1.1521488030602194,-1.6779056336976808,-0.862599569147996,-0.8523874156971807,0
-1.0024449621072054,1.1070154625055701,1.1253736893256696,-0.16431526264372606,-0.470551641514155,1
-0.33736532412771,0.12341047560254809,-1.5336308491021646,0.46080085552420696,-0.9873239876172074,0
2.6371504129426735,-1.8981223544758212,1.0333079659799733,-0.31060076113644036,0.2019423348827654,0
-2.288613664663771,-0.9411139465144597,0.6265976883681371,-0.3519113775040168,-0.2422162559560123,1
-2.3134377044548033,0.7484794636241364,-0.3528760971338761,-0.22006216425723293,-2.237245858480641,0
-2.087710936938223,2.133729833680251,0.5890918748171527,-0.725421541004076,-1.293299229483325,0
1.870520607990138,0.39676191334335953,-1.6811804586543588,0.8924613265052116,1.417428265075353,0
2.6605795766711844,-0.23721808901570093,0.0303780094987641,-0.7654591575312357,-0.35023640420634883,0
-2.8866244501952822,-2.081452922156455,-1.3762711930981102,0.2168407812569401,-0.08898247267992783,0
-1.313267891799768,-2.2898162564358793,0.8099637051772958,0.18342503570442814,-0.24489834338000713,0
2.8888595126861647,1.4618754619251997,1.1796844930603212,-0.7704566231587866,0.5312360374030909,0
0.07184396310048295,-0.45177255760961094,-0.16266851967883167,1.6263403427989063,0.281591770748391,0
1.305721320135487,0.6948374398184376,-0.9586088895475746,0.9096594397150145,1.347692340354482,0
0.09887369558605341,-2.2010178301303744,2.043651035947739,-0.14321520536092527,0.34162806094339976,1
3.123412472655945,0.4969795704280502,1.9171247958254416,1.0739682251710574,0.6516638323230735,0
-1.36252998850374,0.3778341271876649,-0.9591609835467674,0.022750849261091288,0.09366375757490522,0
-0.12041770245986451,0.5497249927490531,2.458377251946024,3.248424043162972,1.0330161337288402,0
3.123412472655945,0.4969795704280502,1.9171247958254416,1.0739682251710574,0.6516638323230735,0
-1.340215698674555,-0.5347585073573008,0.35203753290560214,-0.6775492097381265,-1.6671073481703573,0
-0.12885109716125775,-1.231475064759385,1.7156636429562093,-1.0741208837826397,0.052385184136283874,0
0.04176600623377408,-1.9617479145810242,0.1515105166920758,-0.026839438724764964,0.16156346744221256,0
-0.14515666052813897,-3.903757701086895,-0.11582240117889915,0.704189906936505,1.3112632206042256,0
-0.4188720696532578,-0.5300853852210596,-2.233247607875804,0.9562233552611903,-1.05050982763435,0
0.9620713534061404,1.5051331516200612,-3.7836794820066175,1.3458792917109417,1.087279853810548,0
-0.11524749706845491,0.9801071830771955,0.36362446754519184,0.9345585373832488,0.8828497892270613,0
-1.1177907971899768,2.268627942895825,0.03501084533189943,-0.2917892400140097,0.6709355890890865,0
1.6458798171836961,-0.8439132932559323,-1.2922762616834658,1.0645739964387955,1.7767453063828476,0
-1.2839147324780178,-0.5588211656404115,-0.014645005710968292,-0.3616895915180911,-1.6010374118455821,0
-0.7096345564985961,0.5431744739621237,-1.1594003036651368,-0.20478435677286813,-1.4715190043324458,0
1.5949611767729055,0.9419143143225633,0.46006295605287545,-0.1676238474935758,-0.13121401843524882,0
2.1841930277405686,2.3351593865241966,0.0634524380140174,-0.07807614171289266,-1.5419773220327966,0
0.9675603299263827,-0.3254162456392628,-1.1006240783515697,0.0255248756422423,-1.2214170412079568,0
-1.423043630966675,0.5231160732002997,-1.1634813617773119,0.4824073901789148,-0.7831255589880319,0
-0.4150610711850581,0.7237629978248777,-4.154664215439056,-0.015600111917035947,2.0499060402153804,0
0.8037516010661914,-0.8919202802798427,-0.005861447600602175,1.8687781319521255,-0.166751163640935,0
3.340043621630807,-0.39565306315599713,-0.7549268895010047,-0.9083903409501285,-0.1834959147054107,1
2.5706522779791934,1.5605094920995293,2.621472739841906,-0.35508591074719226,0.8039688686854808,0
0.3705844502562877,-1.9547276663204016,-1.228178768271485,1.1566002304645158,1.1428415125520042,0
2.5765741094747474,0.5912008600816977,-1.05638991368001,-1.4036612091170544,-1.4987100936522775,0
-0.9944738054654108,-0.15272058739562586,0.5520921038469809,-0.09225744066364583,0.8900782675027193,0
1.8056957539752119,-0.013991815881784966,-0.7031414334225655,0.07407566987213045,0.1054855117131478,0
0.049765676052005534,-0.8172035103192925,1.18649123393863,2.4153647269494356,-0.05590779692500592,0
1.5993224818099334,0.6616661678513918,-1.5962533242811605,3.8621394221554293,-1.1185569231661001,0
1.239929771850297,-0.6277422422097271,1.3626675951039955,2.2959536607363726,-2.347991960867263,1
0.30340139965488006,-2.1322639338445692,-0.6119049208192532,-1.1722651417568752,-0.2382436612401563,1
-1.557322164240581,0.4861341820621836,1.1108686007302464,0.40707003726897967,0.8664397639169634,0
-1.6216549521912373,0.9986510440354417,1.8521885799590858,-0.45715701040418477,-0.6879832205376806,1
-0.9684901191960089,-2.5814321837592114,-0.42149689367503135,-1.102899356747264,0.37847540403837787,0
2.714009095971264,0.666756386441774,0.1292542840540314,-0.7536657578492173,0.5754359830420682,0
-2.7797060760554286,1.5370206815575231,0.3464391024975032,0.03544239466180162,1.1169325758439954,1
-0.3696848865211464,-0.5015323291723303,2.738211618941216,1.0133968275895673,0.534833984389634,0
0.2933052170664683,-0.5492253600518656,1.5477517113253727,1.0534387720293643,1.2055185426341122,0
-3.151741908868448,-0.23822195210987285,-1.6512775915014193,1.2758979716006134,3.060748538819737,0
-1.5760411127002787,0.47097814698908425,-0.9889570417290219,0.48086127083020413,-0.9900256170557736,0
3.5495197019951292,-0.7354909471159249,0.7611619489054324,-0.14951169908938022,1.3025273615035953,0
1.390675195718397,-2.992628449588591,-0.7174894372815495,0.03729998138278609,1.6880597707328138,0
-0.6039228134454437,0.6792407103366923,-0.7685788845001814,-0.5669197132607476,-1.2608747586663842,0
-1.8973942274340216,-0.40429412854296487,0.16111736748328567,0.45470065926249836,0.2308369491111993,0
-0.14641757250343293,0.7970041654880085,-0.14269716281292347,-1.0139988024266335,0.3617430613701675,1
-0.4178450194171049,-1.0320291770993986,-0.8197896373820918,-1.5688501830352035,0.494330735686675,1
-1.0164568894937795,-1.3961391426821597,1.1005621978122253,-0.4761293510677956,0.3655177827148021,0
2.1468843860210876,0.009165182071838586,-1.8141559564758702,0.19115113454564409,0.6942366120965441,0
0.26783137315905553,1.594454486102807,1.9014315499635353,-0.4169702967191691,-0.9878010198723197,0
-1.9882849126602866,-1.7221223710203473,0.16906480200517726,-0.6759612634723454,0.0994338976823954,1
1.1996797511219643,-1.4807972582907738,0.6901475353701517,3.304996821095337,-2.586820525730186,0
-1.6055845933718025,3.267087139428204,1.6752569215967879,-0.7212150469055643,0.3652863109032232,1
-0.2926392544496615,-0.5507805575371312,-2.787487310642065,-0.3248095176303627,-0.05180136203777265,0
-3.6510723050869633,2.435016716977088,0.007215667257584181,1.236660029491626,2.625431254610692,1
-1.956184797985948,-0.6798129105528371,0.8182084449258208,-1.1614985710606462,-0.21848949516192112,1
0.04176600623377408,-1.9617479145810242,0.1515105166920758,-0.026839438724764964,0.16156346744221256,0
-0.5529496370062391,-1.4027704816761493,-0.18183091543792465,-0.48229198871401013,0.6419877989678264,0
2.5563339720571854,-0.9563378614418124,-0.6817081526974803,-0.8501886639402867,-1.062927484731132,1
0.03270581339471402,-1.3739606142173368,1.4644769178540706,-0.16297972259492066,-1.1324332238482497,0
0.9807801726710608,-1.345044982708981,-0.8060303378283387,-0.8797478272618394,1.3994707987632196,0
2.0884139506774786,0.33278665264295,-0.06230765828294678,1.182634602113449,-1.530424047871584,0
0.3166823565433606,0.07712516553045179,-0.6383140552873107,1.5363166503471195,0.1872949082306472,0
1.7882483421327293,-1.3118866443617407,-1.775419312036431,1.643712221902835,1.5990050683842005,0
1.0255018207055437,1.58951386568942,-1.2254942345827737,-1.022669519044347,-0.529782002671027,0
-1.912091379489844,-0.5406039479322673,0.4314033498397829,-0.62621486999905,0.07136887558639968,0
0.7566921777089648,-2.3634116492676593,0.20896531213302982,0.858059395857838,0.8701770677358942,0
1.1494413360885452,2.036696248300144,1.5070741828845657,0.8037417978314298,1.1611583709750881,0
-1.2926535936069639,0.6410332624327455,0.8954855704056152,0.8930714129418964,-0.21888436308365156,1
-0.03299738664561755,-3.4772076736868227,1.8666253991836428,1.210831504586009,0.04825830613634221,0
-0.8872418613202903,0.27364936014218544,0.5545431829014896,-0.20027061695280374,0.14909302332772378,0
1.8380738507473158,0.4886529842188687,-0.05313420725365726,-0.8667997818294501,0.9624741782096891,0
1.055060404797802,-0.024628505283895135,0.22189451965781368,-0.5615033005107227,0.3657864854373635,0
-1.239896021573461,-1.4604841256814145,-1.5562306371141874,0.08309213511573782,-0.48282892642442404,0
1.886283231295156,-0.011739369403507135,0.9272663635247514,0.3566213097534602,0.002891657390912837,0
1.607213261335812,1.2294577956269876,0.9437610074085334,-0.6979168064847492,0.28684689017760484,0
1.9639077506276637,0.6975759487867045,-3.295186031573623,2.183279111256096,0.5511654109286709,0
3.6424900650702683,0.2860213426382777,-0.5108548147252385,-0.10313947738510211,0.4676068158917439,0
-2.202367543286855,0.1748983155349924,-1.202827530369027,1.9117454414025559,2.0858259927921736,0
0.8804774779182651,-1.0856726908328955,0.37665903050970323,-2.1190476570198604,0.5405936354108585,0
-0.43520417401106204,-0.08116872001185675,-0.8392511710930194,-0.5830276334899335,1.5983685233655598,1
-0.7110427730877588,-1.5500636529286218,-0.650216942286216,-0.9681318224414103,0.4693497071946577,1
2.986166605064987,-0.934863906500851,0.022056476850908866,-0.29315576009289734,1.5134693146751002,0
1.1140637274086924,0.45850096128092593,-2.301020137172149,0.44007932565844704,0.17388564895234246,0
-3.441493601603093,2.2155975414144065,0.8652508900419273,-0.5722514409866832,1.682539550321309,1
2.4983796389571595,1.1021826760156475,0.736058976897728,-0.5185250620859578,0.27188410488162945,0
-0.03301648716490556,-0.3736621001422884,0.05492820792007152,-0.2990613931390612,-0.047299093379154285,0
-1.4360518635493675,-0.6336703892337877,-2.220762707617513,1.1573074868446804,0.426828907130997,0
-0.5039601424808186,-1.50426770943078,-1.0856496920935492,-1.079611479005254,0.4610907241787128,0
0.8813951674585501,0.29504802953572706,0.4022262111927344,0.6634889002755723,-0.8277446286784094,0
0.04228498444343462,0.7022408523564665,-0.08511797268395056,-0.11849499310153351,-1.526989441473953,0
3.092936650839352,0.2914965026114576,0.27149467838774677,-0.6490061578852473,-0.22606031654276887,1
1.0755452306924262,0.33790238425986535,0.01825251137902753,-0.26662086769365906,0.062038503606174696,0
-0.9488376929125757,-2.0605281788450727,0.6979542649009621,1.5057170178798316,-0.05808380914102958,0
-2.4467987568409586,-0.8078049855714066,0.6768187139534355,0.5515740381488822,-0.6388297347397627,0
-1.0843170403698692,-0.874714675382006,1.1755569280823652,0.5606351085410652,-0.15460159213712266,0
-1.5702758896773317,1.9121690225808294,-0.9895501208301302,-0.6469859514294156,-0.1755177503153452,0
-0.8595275402495692,-0.11326484213466692,1.1240274112633808,0.43949067228614996,0.2946185436401054,1
-0.5792892811774142,0.7833153752051067,-0.1114325536822482,-0.3099818668150384,0.06505317676243132,0
2.865844915708126,0.8450918116727583,-0.48893072435531065,-0.8480947426196865,0.08302378510737823,0
-2.2442823318875127,-1.5580189129539534,-1.3875318241152406,0.6535524515888722,1.95451138076283,1
-1.2313374821596845,-0.021820068883816685,-0.5596910790327168,-0.2780417099729732,-1.3320228427953662,0
-2.140996024560848,-0.43779803715777416,-0.6759202840780525,-1.3230111111016696,0.7156057219477729,1
0.6676592333191046,0.7700531170378173,1.6148539779827322,0.3072937407794597,0.8872487411821357,0
-3.2355160635675677,1.3277243939917798,1.8812878787771032,1.1189003854898698,-0.16125430959705273,1
-1.2071315949708603,-0.8743934249066544,0.9715849370762182,0.08364425313809008,-0.44376591859418313,0
-4.270654512725078,0.713178568337041,-1.1064519173317855,0.47646171683211413,0.6560118551348814,1
-1.5652741655731968,0.8598490479652157,0.6996250206852127,-0.6034818382588267,-0.2467335352706717,0
-0.07548879246008264,0.8919988523184943,1.6777686226867365,0.5386014422538871,0.7797091900498305,1
0.8250905842479421,0.09113574277386809,-0.8905031499633606,-1.1171456090024683,-0.5320593171247636,0
-1.8797673474782968,-1.526797023740793,0.14836183017389867,-0.06370132211241228,1.2860475268591212,0
-1.008329559117398,0.20758179190387402,0.23287830334529483,0.5355492345372197,0.9046149724740481,0
-2.2134750375194083,0.9270138748485659,0.32960317321872196,-0.42932766097547015,1.1955373653244286,1
-0.7419436276860724,1.4474828630256742,-0.23169254045482746,0.43828632373534726,-0.6572661517163813,0
0.798190264726899,1.4036488452026992,-1.700736750547118,0.5034223248820109,-0.01880104962020629,0
1.0045468280340946,1.1921117018341527,-0.5416489635024246,0.2658362691842505,-1.1805921123081886,0
-1.3477361410496638,0.6139659908445382,-1.1689536870749335,2.320832178705373,1.9612017939989825,0
1.996002861914011,-0.20581560444392794,-0.9745293627360527,0.0005196065763835462,-1.207235057940915,0
-1.1471299143084575,0.6351555139855719,0.4803248683998561,0.43949286083987643,0.4450317529418758,0
2.254556105769278,-1.1047082125081766,-0.01568204818968084,-0.07185217937830257,-0.5329043370285107,0
0.755979261358329,0.01919363903269457,0.3750890552596835,-0.45639828338078264,0.10919720378863058,0
-1.4611616522218802,0.5485973367167807,-0.222052822410083,-1.3448482209255217,-0.01762642442142092,1
-1.8257131407439755,-1.4134602454752931,-0.13833276599966676,-1.420796382775921,0.21155584973105232,1
2.1100239352992167,-0.8838848273410803,0.9374617320591933,-0.15401149244908707,1.8390069865120544,0
3.0308179217113773,-0.6570929196350566,-0.4413414362668564,-1.0710427345612237,-0.4968126767276241,1
-2.2068346346978784,0.3114242832771954,1.0749310983392704,0.1971444576018876,1.0484793054872632,0
1.447757199084732,0.03874852370872076,0.4452923984425011,-0.16020985761600343,0.35689195019231973,0
-0.4060234066574611,-1.1814475263068687,-0.6992183215916796,5.454253503322627,-2.9089856104303786,0
-0.8327332456049688,0.6914435066684829,1.4022136675749541,-0.12972130455038963,0.10221759635656436,0
-2.9869768695367593,0.254025723312036,-0.8690831366526148,0.2177515974225108,1.1432268497454101,0
-0.4407285060002862,0.7664399754416616,1.9612269961670037,0.6571493479269572,-0.1444155808278765,0
-1.7843506267690807,-0.049559765667548605,1.601840215366227,0.7706719505742602,0.7210048821702808,0
2.6744577335627393,0.43036402844722244,-1.0997333464173362,4.496717142173484,-2.7036467879295207,0
3.1268036626263083,0.10824779996573036,-0.7319398772513405,-0.42485544029596706,-1.0784937428455288,0
-2.0356723692476444,-0.6247094674137036,-2.342480880528651,-0.6466769464674064,1.5493317888697808,1
1.30097744994977,0.035504811509094625,-0.04516073229448903,-0.1995539067638628,0.5092516393429599,0
0.3124564836674502,0.239331126896346,-1.8986196417492218,0.48063503429363336,-0.2209712223829924,0
-1.3696458821319817,0.04953342558387088,0.2147091979620218,-0.43776700956189485,1.5258771658421437,1
0.9014935998543946,-0.963517658154105,-2.5065613430698166,2.0306579670137714,-0.9831156392740088,0
-0.869550509359357,-2.0117556958277394,-0.035397482566820015,-1.6464192509426885,1.2342208108127497,0
3.1949165282074765,-1.117454628918976,1.2286631687245408,-0.4159261862254841,1.2679509793615353,0
-1.5715252680334217,-2.30557456333503,0.4702177495322439,-0.6129241093099681,-0.14182007952267534,0
-3.1270181856191366,-0.5827393518778285,0.7091889453829155,-1.0997799855044503,-0.6830580073181439,1
-0.8781863847112326,0.18359425358753095,-1.5771277247291817,1.775636000651118,-0.16220160159480398,0
-3.186477181030265,-0.5462492156116511,-0.7675176524554445,0.050607573687382924,0.6330748922530456,1
-2.205768487364297,-1.2784340810416623,-0.42507269347381776,-0.10761827449254731,-0.19505084335663453,0
1.0937080273258926,2.0129806638313585,2.4077334181373002,-0.841874336782085,1.4399629330403647,1
-0.8052016051167689,1.7314720608756393,-0.07550751073559622,0.5701865637808382,-0.8989488425531138,0
-1.812000529440361,-0.4230687540239271,0.8404077022748606,-0.3665528841822705,-0.9717809258413429,1
-2.5620369214602388,0.7582690543149874,0.08681675594695294,0.05058374195378662,0.8259570635547206,1
-2.679772574066023,1.1590256510811694,-0.14849864030732793,-0.4857364334335248,0.09419047928900465,0
-0.9639748503599309,0.76122654070786,0.4677582603552044,0.44933937493676546,0.047246283099247915,0
-2.739050779207744,3.439568442247475,1.0733528229350413,0.08303348509680507,-1.9488522489211646,0
-0.8922063155858585,0.5048413575909504,0.8161128677858045,0.5519054646025664,-0.2222804279059174,0
-0.9778427343450792,0.6159311448884791,0.9654256472369437,0.13167102990144763,-1.3372460517292724,0
-2.6369018630589545,0.6390638726623481,0.10084445651039439,0.05403265529494886,0.922688718787666,1
-1.0649843738464233,0.5909932357634299,0.07274299819237945,-0.29222552164286886,-0.24276600736081297,1
-1.8946961860320577,0.8108195278900759,2.5463850536906603,1.1724297490307172,0.19295754699691484,1
-1.2189157321716353,0.7795842767797749,0.008369567273872265,-0.5773812695538162,0.7393061518540438,0
0.25861191352586355,0.7621472144545668,0.4739105870085579,0.44743174610182407,0.5700280104939945,0
2.388926796967317,-0.71281635656879,-0.41136565248825646,-0.043384712171536784,-0.19413543057669017,0
-0.24934324369393412,0.23593329916272293,-1.0643850279084421,-0.5424250977102627,-0.8039881458153474,0
0.9615683942789331,0.15974817241679787,-1.1539666117039689,0.047460803874733816,0.06251261383345809,0
3.0156210432456674,-0.2684957102046656,0.7098099338072068,0.048268880007295775,0.9866563594273485,0
1.9795398165543092,1.9967675267353275,0.05545959796099214,-0.18568311533995746,-0.6290232353651057,0
-2.2903800412207227,-0.08253708400966707,-0.13556863016859566,0.8030495595300552,-0.13367098258768248,0
-1.5727116556253362,-0.6002119384970088,0.9737638765190338,-0.31587664815634403,-0.274023847881933,0
0.64261408991356,-0.8630886672010782,0.7492061222386868,-0.6833206473343819,-0.7162313201487478,0
-2.4893558989178652,-1.9349942644774063,-1.6971087555353441,-0.7410428644188516,-0.6495621536963676,0
0.5454644374226845,-2.7779997954211404,-0.7416310386601722,-1.3462542621511326,0.4088917549989701,0
-0.7510059225345997,1.4452475977217223,-0.3587179154047335,0.5300142678184211,-0.22658354717967044,0
-0.6036780437479672,0.4101375881160622,1.0234825172236461,0.6930892523117689,-0.38334914403908343,0
-3.654788646576359,1.951704901493892,-0.9422811413496386,-0.41887575622670775,-0.4544436195483349,1
-2.4554755277202296,-0.565852098061121,0.34301730687306725,0.6259541475649754,0.33963186161364756,0
0.8873174163253779,0.2955297959245169,0.4007917862688366,0.6653997668512629,-0.8323148692900912,0
-0.8699859361195988,-1.3455324585902786,-1.3477529111940931,-1.284893636954275,0.09504501835020071,0
-1.825705070080171,1.407677669793202,0.3843659888336806,0.06208482002530437,-0.5688162436111112,0
2.7513565179370896,1.323922449171723,-1.122319035270435,0.893241266103182,2.6258594055898103,0
-3.0908826484188423,-0.1275574031231,-0.26824599951606265,-0.5209660384788736,0.44231070360036506,0
2.344134607815591,-1.0029204907573521,-1.6889057696437715,-0.3579719273536584,-0.7928998084689172,0
-1.7413130814021656,-1.2208104153450505,0.9405746480324545,0.3941282707406513,1.2224471787038127,1
-1.6269253103250403,-1.6332493046508119,0.9325892141914386,-0.5633875524410733,0.09495103220353061,0
3.327463028615161,0.0887243784532067,0.04565645682469057,-0.7490018658467725,-0.38320519778476286,1
1.8048680516927955,-0.979770392267769,0.570717860577127,-0.8754171095518573,-0.39612084032954764,0
-1.2433748351968055,-0.5707922773222143,0.9217399632811322,1.5550252976259336,0.638454340615302,0
-0.7839067726627637,-0.9088694466630615,0.6076035103365534,0.5367706112621302,-1.263596432597843,0
0.34604075166310055,-2.3905868334795777,0.8255942476164533,-0.8610522987778936,-0.2671312304006002,0
1.3873964684508742,-1.9261367766122044,0.5357452182914105,-1.3746711284837982,0.2555737023939234,0
1.6652440381440303,-1.5031831742034785,-0.489839769247754,-0.9319404338712995,1.0798798835002348,0
1.767450021316417,0.2357214561258181,0.8367374510030715,-0.3352389383441744,-0.2520092269612583,0
-0.28493468731919525,-1.7678701159858343,0.8169043792333943,4.424518341405535,-3.183257548920009,0
1.356533764016678,0.27990395711345345,1.1496562827450039,-0.24062124737504464,-0.014896016064577591,0
-2.5171419854810657,1.3131161114160248,0.48387683289353833,-0.3972989820921576,-0.6135359814383838,0
-0.7437400174716137,1.586480040116239,0.2868818708669802,1.2518819783456907,-1.3024673410504368,0
1.3096668344500844,-0.8672723476791647,0.20662767237397717,-0.2774434194243768,0.29747081626087907,0
0.46946534221031483,-2.0185302024462097,0.25375841627959145,-0.38161697627876606,0.9101033919442881,0
-0.16719110452569136,0.40908663035413406,-0.1312868678520967,0.07351307595483117,-1.1214678482414036,0
-1.1763221295588067,0.12734943393044737,0.21759752148246922,0.4270708802061963,0.13251871512418303,0
-2.897948521707102,-1.7152239803538571,0.7243553727464459,-0.8052590050602721,-0.7188851308318405,1
0.23842535757975963,-0.7419129552153281,-0.2558383675153634,-0.22135904332914438,-1.0174601944655048,1
0.706706917691178,-1.1589939084254903,1.3757134043917383,0.0797672301366866,-0.23209899078602098,0
-1.478232211148929,-1.7585446928423862,-0.7419640706705612,-0.47851925252331584,1.9306671301287144,1
0.43541956531569564,-0.5347088082832698,0.8208132895701296,0.0853097680234912,-0.455219880965291,0
-3.891738838757336,0.8733283034504987,-0.17146656800119986,-0.6047586495706656,0.13233099345164037,1
-1.3268714141832052,2.872845555856876,0.04870038945519763,0.6011933809919604,-1.2962666483057,0
1.5622852377750849,-0.40265151778191804,-1.5155917587824137,-0.5901139855416643,-0.5354498237714752,0
-0.21377115934606442,-0.0012687660039113072,-0.5977966073441454,0.3274933807399079,-0.31423701737983045,0
0.7539342972872248,0.352249389922125,-0.19103553282001665,0.10609657042785706,-2.3752870064721603,0
0.8217043047237251,0.39243137315025983,-1.7868230590606018,1.1729471810497032,0.6930010926987277,0
3.0120519044565803,-1.8682844144977517,0.7942673329275424,-0.5468098309658443,0.06736330833696895,0
-1.9083208027820489,1.8019430052347614,0.9722613135448428,1.1994318822833174,-0.08276262786118037,0
-2.23014411772115,0.6152178909130598,0.6803456863589119,0.013621768524045461,0.8906595199448127,0
1.6145323316545304,0.7704373074662108,0.26758320278065373,-0.3732268178053424,0.5994906833454718,0
1.8299906001173238,-0.06236548704348059,-0.017890062930190933,-0.4705527352967067,-0.1382822062282035,0
1.6406804292851631,0.3943955555318533,-0.9889699571230405,-0.025480314102843227,-0.8459677419097539,0
-3.0562910872854743,-0.016604654338386215,-0.2544755078885737,-0.671167887516112,0.5253598804075782,0
-1.5205067961065444,-1.8777397463524736,-0.1528050142823791,-0.31456510225180756,-0.4770515035292383,0
2.004108528542997,1.5063763439026845,3.214137131511171,0.562740286714682,-0.03684042726662057,0
-2.554596412246643,-0.30325285027900245,-0.2581780969444894,-0.40230159237241836,1.3182693410425828,1
-3.3744933279731697,0.02921828169521937,-0.21537676454867688,-0.14102919181119225,0.23586813252525077,1
-1.1409019030548175,0.08452850243860786,0.8535187308910364,1.1575673041311463,0.9736794345348522,0
0.8902294317419018,0.629414599463591,2.647325214077016,-0.646292315681402,1.0799657951540673,1
-3.0439739591383277,0.03669075874326512,-1.5709435773425002,0.6194435129808591,2.3427570444442347,1
-1.8875439798570919,-0.8419475978155128,1.3092235857179904,0.5042561379280908,0.5986724519346688,0
-0.08607340037877285,-0.4604145994965022,-2.3962243035080824,0.2923043977610484,-1.0473968122586954,0
-1.4564185527183995,-0.3702680170683356,-0.9314863245531646,-0.7000157573097677,0.08895306954850049,1
2.2232841356876727,-1.9008877474037493,-0.9267661443555701,1.581614688545682,0.35581904650758334,0
-1.767373453550883,-0.35347065613822093,-1.4878701758047563,0.07228210489441692,0.7233892556886784,1
-1.6426763924738559,1.8308095153950699,-1.3144152765250887,-0.566217198071773,-0.39254071969303667,0
-0.12601953718656195,-1.1355820568701902,-0.5063633878404793,-1.2211519848296044,-0.8733704257756442,1
1.2502804111926928,-2.735638868051202,4.875117925984326,-0.32050811811300683,2.568556552991153,0
-1.3995561876892635,-1.0399102979089656,0.022769380574841135,-0.7556597491722924,0.4430510008079023,0
-1.0144613088660546,-2.81119373209574,0.3072234129879311,0.7293273535136645,-0.9695016498039967,0
0.2600544673983326,-0.4353168890801596,-0.12093749863634448,-0.009037084981310816,-2.5325220079057327,0
-1.650143546767378,-0.042013701023535764,0.01673131062611181,-0.21265327348658042,-0.9373479811471721,0
2.3508121642018036,-0.811149625725047,-1.0539870023078128,0.6585558867869366,2.7545850290132914,0
-2.249255920421132,-0.9332407856384107,-0.47246940229174267,-0.06909168739919579,1.89769560459697,0
-1.7073322520405487,-1.0784195762260187,-1.9509663313110892,-0.5025604522402873,0.2764192507408407,0
3.6769435050258417,-0.5452332906380113,-0.9304218828220169,-1.1353742626913275,-0.2928547678759824,0
0.15779573996877663,-1.0561110998984917,0.3088756032086697,-0.9866027047384893,1.5697721226264558,1
-2.620556372106559,0.06108877639167259,0.28923633476749244,-1.247928796667217,-0.22678675453688116,1
-0.9316480339291963,-1.8860842559697046,0.6121005313473349,0.9449648583898653,-0.8433859351869833,0
2.3844714454867075,-0.21989887198515812,0.2891373003140198,0.37036615710433946,0.8051564955853318,0
-1.7409709776550077,-3.1839636048769573,-0.2925032564004955,-0.3593932629034289,0.05136602670824559,1
-1.0325995849975085,-0.06983221357269542,-0.5182163264461744,-0.9784850837229933,1.3728202886015566,1
2.300806647672031,-0.6931342710902338,0.24774862335828932,0.018790364027448048,0.3139929531113085,1
3.792389047538526,-0.3119794344912007,0.4811502527032243,-1.102849812130008,1.3749544963471745,0
2.178401867003679,0.7765401871835678,-0.5379486355085032,3.697295785544252,-1.762040325923908,0
-0.03941393689786604,-0.8807000005025422,0.9880937183713385,-0.2948343605356926,0.1311137661575426,0
0.9736578873822264,0.9666497329015655,-0.3049011262908051,-0.37853140651831696,-0.48902320846492675,0
-1.249129518028256,-1.2721590783997474,1.4358576903400937,0.9144947776422484,1.802704041459082,1
-2.2146414776418597,-0.3196658459713885,0.22419835987810183,-0.6991745466512517,1.5589019643581012,1
-2.652661253697773,1.9642907932209877,0.6445593543313249,0.2676843814001165,0.9033226469355806,0
-0.1282222543192832,-1.4849081641883308,0.3096635555226368,0.11320734919953719,-1.4671129773719236,0
-0.4044806743670405,1.7827579600993622,0.12351147174596734,-1.0615755915815408,0.31019386772559626,0
-0.38773586549627426,-0.07450703202318931,0.9374289722693337,-0.05355675416043664,-0.1231516273710477,0
-1.866563422919074,-0.08226389458891877,1.3708483214598666,0.8890742407194272,1.7004029984906035,0
1.423720592213704,-1.4827691045187759,-0.8241693161365156,-1.2850923726962988,-1.3898224482164216,0
3.1914137042860093,-1.5566726753882525,1.2916876101524557,-0.3293307895149109,-0.13378108688799556,0
-0.7124156909565479,-1.7267510673288238,4.393011386669122,0.9310719961746016,1.8146562018773162,0
-1.667767819666431,-2.4552118053069694,-1.1344098787941193,0.2895403767161016,0.5591973985989668,0
-3.158964821051006,0.6112520014146278,0.1899962459547163,-0.5378883714468357,0.8946450001048096,1
-1.2166832021140657,-3.2552976146394745,0.13643638881278033,-0.9427598124156022,0.5168379042396742,1
-1.4841864689747357,-2.1630862960820743,-0.9689328379119668,-1.0129406469965536,-0.317378863564502,1
-0.40360435337711725,0.9702977183614503,0.7251605382079486,0.3949160032730143,-0.22071063534679786,1
1.0308233931163677,1.4062527388789643,-0.6992828057695725,-0.2801930040608502,-0.06918701586901961,0
-0.08222503927988982,1.517180722853459,0.941828302850083,-0.09779927236301413,-1.6228238362939744,0
-1.3375637075443396,-0.4490969421221931,0.027414786758272428,-0.2053305835028117,-0.4445882370845391,1
-0.23693056632349935,-1.839599743964175,-0.6726679364571043,1.086968531836301,0.24290998152392418,0
-2.136854805099691,-0.99100249012021,-1.6139270353579334,-0.4561256156688259,0.47235165878272856,0
-0.13232300931853477,1.6035833343019004,-0.07272047562264833,0.7531213198634186,0.10433720142554269,0
0.23922267813658105,-0.5216485165418449,0.6855008299155815,0.07401925763687822,-2.093984653772688,0
0.7814921651639578,-0.3097525550479018,-0.15428689905783607,-0.9235600675281674,-1.7121605871182397,0
1.5445344850603084,-1.0626187409346204,-1.1267964252744413,0.36335211907335574,-0.657029327829699,0
-3.5117482261105124,1.9198135489143133,-0.9259262559954843,0.17443068775020953,-0.4315726529339688,0
-2.1232659607439244,-1.2333972022146031,0.1809737893082831,-0.1257215182941931,0.17998162758321495,0
2.281138000170006,0.9307083443899703,0.9662186166510888,-0.45105368588683475,1.0481264502321097,0
1.3814942035984472,-1.0942504463905287,0.43213227441862745,1.647830480398502,1.199694445649068,0
2.51486259761253,-1.2011255110231698,0.7787681263849039,-0.5283720851164416,0.4396189872423021,0
3.1054055576495796,0.6536215801764692,0.0010757844297733946,-1.4551405213021982,0.0877168606328772,0
-1.2611911680214798,2.0656150457550866,0.19642264357158445,-0.1936270256895016,0.6945426698449043,1
-1.5795713660932424,1.9229659120897629,-4.361478937844535,1.1806220779686012,1.1315175216917122,0
-1.8832307501435759,-0.7246857017052022,-0.7187087699818114,-1.2896017486386495,-0.5543597109653771,0
1.930681847702617,0.5346158915799077,-0.08455241919698518,-1.4853032496793548,-0.25175905923876085,0
3.029281719167114,0.4687827098007941,-1.262248640042458,-0.2603645747844029,0.3420791756417123,0
0.3267147969016311,0.2954114533451847,-0.22996896086783705,-0.3173674860569077,-1.5232636578256715,0
1.7031306477709034,-0.44929957727615116,0.8555655778831772,0.08071401518106602,0.16610276832356455,0
-0.3000759237005121,-1.2921796580097198,-0.8320509002622266,-0.965930721370559,-1.0336614543219937,1
-1.48242419468977,-0.6326324140575557,0.09785646838971095,0.3791298325670719,0.8581591808612761,0
0.3076120637009035,0.4407813735262357,-0.12598527801025333,0.5220274678026896,-0.5599128645785695,0
2.0742203076352466,-0.15356560116025744,0.5828217246790555,-0.5197157615209826,0.1524763988849278,0
-3.8186566921788074,1.9606705779167537,-1.1860124525676508,0.068694252620551,0.026299814031358115,0
0.07673215025459944,-2.162578063649454,0.2565517082271817,-1.3723964604533125,-0.5328212165280802,1
-0.6829044213620902,-1.491786378591871,-0.7327467786916855,0.7371993509447411,1.601522977545077,0
-2.73047862768322,-0.3631634851175078,0.867558672164444,-0.8678869227209453,0.34639089520644695,1
1.6345141665802374,1.1832087947046197,0.4791547930939937,0.6789654755633678,-0.6431709045033531,0
-2.0885031785249395,-0.8020245621860702,-0.7793359853273781,-0.2870776212458564,-0.8537700105556724,0
0.6691539880092205,-1.1649047304522309,-0.4470856507349026,0.22795479487686424,-0.8528102145119449,0
0.11486353406397118,1.6528307070286026,-0.11354838856496824,1.2789239428586077,0.9160354445652886,0
2.5563339720571854,-0.9563378614418124,-0.6817081526974803,-0.8501886639402867,-1.062927484731132,1
1.3662614616541067,1.5026065782735365,0.5269898792794223,0.48547682859675145,0.6894384787410046,0
-0.14513409198241142,-0.637659330995322,1.1185554418572154,1.0567374162729177,0.0689892036968301,0
1.137186539905246,-0.28602392299938734,-1.2567827642504434,2.484573940916888,-1.5204402993152932,0
-1.242236518229417,-0.7324912794351474,0.9250551152169365,1.0916577213062404,-0.2821347729150466,0
3.327463028615161,0.0887243784532067,0.04565645682469057,-0.7490018658467725,-0.38320519778476286,1
1.1768151548717807,1.4868996264072059,0.5647969022525787,1.6373546849212446,0.05699263584768263,0
-0.9713633559918637,1.6957428007080286,0.2951521094662656,1.7076433608137311,0.47303462686407266,0
2.033475587053712,-0.15138191919210103,0.2840317387525886,-0.6305096734008367,0.0579977048934675,0
0.1004987322616373,0.793564401785117,-1.4550122015524052,0.801264262138938,-1.0015766920675302,1
-1.1600082480268084,-0.29050932642420796,0.9757198642390511,-0.16030866922632878,-1.4310244505812841,0
-0.48370092295154027,1.119744058800336,-0.3996631464681818,-0.8315888327376902,-0.20740593068796773,0
3.3428691594290476,0.8580358468630572,0.8924487414023413,-0.21877575938575708,-0.04521470664631111,0
1.4132186323547775,-1.340637311577213,-0.23570569618000417,-1.8264220930601862,-0.43040064959770785,0
-1.693588192341147,0.537823529724011,-0.17051529220638434,-0.3671393570277316,-0.06088846156678065,1
-1.0738599561871771,-0.4926114283345651,-0.020252263124743167,-0.14440518078353254,-1.1687158788629692,0
-1.088371218000112,-0.8193413037696473,-0.4277888304290668,-1.8940304134891774,0.0020074195135846838,1
0.7441685393539944,1.0333008101556687,-0.7322641563865682,-1.2460582698543055,-0.04487425210846186,0
-1.5660215888934725,-0.2718621647234683,0.2234784175847793,0.48405245700927646,-0.1613853528297276,0
2.2294539107395823,-1.6035286652039742,-0.8938679282935401,-0.7952204078820322,-1.3963397335703254,1
-2.6428177741841155,-0.5961736576838939,-0.2655345546905617,0.08944385972576996,-0.8302098523406912,1
-1.0050407456081238,-0.40948631368068283,0.4311359768853965,0.0973006511845294,-0.15111163873883493,0
6.065591716640824,-0.5730407269808157,-2.672818712402263,-1.4501665246529887,-0.4644892876176604,0
0.8527750813447799,0.10395699277229964,2.866034894763967,-0.08134430833199469,1.1503624892053348,0
-1.4619012077546856,-2.7966974126965543,-0.2174249037124433,0.18365381364583183,-0.5972092056213265,0
-1.7723981599738612,0.30349422247435176,0.25551187344651205,-0.03399762446342745,0.21345441699615963,1
1.323197443012957,-0.26505736595237345,-1.5919593529473761,-0.5945528902361444,-1.5319029048803239,0
-1.5975841221157228,-0.0823937907923239,0.8471956821284043,-0.19850532730178413,-0.4434446458689229,1
-1.5616247560198173,1.3126122487606846,1.2759432285919592,0.38880033184513485,0.4584654388010491,1
-1.1226444851225963,-0.31435896024109317,-0.8053876383859725,-1.344083144327822,-1.1293280277665216,0
-3.1998574875712253,-0.3018850707898817,0.2234706313169126,-0.8881892746859851,-1.7490896486669263,1
0.35071307586453915,-0.6944046205243396,0.2487523257456838,-0.3640880570471737,1.2911456799268284,0
1.336080488297269,0.19987306620122275,-1.6783838922201388,0.43740339628242125,0.4967968996333137,0
-2.002580100828738,0.28713887437650104,0.8287019399422858,-0.024732491002677916,-0.12598392602947464,0
-2.579089244841042,0.41591931357492123,-0.16353700233065097,-0.6349269177675722,-0.08583142387267602,0
0.64261408991356,-0.8630886672010782,0.7492061222386868,-0.6833206473343819,-0.7162313201487478,0
0.24960089296744642,-0.10025767449087669,0.39052037366460945,-1.916984013242177,-0.3736559033440112,0
-1.2782350480148421,0.08961826245897693,0.3440090913460066,0.27955106727333684,0.040300157271863056,0
1.2689567538044833,1.013341739565459,-0.6964996330012331,-0.15640320704243568,-1.0138556670291814,0
-0.18902262378343837,0.8439899789661025,1.0720981208628346,0.23579876756742324,-1.0747008333830768,0
-2.644425270677423,1.0101080572682641,0.2945647189787734,-0.00801409005162553,-0.7980195941451682,0
1.981098142528652,-0.5056016479388195,-0.8029544548226842,-0.18551543253893965,-1.1225917496088098,0
4.355169020850003,0.26288635868433335,-0.09377087151824684,0.5223728646687714,1.608582350681339,0
-1.4754036901491794,0.7205173268521814,-0.39725447097597955,0.4005244993412825,0.4264089979171543,1
-0.028808964400921528,0.03714761387604546,0.7677215320291784,-0.4560827935551064,1.4515237374428132,0
-0.9165598083680413,1.2278433581021144,1.0672800715957678,-0.37018779474442526,-0.4811032700564563,0
2.5139911190783253,-1.1538646719927619,1.079756987161844,-0.6512711316172208,0.2924246739869931,1
-1.0604147874726606,-0.05074792881064605,-0.03387983837980879,-0.7170859970744912,-0.2621410672616316,0
-0.6767879920988594,0.44222311736345515,-1.191279433570339,-0.09870499571304474,-2.009218476540957,0
-2.105563051239442,-0.9268983835967285,-0.4991963288667712,-0.06448180722642004,1.9368950895830928,1
3.658081708760108,-1.8480676014630142,0.4160973275572293,0.34698254914628374,2.2678923378553866,0
-2.729932533974212,0.3493093253402759,0.20791870240876784,0.40718308815450033,0.032752599748400724,0
-1.4707037327149073,1.5657398835386338,-1.5773401618648932,0.7657215025196955,0.6340208514292086,0
-3.1660936002120246,2.7601116492522455,0.405972982695561,-0.8624598977947243,-1.1527519527990904,1
2.2294539107395823,-1.6035286652039742,-0.8938679282935401,-0.7952204078820322,-1.3963397335703254,1
0.29199375910957875,-1.0213654404303396,-0.5513260705671934,-0.7765150049381565,-0.16362993831318565,1
-0.9799931155314272,1.593606090937078,1.0145340758680301,-0.25471691263038143,-0.693029727306863,0
-2.8904670840366458,-1.391192790920697,-0.9466966838090913,-0.5927261856808088,-0.29243015016023693,0
3.080334228144537,-1.2274659468233091,-0.4581152073938873,-0.7469077099181252,-0.6401636245935153,0
2.3770409800883567,-1.42980572095118,-0.5075375276156294,-0.08925120605353842,-0.6330486246284607,0
-0.6871868925911857,1.0482767101792563,0.054838305597030984,-0.15676059370515458,-2.1668127773697563,0
-2.5954961398733984,1.0697645847093968,-2.307553729144673,0.027631285741750788,-2.2622354708076755,0
-0.8932170055309553,-0.25781001678820026,0.47615661713746177,0.2562970759767078,0.3227849834681094,0
-1.9666641140329697,-0.23401983006158963,0.7429535705108837,-0.5507479143570081,-0.18802013317537666,1
0.6540589825287303,0.15441176962518752,0.8189451843276411,0.9554947864025275,0.9620327254875316,0
-0.5444673670554276,0.6845453126995925,0.6569542400433411,-0.10156824444552477,2.1809272432815585,0
0.7852396889669016,1.278603698689807,-0.532352605837188,-1.0055248070579015,-1.0755222360175523,0
-0.258671041939527,1.7551977240449872,0.27152036872524005,-0.5573203402462579,-1.2386562487541404,0
2.6605795766711844,-0.23721808901570093,0.0303780094987641,-0.7654591575312357,-0.35023640420634883,0
-2.535639347865074,0.4746848260961309,0.15041063525348433,0.7068312429125173,0.8864014074932426,1
1.086426194606788,-0.17398253480068662,-1.081183342478829,-0.23104825003217716,-0.5078407716928204,0
2.6442617985768955,0.8335595011582351,0.4217528977712783,-0.8140943770273554,0.1304263374367813,0
-1.3533054497800578,-0.11069566429841442,-0.1281048156138793,0.3566164819123179,-0.06300077578468438,1
1.7330228435247401,1.940508198867517,1.044809802351205,0.8628110843110891,0.9521120600696775,0
-2.245774269691885,0.49566286083121136,0.7161767540984684,-0.3381084303693987,0.0888044640551195,0
1.1127820721679746,2.090346229105205,-0.49700076876426036,-0.20091328303424363,1.1550847275447704,0
2.1629096516527673,-0.35463794085923644,0.48153124768538214,-1.36182653786216,-1.618091649421388,0
0.580314730633429,0.7840908080078737,0.47428443308211593,0.8551925130563228,1.1176355526395334,0
-1.0611291624966344,1.939251541463449,1.0415374283018113,-0.6223304282146731,0.0959858472283108,0
2.2607973071627367,-0.9932039148782481,1.0346400013363686,0.40077931590942856,0.9214462484419391,0
-1.7369948208102217,-0.5733891476392287,-1.0190271394123191,-1.4667097932148911,-0.9340407569580105,0
0.09546880150973815,0.3994782271376319,-0.4372890793230757,-0.5550522206143529,-0.8725612787883571,0
-0.13746999903614698,-0.7586169500670076,-1.275670673589126,-0.8318767668931301,0.3821618857370924,1
-0.5966083265522316,0.1645213001390142,0.0499565288937162,0.5982751364968809,-0.6445470801751851,0
-3.2119128254220923,2.3158590078115195,0.02648324685131777,-0.44214778695769574,0.6744746158031576,1
2.453538888549843,0.21993381455338185,-0.4404504196374738,-0.5454370694356577,-1.2268667483451219,0
-2.4583023564766027,0.38287849370546817,0.5064168856036124,0.004317504321151472,0.4146081189172541,0
-2.7819304450676343,-1.8562771027752167,-0.685051371587618,-0.49160871878236606,1.8206941418038054,0
1.0858428725292313,-0.511342436887047,-1.4963511318008045,-0.9194508519509824,-0.9160014735795025,0
0.9937449668062711,0.7811723685564355,-1.115032362932722,1.0839306795024655,1.2906688417558119,0
-2.313190884698825,0.6095959793817792,0.5876462150739027,0.9798274609017347,0.15897335782444708,0
-0.8718337639889987,-0.16562481706374776,2.2179091221131864,1.7716549918835378,0.9498661074761904,0
0.24707319225556484,0.5342283445983018,-1.3214246317898446,-0.9113008061092241,-0.9154567599541282,0
2.6069333850617116,-1.3493504287053493,-0.4483876914907238,-0.616899659243842,-1.1271573575454654,1
2.030449311028445,0.5577279684507738,1.1855366093351534,-0.2902937913910632,-0.017920123388537313,0
0.056279104509815915,0.08944863794721672,-1.5215590901513938,-0.3674615482047238,-0.0891933319733954,0
3.2327867186089767,-1.105107606278784,1.1401065813510003,-0.571946615838922,0.33808693285385455,0
0.7440555840035812,-0.14235853433286974,-1.0027961048292287,-0.47418203176832047,-0.2160036768708873,0
-1.8179030781144467,1.3440648715488923,1.0103133758576655,-0.16025077197730309,-1.189052055293529,0
2.207187283501827,0.8170497283411534,-1.4162538904165252,-1.0973999948522417,1.1799431601112256,0
3.104019829839688,-0.6065309341411468,-0.1902953424157021,2.6450114716313915,-0.04480522870173581,0
-3.305778580897735,-0.2736382156684924,-0.4251991544413577,-0.5634228817408439,1.1254896817419584,1
2.2005291200730612,1.3078232951976863,-0.6492483277973771,-1.2230686452428803,0.47287726485679976,0
-2.1420835689316986,1.4530127577883625,1.1290107741929807,-0.6590070489263355,0.20286127936635875,0
2.829023136577889,0.5096425146262414,-0.8317822365119111,-0.5038726153065137,0.36313612627507963,0
-0.600956799588298,0.9319978892069183,0.9721178327379454,-0.10720274718050711,-0.8895499027308494,1
2.0518007523188464,-0.11214733187570024,-0.28396157108986625,1.015785851004067,0.8443602611084934,0
-0.1197982988726223,-1.3219630819419248,0.1496607260203701,0.5638777909541776,-1.2840320097842464,0
-1.9622060300482826,-0.20872004413920237,0.045185076391580085,-0.2120866473711723,1.468678401084137,0
-1.6665561382547789,-2.828924237472247,-0.01259960036729853,0.6519524235272852,-0.23732405415111354,0
-0.07717730829271902,1.091386491378336,0.6713315868339217,0.17769014027931077,0.5133258889158504,0
0.6631841299475658,0.9972975249064008,-0.7101360686880492,0.8670898633656546,0.8725719997804259,0
2.7365231339936607,0.5618038159345118,-0.4776737745574789,-0.5351566215295611,-0.17126071413648378,0
-2.5983770711609093,0.5808956161162728,0.15912420090237755,0.04704647625233004,1.5327047281453605,0
0.4502541266862386,-2.0980224974731603,1.0127704606816785,-0.4489895118865495,-0.14366590201543045,0
-1.5307762572840333,-0.21487443514664073,0.47221035276174245,-0.06750925561410279,-2.026471225585442,0
2.825425715175222,-1.9010916096520363,1.206213929555544,1.5293603925158288,2.0468437789425464,0
1.1550100143670732,-3.495975811339075,2.441686953168675,1.058239695689524,0.21045440421358327,0
3.2296345090250966,1.147943716026357,0.04405077520205249,0.12718083232655128,1.248044446758289,0
-0.4893634951462636,-0.06430130891121605,0.7964220658051975,0.25544980028761166,-0.14366415195502805,1
-1.1086600136181428,0.36110117040320877,0.6874849851926211,0.9019992075549044,-0.9995905253639719,0
-1.6415814225234708,-1.1526813171831845,0.480311752254287,-1.0121163430224198,-0.9020425623074751,1
2.497749523352497,2.010646653417513,0.5299618345610745,-0.9847463042246657,0.44223255219262,0
-2.215425836198603,1.0937374413271015,1.2536527725924456,1.1260677864422133,-1.080069198722144,1
1.049717726992987,-0.057203917270347016,-0.4189333633934716,-1.337731039376845,-2.223621240929937,0
-0.33340439432390034,1.7302364899841047,0.41185618806158486,0.4863441855442102,0.13059766353118377,0
2.615054776293092,0.12866777593674383,0.34554828272495614,-0.6267667509270725,-1.592174887562447,1
-0.3099570023098325,0.029461153024845917,-1.3001785213754722,0.464482225238253,-0.08255780722262249,0
1.8295265667247216,0.7775142715519225,-1.989568524569603,-0.42116542625254044,-0.5171011773079058,0
-1.0532882439710307,0.28446547665749294,0.3007822175108928,0.8176372636388058,-0.38674515377315694,0
2.6382483639524255,-0.3005224341020676,0.1845460504721264,-0.3258553145163938,0.09218816354128798,0
0.8709288523100891,0.8383206703923425,-0.005848210945392976,-0.3849436141400581,-1.5744792739013937,0
-3.086406430285894,2.7073264655555436,-0.22138541823848668,0.8680930350727689,2.5504196909874506,1
-1.306471246500963,0.5384112972107055,-2.929462846800084,0.20351721238134052,-0.4804676192414511,0
-2.0254984116187327,0.8725736486766753,0.621270483428982,0.10349165893895665,0.9753355511353775,1
1.7933774340945414,1.4945707173001666,-0.4463152327574166,-0.5733962521913979,-0.7916950959624334,0
-1.629995789212445,-2.1029713421421508,0.826079037527537,1.2037700318294609,0.06836373699048175,0
0.08534794499769555,-0.7477936136561235,-1.0610364741819076,-0.7210996833629306,-1.1139752831322762,0
-1.2131160316136207,-0.7419702688974907,0.6059791721597483,0.1153269639359602,-0.3223650333865015,0
-0.44414990847759755,0.40394848631098595,0.6665449166439466,0.07107705307586709,0.13686298650640932,1
-0.8497809261965675,-0.1559350709658973,0.9645923845910519,0.4854780521222499,0.3877331048943856,1
-2.4973824589241116,0.8875856052586336,0.4097952366173054,0.07303332348157694,-0.8614735387116956,0
-2.147111844635832,1.3516017203293487,-0.0954736859467909,0.43482683921118426,0.9502268848491823,1
-1.0229333169585542,-0.996675834346761,-1.163781275504753,0.44199798639154736,-1.2540859490337586,0
2.1308050552675946,-0.21625283708960955,0.20405984798996663,-0.046033095619446414,1.1319391100882907,0
-0.5804758432574454,-0.7078957682740333,1.09326319854496,-0.04942886002328168,0.3245712673094857,0
0.46946534221031483,-2.0185302024462097,0.25375841627959145,-0.38161697627876606,0.9101033919442881,0
1.25783481069982,0.8343664880695835,-1.1076342944645552,-0.2518437598238385,0.30915780075856425,0
-3.158964821051006,0.6112520014146278,0.1899962459547163,-0.5378883714468357,0.8946450001048096,1
-3.5411041353302632,1.8282551914359222,-2.045204673509824,0.4478974042195334,-0.7766676400930541,0
-0.0563957947547061,-0.6751358210024534,0.055526868786113265,-1.5731560121850043,-0.3647125827137503,0
-0.4652971586579081,-0.8237518677810732,-0.45106192137227397,-0.3527245069474136,0.32077877665804294,1
-1.700544579606813,-2.638769260129493,0.1520804910391227,-0.7694034323559513,-0.4432625857464003,0
-1.2103402610219414,-0.25394242594536065,0.5668268197347867,-0.5897770708159479,0.4480232126563796,1
-1.922266701783997,-1.6520361162916812,-0.12689448590297575,-0.1963521572522545,0.6986670625830106,0
1.4355541989030831,0.484010102982724,-0.7544560907312521,-0.4048919748809066,0.08306068465290392,0
0.8900119210595031,-0.5839844579840204,-0.2730985485569513,1.0387872322981233,-1.5258888199080425,0
-0.9291886130156602,0.3084778583796882,-0.4814939702756965,-1.386395963927832,-0.2844963240912376,0
-2.309216382398727,-0.589792983405184,-1.3047356549963993,-0.5918892932610833,0.2637384476351018,0
-2.732404478218525,-0.3721739987601695,0.37770179985365754,-0.86815718143071,-0.3093345655777182,0
-1.2403747171624717,-0.021218231714661952,1.0947921016281015,0.41098785567389995,-0.2705331565868675,1
-1.5179134651047461,-1.2697133095791548,-0.84593605601179,0.08882452138301274,-0.3286304735265212,1
1.362369262151092,0.5989993205705053,-0.5865279623640473,-0.5082320075785781,-1.1316086162981078,0
-2.6610033251996326,1.4854632553906861,-0.039185229188740574,0.21589563338901585,0.8420371080074971,1
1.9922894670182913,-0.4446416834861731,-0.6015095821069034,0.15694098689231295,-0.4994289098813288,0
3.0256471712798527,-0.12043137995180542,1.6741952296125069,0.7494849324525672,-0.053697470286596424,1
1.200220911131146,0.8678450581591061,0.5481772450550043,-0.304009147560068,0.24486341661591876,0
-0.4851833184750863,1.965545132451899,1.5263440616957935,1.6653788675452377,-0.5666160931856866,0
2.4313534529340886,-2.0309213824344887,0.9264977221237151,0.878609558841943,1.466625924779952,0
0.4441306772507657,-0.10230435482481832,-2.781997526412564,0.8074308354185771,0.8398426758007012,0
1.0409471668117516,-0.7568733915031242,0.5171210668967472,-0.7247534694586961,-0.4405452255761887,0
-0.6336071667598028,-0.5746352830551636,-0.8522825871913748,-0.8327840348823728,-1.4781652655666786,0
-0.4966721121442043,-2.610065251801703,-0.4279644859793373,-0.5565625973029212,-0.6161351631274309,1
-2.164140608547204,0.07025303902647696,-0.3267436130201195,-0.8393744563228268,0.30565487388424634,1
-1.058008402775607,-0.9896548963583114,0.0071637860148123875,1.126296802673151,-0.6722753631559093,0
3.2981612030195753,-1.309874519464034,-0.19454540280081767,-0.3594271201713594,-0.347984182412098,0
0.9575135128717219,-1.477237850921772,-0.06766831536340853,0.61835920160136,-1.0371648591068745,0
-1.532789075671952,-4.492280155676661,0.4382326328171551,-0.5218766224359733,-1.608969481228155,0
1.3630327143192786,1.1986351425702313,0.5915282254582709,0.16544857311521002,-0.13929999488490366,0
-0.3772768181633891,-0.9581052708299339,-0.31831308664067964,0.3951653640167738,1.0336163477449294,1
-1.9430226707286617,-0.0035408380192581395,-1.7169315555340439,-0.3288961571215079,0.5407498864763949,1
2.259691180312303,3.0175304503170945,0.2911076854319969,-0.4713675922868156,-1.995339289497661,0
2.3015368089490025,1.3022610096353602,-0.9494307875350112,-0.6496176659285642,0.23854985506585621,0
3.3894622501191143,-0.48430416296163276,0.39932819201343317,-0.4831595742772354,0.5647814247207175,0
-1.1937360695657124,0.6271551641623175,1.0522911094159295,-0.37801971415430935,-0.005767066787318079,1
0.5525264443297704,-0.25594562855833036,-0.6275754752626812,-0.5071493493186913,-0.40669480942784314,0
1.336080488297269,0.19987306620122275,-1.6783838922201388,0.43740339628242125,0.4967968996333137,0
2.0581237286058567,-1.068470054469766,-0.7702302530770989,-0.9819967525720806,-1.5455414231586466,1
1.2846125450794492,0.9567255570036599,1.5208722276508635,-0.06536877368123975,0.07682924902465484,1
-1.107796812087905,-0.40934128114427254,1.0006224319141943,1.6883115501773,0.7719335596940311,0
-2.6078178033007338,0.9744084887233209,-0.2256984695138097,-0.9976216049366164,-0.8785222545254641,0
0.46451949576725354,1.153062822403409,-0.0643973955256281,-0.523811776154303,-0.4012492500162205,1
0.755461086267827,-0.5465583771710231,-0.5824765027580109,1.0138819781433812,-0.09795510666859221,0
4.6307185983357355,0.3240471155959997,-3.656113720339597,9.541675681357479,-0.7749904944284186,0
2.319999226636715,1.3333992503168846,-2.1047664546164877,1.9963726021745265,0.46120098354298755,0
0.12503217943822162,0.7619271265750059,-1.938204124878911,-0.3296584819404499,0.9004198594221555,0
3.1202942281947648,-0.3489139636522116,-0.7229915440354326,-0.7864584370128195,-1.2193404250779682,0
-0.9370166978505184,2.211166746305227,1.6219469443055985,1.0426571507280458,-0.6108858711756672,1
-1.4229744753861617,0.3673035482067695,1.567339860376607,0.2599349385156555,-0.2103852743631096,1
-2.5156419211688985,0.39503238305642047,0.011013546193829079,-0.3265724041644633,1.1547876401665802,1
0.7674529507797143,0.8453121287420927,0.017397545850548226,-0.11447228828708031,-0.4405500390697207,0
-0.8454889218667031,2.813554834669698,1.8193794016870926,-0.00994249591983956,-0.14154618167151728,1
-0.4265355738955104,0.4023069313213189,-0.22740288935909583,0.22512928894746664,-1.1079818594283,0
1.463530481085813,0.3572242448191667,0.4321263553866631,-0.06648696484949065,-0.0862354246119702,0
1.9291459472521153,3.86522788959688,2.357165395734638,-0.7721563033798998,1.0772469633762718,0
-1.191552721900266,0.3278504578442677,-0.9960637928470453,0.43394832439817266,-1.2535856240748455,0
-2.7677629413119518,0.7511627352036055,-1.984708841148112,-0.0018188176080673943,0.38335746848114854,0
1.8791574336192947,0.4105759391471182,-0.20628453162241275,0.7717924425600788,2.2219765700480854,0
1.5173857871640641,1.1598371566067265,-0.7276988621751213,-0.8338157008930095,0.27088472401835045,0
0.21328419198356874,-1.381240427659645,-0.6872175443350462,-1.2729039354765317,0.23511240887089724,0
3.5495197019951292,-0.7354909471159249,0.7611619489054324,-0.14951169908938022,1.3025273615035953,0
3.1748326646476634,1.5376970169818576,0.42894136751285317,-0.4349018920569901,0.9418605753701857,0
-0.8994865282896192,-1.0954912068399483,0.7722699505073124,-0.3227894671124276,0.7771649043091695,0
-0.5288989935334812,0.36755404116042945,1.4311490487567176,0.5954061533448872,-0.7827175416833102,0
-1.7809263665646293,-0.7872560958191408,0.14349160128734403,-0.8381001304925204,1.6693653434640139,1
0.816822854164168,1.334014964284759,-1.6863529064740546,0.5056247691974984,0.010951702263845068,0
-0.8433341092591848,-1.7254015234008924,0.647841106505824,-0.8151017364053582,0.05703173770952628,0
-0.6185816569587084,-0.06245523120846351,0.27198587092284177,0.026942586456423515,-0.6212977132573001,0
1.6293353601441714,2.1192261699646795,0.24867047441410384,-0.12929772816806726,-0.6368873242515938,0
-0.06272705306137807,1.3131055273167693,-3.9713750890212225,0.3654876337857691,1.8580162199296346,0
-1.41446309257545,-0.04347656895849097,0.1314844297892978,0.05990313307038724,1.701095333615037,1
-1.806137205235783,-0.12999769596127103,-1.3349873422197271,-0.08546064037531129,1.3301508837126255,1
-1.1638154923882569,-1.049722985780709,1.6284175118369877,1.057363031393955,0.8885261607315779,0
-2.7761934473343577,-1.8237941248288447,-1.1146514662752522,-1.2732853983327996,0.966972694297415,0
2.344134607815591,-1.0029204907573521,-1.6889057696437715,-0.3579719273536584,-0.7928998084689172,0
-2.040619979739269,0.2570549173590353,0.5138181738252996,0.5948188917493421,-1.6867909281333824,1
-3.592056818705104,1.988665064679115,-2.0503364900314143,0.6099256345448222,-0.2711320792031433,0
0.8703198670560397,-1.4492893812876557,-0.08637723612963862,0.24347181812812774,-0.8394680836186833,0
-0.4103572049974633,-0.595614346098983,0.974845684504535,-0.2467859119305065,-0.04984597893318054,0
-1.2134446721479373,0.3274829328671238,0.4872075067353893,-0.056203744870968006,-0.4846169421624524,0
2.76196514694335,0.8994170668508811,-0.810832231886594,-0.3606464889967107,0.3382771580835798,0
-1.6810959168616793,-0.03788503508528263,-1.2685693350614056,0.07512474221440678,-0.3059637562704468,1
-1.342551174187181,0.04228731672595441,0.24586213646518967,0.433309073750894,-1.2726995277703093,0
-0.4588696361946603,1.715416332898082,2.5047251311060594,0.5253382802820259,0.9009138983802968,1
3.003539095351087,-1.469291218196505,0.1431847585896965,-1.0046493519518351,-0.8663999254569186,0
1.200220911131146,0.8678450581591061,0.5481772450550043,-0.304009147560068,0.24486341661591876,0
-1.969905463086607,2.021488200559147,-0.5666421531111157,-0.665441089370803,-0.3363189325165038,0
-1.5021122750277882,0.8339015731144637,0.46663296324894954,-0.6664207531421845,-0.01206834479246715,0
-0.3828063036385105,2.0330892766432505,2.305118144911846,1.0520736788894793,1.0484187097794293,0
-0.4805536845333837,-1.876942458795558,1.091847659830481,0.36144775562958587,0.7134332748723321,0
0.7878353513697428,0.797599258199198,0.8364569270012074,-0.1742556097659901,-0.06058564104494186,1
-0.33488380750164976,0.28930302884470277,0.21757226996458523,-0.15079869564537077,-0.03935129140682611,0
-2.505321403124381,2.3753422316614543,1.7683333654920852,0.28022844406782943,-0.9319664607468559,1
1.1761539507059362,0.7555301430628847,-0.8769863108364068,-1.5797626941916234,-0.7937103669539257,0
0.7749154831775507,1.061102171517007,-1.7788590121917693,-0.53225862865397,-0.6045091282441194,0
1.598235368241458,0.3155894086100732,0.5516006326701607,-0.3895988729524141,-0.011068917208421866,0
2.480820975423244,-1.073535403072647,1.1117665378246988,-0.3367520532180439,-0.368331344756422,0
-0.06516213862884458,0.6819862261546793,0.8081090576110299,0.12945701806817608,0.13842067651032575,0
-1.26760124519258,1.2672820426808546,1.1954625708029403,1.1406294534637582,1.762897153239885,1
-1.1992681871016921,1.0695498274980966,-0.8628416581188185,-0.20743666207516576,1.1787387184233313,1
1.0958585043650237,1.2550640984215602,-1.3034574566420953,-0.0026936281642334033,-1.173633810927192,0
-0.9777989696325775,-0.9340523104446653,0.4154874450879499,0.4763933872992139,1.2854916439117314,0
-2.5946871223064925,-1.784043616118724,0.25179861626764993,-0.3461284714316309,-1.2960999892673826,1
1.7240413207964465,3.1738069541490894,-0.9730157099484306,3.0848921980549786,0.4815629527183123,0
-1.0250530546419945,0.7022689195158682,0.05773463840662632,-0.37075501826248686,-0.193618576101622,0
1.7737306793327334,-0.8363764575345323,0.9261166622396699,-0.6178669266363948,-0.6846403135341491,0
-0.6305550054167635,1.9682925419848039,0.04079867542432375,-0.4801068003225226,-0.2411628313680954,1
-0.7816025799888097,-1.676448903150043,0.4835563768472979,0.12384818740509969,-0.0032256696469709235,0
-1.5041274324336371,-0.5868793236796823,-1.3471681200405634,0.49307558209575986,0.18263585079385103,0
-1.7530081265655912,0.13656734391766479,-0.4098041335091645,0.18371538270790266,-0.4222091704837761,0
-0.2976457842673819,-1.3953618752047057,-3.284979085515689,0.2440605824063843,0.03300928620452409,0
2.7325740334672393,0.847315923211561,-1.1236491319918434,-0.5139571872779676,-0.5445421282083214,0
-1.7300480979487003,-0.48417792447634417,-0.5051655780510228,0.31990794009435175,1.6177477833599676,1
3.034617287836301,-0.6432181666591446,0.05008808337118176,-0.42911114707724446,-0.228171367505184,1
-0.353107497287309,0.7393336566859415,0.8307196442011536,-0.5412553126751336,0.8820622121341499,0
-0.10491597661099776,-0.5243265417230779,1.2319178817120502,-0.3514703934411184,-0.2705121478567785,0
2.5726845869218637,1.758247573976211,-0.5090250054432693,-2.435570655269641,-0.5054503028967484,0
-1.385557839140336,2.7823042734149945,0.2252315076917453,0.6906637412451702,-0.2863135675642884,0
-2.9444806450515975,-0.19960257477095583,0.11987134184383653,-0.6124667712356641,-0.06776537255449488,0
3.1915771868353247,-0.5176625454087611,-0.2610858391937442,-0.8101687992300228,-0.39577640118351115,1
1.7015136539653273,-0.6603975651087483,0.4139516574456185,-0.5328484405560482,-0.10650925712040707,0
2.999832140207412,-0.9594984473836753,-0.08709080138330134,-1.4639170779015567,0.04471100804233009,0
-0.7679371943155495,0.5654742400610205,0.23679880249440194,0.19603845853478596,0.023999129501869755,0
1.6506754400336323,0.671299099520882,-1.7045789414611743,3.8311713315064218,-0.9227659474427466,0
0.7312921994465387,0.4147843938446558,1.1011139882898673,0.3039213026569996,-0.49623501941104686,0
4.641822433270959,2.1769827446743593,-1.0024753921975564,9.586263856960704,-3.3151037377853556,0
-2.536554832400653,-0.7294143019638714,-0.5614704872897625,-0.90454964886973,-0.2597420200328628,0
0.7655728470777078,-1.407569011853938,-0.9013343371285523,0.6348962272755244,-0.33300587778224533,0
3.0340360453176767,-1.0193313962484243,-0.6276773844622408,-0.7108816155868257,-0.12175142183112896,0
-1.6171745960901531,1.0410282093777063,1.562830645643364,-0.10414104501116328,0.10393729554075498,1
-2.9715773792448292,2.717138063857419,-0.3583828816125917,1.9384763044382132,2.862469102522259,1
2.376524081637741,-2.124952603045992,1.590079107227994,-0.7611043657621231,1.880591978509147,0
-0.16616412224590704,2.4915107261960037,0.815364757138317,-0.49565584606536334,-1.2622896214423789,0
-0.7306055651264627,-0.8855468083280427,1.1863239245363262,0.07789861782501767,-0.948937745710572,0
-0.6336071667598028,-0.5746352830551636,-0.8522825871913748,-0.8327840348823728,-1.4781652655666786,0
1.0171699427272896,0.28614884608646995,-1.6734075867950498,-0.3966583720440414,-0.7065949016189732,0
2.7513452511985723,1.7072417261830592,0.2246576461276176,-2.0957519828205045,-0.47624225132621717,0
-2.0037086726951476,0.14948188401705276,0.6364857939199435,0.31105229332900514,0.7848589909818438,1
0.017419920633202746,0.1414499211328597,0.6600333569424162,0.0598202003989058,1.6043406802578675,0
0.5890342240225344,-1.2100077205722564,-0.038154301847813626,5.924113494776187,-3.702034015385601,0
0.8462527670886193,1.2442980977222422,0.6423155631230779,0.47923224549001625,0.7057048425313139,0
-0.1887268316094119,0.7857740339404294,-0.7594913360052604,0.6717206373493309,0.48849202323685287,0
-0.6549784224590609,-1.6700204559799607,0.8095692093106365,0.7656526982558235,-0.0438901607313651,0
-1.6326128499317312,-0.5985837801894868,0.17903994380864682,-1.4371274467658468,-0.007162321251391438,0
-1.4438381170739218,-1.2703362017262334,0.9994554796992811,0.7167595120399867,0.5662963535572035,0
2.9525630668478864,1.1946460067128026,-0.4409396687462944,0.3117326924488887,0.6825687843959132,0
-0.5097689154914795,-1.2717820905275898,-0.9500526355739216,-0.9932524755741159,0.8788372025175998,0
2.3922592125861146,0.007667580939977048,1.0040600446194352,-0.8597970265708085,0.16386165663982954,0
-0.5651006555573382,-0.6657259325344402,1.1895320678404993,1.067518498714186,0.5536802683934956,0
-1.860764322367752,-0.15912287762802296,0.07123115087659795,0.05895765087893398,0.7567731257833243,0
-1.6756238558935048,0.8245745440689317,1.9746755212707383,-0.26570056427273675,1.0766785980260474,0
-0.5531933201762321,-1.5564649981033851,0.4312182764584816,0.17990964147580263,0.27044622195428764,0
0.3931243847014634,-0.0077443963688997,0.6829751103984799,0.3951015663124221,0.15806920777383712,1
2.440579915186131,1.2298790445298773,0.45667970291281584,-0.15415483318193574,1.3058590021695617,0
0.017625157373714295,-1.448089277213164,1.1567258603344979,2.248965140431632,0.058316257695672,0
2.0884139506774786,0.33278665264295,-0.06230765828294678,1.182634602113449,-1.530424047871584,0
-0.7692758374290661,-1.7732226942193525,0.26119543452361627,0.5324969752794003,-1.1533078446054683,1
-1.431948656286806,-0.7339473437910108,0.7305810957322129,0.1316613887875185,-0.803941773995088,0
2.33214503913431,0.9525459875870274,-0.5412887777408794,-0.3903433903460826,-0.06931619706690323,0
2.5508195560556284,0.950816384507644,-0.5878599636722083,-1.1785618317071924,-0.4081118580227167,0
4.643808748805681,-1.0824923861747378,-2.072165617415318,6.020731873669912,0.10805920325623687,0
2.1813275441574764,0.46468620067590033,-0.6998788316358616,-0.9845924441600457,-1.2717500606201397,0
-1.8176335863535542,-0.8540627382121818,-4.991245666304566,0.08605109375815222,1.720677486744969,0
3.944405941121307,0.03033000211190511,2.055947284583281,0.5781453856145686,0.9239575468398286,0
0.13438416131179678,-0.16198785911547228,2.2789558714682823,2.3393396117513987,1.199678611636574,0
-0.5306927801248138,-1.7492810668074006,-0.1651462365318582,-1.1073042581001553,-0.0777514165487715,1
-0.4162208044470471,-1.4052238175975418,-1.742246322177017,-0.3464193432049802,-1.238265794517075,0
-0.8813513519192784,-0.9598358511425747,2.433937970532128,-0.04306039295680508,0.18022807075199723,0
-0.059651630064524744,-1.239854851905701,-0.8579165664276862,0.10063384494891038,-1.1260251766171956,0
-0.8479601318640656,3.8472693481916713,-0.3467012572508836,-0.7396259436660905,0.04641340243316209,0
-1.4981660268093788,-0.10038665688433329,0.6758569914946728,0.13938945633485017,-0.9353709240037907,0
-0.9883892693649213,-0.199246379409939,1.1161745835682035,-0.6150063660429196,0.3222828118665258,1
-1.8769731887727163,-0.34130493592692396,1.6282754184791013,0.27976308334249694,-0.5424376461070125,1
-2.0285078976203272,-0.4271663648626688,1.1315498425487323,-0.024894456723198653,0.3866660718905031,1
-3.051421583937966,0.2943739855646189,-1.0383779373083386,0.3345923473580934,-0.8766195154779922,0
-0.7671461027906545,0.08125254960715556,0.4157868849476247,0.3177577076262476,-0.5480969524690993,1
-2.575095618124175,-1.0266715366566117,0.9852579970778442,0.29263305076951207,0.6194970445688591,0
-1.278694932828604,0.271885635883054,0.9973281796490907,0.40539720823841946,0.38139232616405055,1
-1.8427828250237395,1.0139123761677824,0.5657363967129401,0.6179379600746028,-1.3517972356988492,0
0.2502970623554509,0.6619820090779875,0.3675658549583061,0.2741235885127904,-0.0016612528800421889,0
-1.2353846717950547,-1.5125652336734194,-0.3523597343162272,2.863783850067106,5.553211894973548,0
0.2686831201669496,-0.08819614566014615,0.3764663864003393,0.3590456278861975,-0.2948054566371166,0
2.33214503913431,0.9525459875870274,-0.5412887777408794,-0.3903433903460826,-0.06931619706690323,0
-3.862575393865827,-1.6013337719284622,0.0481899539493005,-0.6134211199842499,0.2627232536145403,0
1.6833477028248895,1.9271084397208562,0.3421383585064581,0.72195434126872,0.6453404484517307,0
-1.3660615038394595,0.07743032126246027,0.3876346476013835,1.1461072521814224,0.08862414084560924,0
-1.6572370934579148,-0.4905217619329054,0.6277955337752132,0.03797851243966533,-0.27210527467114937,0
0.5086993354921284,-0.49935189547598957,0.9029798837182642,0.4517719238630964,-0.6652831485081713,0
-0.5458087974615727,-0.43174477643927084,1.6503307362450172,0.92237148566135,2.38749397890668,0
3.1733899689385536,-0.5017285668130477,0.3144673083452373,0.6638973742040494,0.14713607484914804,0
4.921947057371726,-1.5741317391022551,0.5701692287909466,1.2099706743619374,3.6502845242324264,0
-0.01758954197050767,-1.8653611804714452,-0.49783190452960857,0.9744938897815958,0.13448286421575098,0
1.4725247372579904,0.6173775404405487,0.7927102091403414,-0.349837073268054,-0.6678189011905539,0
-1.5730742552448262,-1.8932176474106077,0.14581568075650778,-0.4697272467619197,-1.037301839792767,1
0.39636876886103767,-0.6903216916947646,-0.19511328567917421,4.3339029056072835,-0.946696255403364,0
-0.8814121028133649,0.8519090402415203,2.5428272269638605,0.6517919823420077,-0.06074398981871686,1
-1.3328563826611404,-3.0047867101809334,0.7400628981143973,-0.20539768085379762,0.21763708237719337,0
-0.434056946823596,0.7326137785485927,0.25020489746562125,-0.21453378967331477,-0.9348151761550045,0
-1.060250863082897,-0.9152295994270702,-1.9730150301799607,-0.7375485559237216,-0.011469189232871354,0
2.5880438967604844,1.1768197206477957,0.2670561715998044,-0.9867258317329529,0.1613259755301501,0
-1.841718876122072,2.1074761918079403,0.9300213640352467,1.4541229454638733,1.0789806139266682,1
-1.4485860734454579,-1.6226980836827436,0.4606052142488105,-0.48242726522474433,-0.5762002215072862,0
-0.6502476763938573,3.4387778772031377,-1.3849387873038566,-0.21706616337550605,0.16769245881238695,0
-1.2646179908423936,0.3310625633891575,0.5598557831494217,-0.6656912403696749,-0.8825736911499931,0
3.0135738428099526,0.6503385187251688,-1.2467745603203713,0.37476635643483663,-1.3201518955550595,0
-0.8678538490320263,1.4052891556006444,-0.2666605523827841,1.3132190399857657,-0.07811169595212741,0
1.1427214613798504,0.8799192383343735,2.152850655075444,0.49913324659465813,0.9008551883670062,0
2.660198233088671,0.8630531016037607,-1.7768229822064858,0.1619917213730661,-0.5144556218899183,0
3.327463028615161,0.0887243784532067,0.04565645682469057,-0.7490018658467725,-0.38320519778476286,1
0.6987568545952435,0.6579401859138089,-0.5532262754545657,-1.2148413725403866,-0.7451240977748125,0
-2.505982854249622,2.151526320952837,-1.4696371472171104,0.7604658227077785,-1.1971985992513046,0
0.9237136439007488,-1.765911030069651,-0.03862077954462205,-1.4072652635046399,0.8728202465811367,0
-1.7586972632644076,-0.14848561858852447,0.8819946825463912,-0.1159780429375352,-0.580677192056281,0
2.1491396362637563,-1.7269936745457153,1.9264238877277264,4.081684207572341,-1.9365616224103956,0
-1.2678034599500683,-3.3740932474910132,1.1306415029288914,-0.17646372775811886,-0.08242464873143357,0
0.12538936307010728,-0.07525902615370099,1.2143584930099685,0.7703386766166942,1.2671766580221715,0
1.8841654756553388,-1.3937467537429424,-1.3266112084143324,0.2826857033543501,-1.274859527344489,0
-0.5846085165524962,1.9782042696454367,0.7607909683596004,0.47485983362520967,0.10155246960441466,0
0.42601664249833493,-1.5337794617460727,-1.2533249036348328,-0.37013315494993637,0.5834181943894318,0
1.2734419324309556,-0.6596510356358132,-1.3401233654790778,0.742062819583828,0.42294361966344407,0
-2.8842774019852286,-1.881690615965469,-1.2620758248823691,-0.5640797838985476,1.1263077134990382,1
-1.4326775672200485,-3.027624765719381,-0.2743966869126784,-1.1083511593039252,-0.48466490985014804,0
-1.8259593161481904,0.1191118633444899,1.2097566379869011,1.2467318921346562,0.9144263345530762,0
0.0037990589479258664,-0.30455696256614007,0.5191590850590265,0.3403622187119564,0.17823385164121522,0
0.023623290643485458,-0.45186396375760246,-1.7512655801610784,-0.7167337193313624,1.9034343361039714,1
-2.7307546867520616,-0.26773162763702196,-0.41687994609836054,-0.2792141593161016,-0.17636237639192834,0
0.3918789858046674,0.9284202406211601,-0.7303104440321518,-0.9067659243107913,-0.9757304680195481,0
0.16654065263351497,-0.062218672981969404,0.1645363977832209,-1.2297602207372267,-1.8350688673784246,0
1.589039533440643,-1.0608270008585154,-0.16170607398365414,4.759823617436709,-1.0601586017781464,0
-0.6965099628149772,-0.7431101279356404,1.000197193646223,0.056863992213708,-0.02810182614628672,0
2.6069333850617116,-1.3493504287053493,-0.4483876914907238,-0.616899659243842,-1.1271573575454654,1
0.26280071741602234,0.5768008536299591,0.67189316364058,1.4697485819222063,-1.7605238380722847,1
2.3490349536706123,1.2815597607299052,-0.10275243353732368,-1.4641004595567202,0.25757908562787507,0
-2.7407149891224942,0.3397967547459707,0.4242911508129378,0.37822722771786227,0.5611252392357367,1
1.350017959666669,2.2596269509325944,-0.3053557251553319,-0.011816432826899946,-0.3146313852086384,0
0.20816167511789632,1.0069394819680983,-0.6125117722153641,0.33931168069292017,0.3182729023048141,0
-0.3701955576864913,0.11694538889039163,-0.4938663499953462,-1.8819703723895156,-1.443963556996968,0
-2.7286095863404314,1.484146028328327,0.05135693457213853,-0.008964641036442572,-0.27563207836115394,0
0.3974774376824149,-0.5162733439625663,0.4580006443493714,-0.2165926563898269,0.11460428987457448,0
2.0399872812694446,1.4702776626902434,0.2601572177952841,-0.7608883969130723,0.2133618784873985,0
-1.672811896756276,2.5322925041617044,0.2650047660732522,-1.6242278792192721,-0.039143528108264464,1
1.3211066242542735,-0.577913687321501,-2.5555128181790963,2.2306513427143018,-1.3096369985225025,0
-3.193801366015973,2.0364940206879703,0.7682637752009005,0.9204831479528436,1.9961878883171449,1
-1.7735306687824473,-1.875145749524503,0.1773850707037653,0.22181144060584498,-0.41216723961718427,0
2.633426592634526,0.2371917922102826,-0.2636367283798178,-0.0665043175531323,0.2077905672472695,0
-1.235052166884451,1.514345732751046,2.2394735680494864,-0.24400119817160873,0.7984957955275861,1
-0.8699210834408067,-1.0065347547261243,0.5884979546662388,-0.3237953330281202,-1.3989385236911787,1
-0.6844229647816821,-2.4806922991117646,-1.0202362976881425,0.7280725169176464,0.256492525635446,0
1.5102070319778254,0.20799218916149692,-0.9615164621291362,2.652983696662246,-2.1054639295525357,0
-0.7688216559170138,1.4828669084388257,-0.30752525405571124,0.4651272012006224,0.13556569345238575,0
-0.9656121595924156,-0.8816297687407876,-0.14267377436688716,0.4263628923436864,0.4362157675862158,0
1.5169511167437466,0.5325334971171418,0.6164321343320202,-0.23612512563074717,0.46813420363715413,0
-0.3870487536244749,0.07736863214575256,0.6550204875140672,-0.7932802848028525,-0.5121958930338751,0
1.5244536897022023,0.7737362719084208,-1.1153754930575026,-0.5576171949782813,0.06201145155121684,0
-2.949907144548046,-0.5335353528833836,-0.19602454060794042,0.08770174969599558,0.9519912403983678,0
2.9837167051672275,0.333360014589132,-0.17831984369588477,-1.3417860446004795,0.38648183639025724,0
-1.290861079946849,-1.0892807681787593,-0.6184493998920131,-1.4786427204311092,0.4812867679728476,0
2.433696934350578,-0.8915071405388996,0.48150285888114147,0.12147768827076379,0.3373725881403954,0
-0.22795907094235143,1.0842829915754755,1.2693414858744625,0.6620965943790469,-0.064231961878861,1
-0.12670770308498946,0.5701793600058847,-0.12186336627551633,-1.28228821780807,-0.8197858060299655,0
-2.114526644692998,0.6210793283698858,0.048023846158452406,-0.7331582132327006,0.11141557111762901,1
-1.365764833021329,0.28912513675598467,0.9506119002100243,0.47929741977310947,-0.21532217779470259,0
-1.8009982908816793,-2.1579028394286577,-1.3138606602308063,-0.9168112015096705,1.4699838479512768,1
3.1727465243784962,-3.299927858291722,1.807547494558448,0.20534819214278122,0.9826563040278674,0
-1.9011371250991402,-1.5193006653313417,0.10402833022452741,-0.2426084801653807,-0.2988131040637673,0
-3.290593052738197,0.18772102704644242,-0.6434287779035871,-0.5710433892162368,-0.9216804738679195,0
-0.6018023291472712,0.7719478463313904,2.8904918100475463,0.17692801311502868,0.4359863408068302,1
-0.6314762432046017,-1.0490754410550414,1.3478767687864694,0.6035641405229097,-1.034097453374485,1
0.8454794724890066,-2.9257242534321217,2.0089221568972646,1.079122387903996,0.42622170404128407,0
-3.078968260231512,0.8955483085611019,0.07636564921867729,-0.8807575944357002,-0.6633909431365234,1
-0.4649610507974554,0.15007592487800306,-0.20521141874165394,0.20289938996596443,-0.9983019065994589,0
0.3317618018877273,-2.043729861701021,-1.556317205097869,-0.9708907372198202,-1.0158172608072957,0
-1.454254829987866,-0.8122454299261802,0.6849707815104235,0.3646406837821675,-0.8009516735128693,0
-0.17839844898992113,-1.2639041986086315,-0.051949717535952324,0.12395741698383297,-1.238326157106357,0
1.3381561159450022,1.43280302020645,-0.7057797387464378,-0.35625700523722553,-0.46702837407477343,0
0.6295233895037297,0.45938404010657774,2.1196139275078574,1.189844524822398,0.29194427995810585,0
-2.555410556004231,0.680690152640132,0.41710976201023087,0.6544285602281924,0.004183290459818024,0
-2.724614434721372,-0.5859219940655085,-0.2507179353153148,0.022537782132401516,0.8415114293929452,1
-2.9980397998675676,0.2793290022820966,-0.27687139143810935,-0.13798834189108408,0.9123212617901025,0
-1.9359311336830256,1.6124579538743962,0.5111590759418161,-0.8658410746595846,0.7914903878548281,1
-0.8401542403294033,-2.373493693846045,0.6315262275299872,1.5011695328145085,0.0808233921142198,0
1.0213370129927657,0.6304230512638501,-0.5995533107977543,0.18035632086324002,0.7972123558034662,0
0.40446154405311374,-0.9655467648371829,-0.28326598082370097,0.5440954118794497,0.14662468181953117,0
2.6069333850617116,-1.3493504287053493,-0.4483876914907238,-0.616899659243842,-1.1271573575454654,1
2.2811108791235086,0.3975489014948416,0.46884756660895427,-0.6003203657829014,1.831939253823787,0
-0.7998335858972208,-1.0895563309579128,-0.9980364891134069,-0.7153930571571969,0.8071848256754439,0
1.5945292012911143,0.44546494844747725,-1.741635006270337,3.3734014074702774,-0.3098828976365434,0
2.5563339720571854,-0.9563378614418124,-0.6817081526974803,-0.8501886639402867,-1.062927484731132,1
0.5901948767904427,1.1155523759098878,0.8379177815752757,0.3527603566903346,0.2934112267895751,0
3.0007782417114712,-0.9601769977565329,-0.7914118331399908,0.020329327543662127,0.2397732852675381,0
-1.186047201192676,-0.9570663652638236,0.5921363448816312,0.06701344603880885,0.4708611512637648,1
-2.146741736396234,2.095753086275027,0.16792691429125675,0.4673733343453058,0.09495909018987218,0
-0.17365768686114016,0.11281163414192377,-0.21826588030904748,0.288846208853871,1.8887210923536857,0
-2.8643101822310215,1.7832596562528518,0.6935736680035667,-0.7427580544362321,0.9160350574103859,1
-1.5425464843080419,0.11848160645120837,0.0014239140927095309,-0.3247299951034627,-0.17828645537087465,0
-2.7571856243587427,0.37609347738139187,0.13007159404533977,-0.1399068097457931,1.547560142553595,1
3.96501750786597,-0.649001740182802,-0.7570829937164829,-0.9258688111018973,-0.09881375349332353,0
-1.9060880932346036,-0.3434655608158334,0.8911129731323846,-0.33625053813007333,0.5957217515020555,1
-0.3599717789178151,-0.8100094692459099,0.7526502368158065,0.9163763782710267,-0.16223941748488388,0
2.2294539107395823,-1.6035286652039742,-0.8938679282935401,-0.7952204078820322,-1.3963397335703254,1
-1.7440717961334948,-1.2931034782778459,1.4006208366526045,-0.33925410053733784,0.703953000192859,0
0.2641716030485133,0.8783885740736577,0.5501168880370608,-0.6532123078079549,-0.3549161364463829,0
3.204776354299199,-0.20752300795287376,1.0990731806530132,0.22478230612033662,0.3064557450356436,1
-1.369842779486626,-3.7991640796538633,-0.5210771498095278,0.15200698119287312,0.12448830427763402,0
1.6194318484096828,-0.6848611052432897,-0.29917305317537873,0.4764865308953319,0.20100861055230757,0
-1.9760936174976176,0.17935004404641253,0.5617308448634892,0.650381625297977,-1.4517372786773957,0
-2.8955396991811555,2.0473896775583333,-2.295480337098145,2.66610866839921,5.041529315907562,1
-0.6473497077194386,1.7492497510946,1.269758916232564,-1.5856660106337281,0.6621050045207798,1
3.5263096578293567,1.3744065445505587,1.4967687742336844,-0.33487963894988043,0.8704895622799537,0
1.5689957634615888,1.441321044357528,-0.7340982011953431,-0.36711265316413594,-0.020615199604849446,0
-0.772683887418756,-0.30762347627659936,0.3592145453751153,-1.3829503967660428,-0.13674784293266973,1
1.2846125450794492,0.9567255570036599,1.5208722276508635,-0.06536877368123975,0.07682924902465484,1
-0.43319521447878323,0.2651957091556788,-2.7562797590841313,2.1379691707171187,1.0360659701731063,0
0.32112102918442736,-0.07445441846988797,-0.6809619219364058,-0.9111737719298952,-2.032110399281945,0
3.676943505025828,-0.5452332906380136,-0.9304218828220086,-1.1353742626913168,-0.29285476787595704,0
2.038584347443142,0.515122723664133,0.7027899117418114,-0.6771111109965118,0.37263377918477225,0
1.510690673896662,0.25423303587000073,0.8185390575748022,0.4317681618471042,0.08854267894499215,0
-0.495385219900185,0.8596079147796262,-0.7358070931750841,-0.3763477075105983,-1.513837490811384,0
2.9490151585204187,0.9445162213796833,0.3893445317483952,-1.220937109055683,-1.2714341309829393,0
2.5706522779791934,1.5605094920995293,2.621472739841906,-0.35508591074719226,0.8039688686854808,0
1.8863110428891996,0.6384231309805016,0.8832927424170183,0.3427742196011634,0.11546738959286833,0
-1.3230495837491298,-0.9061656174278793,0.9641801579899983,-0.02713306116621496,-0.5849156945381507,0
3.085052279824796,0.20495748881953407,-0.675906294515706,-1.046335875997813,-0.4339572616454644,1
-1.8909428917773736,-1.751067869506325,1.67433922477821,0.8242591049928323,1.15699144398457,0
0.6691768468997354,0.1508940108832326,-0.2989641961891151,0.21658166059331385,-1.8756960323488288,1
1.612328286322731,-1.5477395953610338,-0.059780823874322465,-0.9131949123278854,1.1330397643106582,0
-0.2154294151028922,-2.4323116161679805,-0.017892176681796955,-0.1823280859674998,-0.5841682487329971,0
3.2072770498257896,1.2899054593071313,1.5926443580677119,-0.14897044422403852,0.8064561542251486,0
4.456729024540084,-1.5878822286598289,0.5839552543224747,0.708825215287807,1.8253388506304618,0
1.9457181782243604,-0.3745202277939874,1.1309691688573846,-1.0814714504467307,-0.4323693910633992,0
-1.91562459539301,0.27804818116385954,0.9217864147860606,-0.10784488758562694,-1.2418306924742335,1
-0.8902456237025247,0.4154897679113581,-0.4736411627805555,-1.3790248689808242,-1.6419794087223585,1
-0.18678554435329628,-2.097460507743961,1.1002448383001415,0.3310086500968604,-1.0779276391299648,0
0.3093158606106979,-0.8510824687855847,-0.9201210470009771,0.735243953339734,-0.9955880862095215,0
-1.2265530085098604,-0.7396634944414152,0.6925732658725305,-0.21207551966668092,0.15258366297601753,0
1.9382778929538333,-0.6806407075132253,-0.06844772003296305,0.01657724819581739,0.41897057774512947,0
1.0771508555048304,-0.21291059941079665,-0.8223806778573771,0.08986107456980233,0.3898640842688135,0
3.618179751466374,-1.6472743340050573,2.4928815067804444,-1.032895503266526,0.4394852233815397,0
-1.4382581230848528,2.5938984703561356,3.3098489824000894,0.7694292741148455,2.0503664394937053,1
0.4308166706482877,-0.3650122934532251,0.05978405706737577,-1.3120136346494768,-1.722338126224241,1
-0.6850264463537965,0.6152979251455715,-2.89268594611155,-0.460623020126548,0.6112121970282076,0
1.5129010553173907,-2.239482989914632,-2.9795439590098725,2.31929653382874,4.855893610875809,0
2.172886540937521,-0.05565079034675604,-0.8095681767308676,-0.9277391678815595,0.22301648084984355,0
-1.989254338551302,-1.1324835547449699,0.3196148787316133,-0.8126619006231595,-0.45721758340070584,1
0.44641079943926404,0.551843328375058,0.5424535897636806,0.57708236776332,-0.0700224627613049,0
-1.9275885049040598,0.19713545121228407,0.783118364981553,0.7506753002180273,-0.5942025353862215,0
-0.8866944993727803,-0.19288187316152164,1.2577001259224412,0.11071632380637529,1.8748395758070457,0
0.06047029933530802,-1.1201460527815899,-3.7821407312852577,1.1898213692504511,2.4946732360176322,0
2.074095885346784,-0.11950783644685127,-1.5214897145918438,-0.4023122685975071,-0.7685396245146883,0
0.6793951747826739,1.5731664576900122,-1.4338422827801707,-0.35194659362435377,0.1385747628537095,0
-0.2712417393286221,-0.7047419957397718,-0.31377378334906764,-0.05919062386323434,0.6370780600788126,0
0.5378307500635058,-0.002167492617599197,-0.005642947866208763,-0.1934954612958428,-1.6889239449011513,0
1.297800054312471,1.5430624144414362,0.11272646930369795,0.8305698657276877,0.555583620433057,0
-0.9466460882593996,-0.25858281776549474,-0.07087714037256401,0.03991231786732109,1.2168204664392224,0
1.7461811527053686,0.51742633503689,0.5535152754958241,-0.3912272374923965,0.2515248874153844,0
-0.41398399645258566,-1.2541833391895467,-1.3138669139662915,0.254139021552977,-0.16110716647996703,0
-0.8681701463373885,-1.046549403431426,1.3606460757948007,1.350521385587004,1.1683390929250785,1
2.243623249918765,0.8384819475530216,0.8180170008566032,-0.2758271020490959,0.3238686041396993,0
1.6443821996373267,-0.9929256322399309,0.45586486746994476,-0.42469774111407915,-0.14189737290994986,1
-1.672811896756276,2.5322925041617044,0.2650047660732522,-1.6242278792192721,-0.039143528108264464,1
-0.6829044213620902,-1.491786378591871,-0.7327467786916855,0.7371993509447411,1.601522977545077,0
2.010266514287599,1.171664043754552,-0.17250576060115794,-0.9476530286666806,-0.5106043969196515,0
-0.8567911566363026,-0.4004338828059323,-1.257479601470635,-0.19577721929093977,-0.8731565411783635,0
-1.2426499970550517,0.8728858835905415,0.9938449653606799,0.18907214915112666,-0.5177709144444985,1
-1.5702758896773317,1.9121690225808294,-0.9895501208301302,-0.6469859514294156,-0.1755177503153452,0
-0.836774815718841,1.152940703086694,-1.7725243124148526,1.4608898011006437,-0.8630543091080299,0
-0.31942557006105327,0.42282595529754463,-1.76618062453223,0.11730262329376741,-0.2093717753531544,0
0.47802868778489827,0.6013814417299974,0.6144467976407924,0.5006316368907426,0.42005214723323564,0
-2.2485470450727654,-0.43108435068174544,-0.9253230820711551,-0.5825176601227956,0.458608543945037,1
-0.6272331809964133,1.0346743808289869,0.3665635269731074,0.2987479141174733,-1.9171817965816582,1
-1.6252103944385086,0.5294096577925872,0.6665666749504507,0.4720423588772744,-1.0443082488492603,1
2.2155172705052824,0.45032554992116014,-0.5479012892908732,-1.1304539369638897,-1.1741582101490304,0
1.423720592213704,-1.4827691045187759,-0.8241693161365156,-1.2850923726962988,-1.3898224482164216,0
-0.6776055040032501,-1.9186483454709093,1.3295297323782802,-0.07608753566479247,0.372802381288795,1
1.829494200249128,0.11201032882254633,-0.35406690076160696,-0.8982169509837336,-0.24444721284040474,0
-2.159964501644717,0.29078714345304973,0.7028151384427077,0.5592798733834687,0.9704857418703223,0
1.423720592213704,-1.4827691045187759,-0.8241693161365156,-1.2850923726962988,-1.3898224482164216,0
2.210926218034935,0.09383059477675626,-0.4357464085547405,0.19885117519050785,0.9914211922786229,0
-1.0376230592067328,4.210287637117636,1.9152246122407581,0.2595599952539758,-0.14435488686572745,1
-1.9957986271442287,-0.9424315483197239,-0.8693197325288992,0.212404205976684,1.9050755181737038,0
-2.9331504648211593,-0.24816995185029145,-1.1423113904988862,0.3412304240708747,-0.6788337237951791,0
2.7522635799707307,1.0588733349624628,-0.5826810141198635,-0.26043968657993916,0.6124307178382603,0
-1.7772105831187701,-0.6072786198982885,0.5040156034547634,0.3266743488593261,-0.6378182945162721,0
2.480832731206729,1.8821157658840546,-0.8236468760534177,-1.0560364149407153,-0.815961122027061,0
1.201611580535002,0.5950116869390581,0.9338752217886614,0.05746396688224098,-0.34658919746493144,0
0.6325033252614807,0.33685928300533036,-0.12877794684429075,-1.5697277884306093,-0.7696587626958964,0
5.40122770635554,-1.5011362164191973,-3.560318521034782,8.978957145579884,-1.2518839422836097,0
2.3249873969599526,0.20282932044765517,-0.4415670221608544,-0.4792411114767224,0.1658762048865885,0
0.8904499554645134,-0.13109784387543816,0.07624428169179705,-0.44032117263517084,0.5720003012523359,0
-2.4275230056567594,-0.612819563128258,1.5197738512658066,0.2843448600512676,-1.1985223261190618,1
-1.890134539086237,-1.1419009431931875,-0.20242810098955805,-1.0092838026893773,0.09554590294206532,1
2.9262620416518064,-0.6707278369807086,-0.16147964511975474,-0.4964320712013993,-0.16805348008275048,0
-2.711229102566156,-0.7888949551131321,0.8418974514230348,-0.6559381715515706,-0.8370631077063673,0
0.6254318247019277,2.5792913807090483,0.03788403597039898,0.9882389635703781,-0.18891735290681513,0
0.44315141641908423,1.1009462993036077,0.46656247727062417,0.18214183450456609,-0.34880398416202135,0
0.9941972916682266,0.409248010208849,0.2336465160934785,-0.04557637062291819,0.51688113997163,0
-2.309216382398727,-0.589792983405184,-1.3047356549963993,-0.5918892932610833,0.2637384476351018,0
-1.9775821128523627,0.5174248287952135,0.5116684294725532,-0.9396929670347849,-0.3345767244879961,1
3.4608120995467355,0.6963614315369945,-0.07688694315621873,-0.30330770762942777,0.7852596276541134,0
1.3384604549626817,0.6064299413377318,-0.34684912231700316,-0.31945744182017904,0.3258692118768501,0
-1.7494792833407935,-0.766345901945203,1.0463729607186698,-0.18459237392526523,-1.201269930086017,0
-1.520051435873007,-0.6437416293224816,0.1288729489207056,-0.7293589148177679,0.6416622179586613,0
-0.09534127077865309,1.2108157771363606,0.6758491878774743,0.18458851109879534,0.48948586208746064,0
1.1041383749593354,-0.0423917948187604,-0.1091543671349857,-0.6242734646729527,0.5551830632536922,0
-0.4979226358456528,1.3853179197164913,-0.9283155637240634,1.097734577134659,1.8814858236972405,0
-0.8983001653753497,-1.529919808619437,0.04794035097353598,0.12571651816641619,-0.2160811911122097,0
-0.05413073116538667,-1.3338745631642526,0.8155501319029115,1.3150241904769073,-0.2796246024591148,0
-1.2811078809225738,-0.7252600106827347,-0.30090990826960545,0.23077136522484076,0.8716094567664986,0
2.2294539107395823,-1.6035286652039742,-0.8938679282935401,-0.7952204078820322,-1.3963397335703254,1
-1.6810959168616793,-0.03788503508528263,-1.2685693350614056,0.07512474221440678,-0.3059637562704468,1
-1.6830933722010581,-0.0050759658465525815,-1.3932896162801156,0.16001313749508053,3.038542311425867,1
2.4372340365661116,0.6617523560916658,-1.2963704313693423,-0.10445623856117792,1.5180869277900164,0
-2.08703424261521,-1.4552464617412708,1.0406006268401975,-0.03286848201328233,-0.02880025773205365,1
2.3180533076970677,0.019970072579217846,0.1165874147563988,-0.34166677023419967,0.462876670379856,0
2.897741443040814,1.154499566074527,-0.5059858448099387,-0.8441399254021565,1.252148311209493,0
1.5299083637407318,-0.09619710513193376,-0.23773888204686458,1.1305836131090725,0.7410586693273968,0
1.400157549918026,1.0794997719921156,-0.0663753981856003,0.6804895527825973,0.877753740379507,0
-0.40194863496558153,0.11231640284363727,1.1192354478401232,0.6415429637034323,0.026955408265407804,1
-1.8577705255621089,-1.1923039165211207,0.4467712846258262,0.33955907704495186,-1.9358891683848647,0
1.4370174098423871,1.3437116159174145,0.10221915349574938,-0.9382163335478867,-0.7714199840385767,1
-0.05323957038052427,-0.08367947359377134,-1.1852964630068028,4.33981563316694,-1.2029916793290756,0
-2.4807316942742643,0.24687585940936516,0.2326564773758751,0.14595263677220824,-1.0137568997242141,0
-1.9666641140329697,-0.23401983006158963,0.7429535705108837,-0.5507479143570081,-0.18802013317537666,1
3.858696859427101,-2.275368324896596,2.2885281140594573,1.7265275678395782,2.1295343526425805,0
-1.0117485259226833,1.6110898108655598,2.121046049476085,-0.6130245554753356,-0.13699172190488126,0
1.3705693277898963,-0.46716232486022385,1.371282278781936,0.09410451468518044,0.5177075191888769,1
-2.1667803546087505,0.8370466289476053,0.28934115226944024,-0.20447047699692103,-1.4296406639525894,1
-1.7646479022981132,-0.03960147533612627,-0.36149775630159764,-1.3619083598056745,-0.30907833754096403,0
-0.242706249628265,0.8379366352238672,-0.7151656250741798,0.6888635763795927,0.36710880390165357,0
0.226975734087327,2.8867699931294877,-0.04461020050825318,0.6509538002424352,1.169082719005071,0
-1.347916441507234,1.7118993988491358,1.971132810194716,0.2805150974589376,1.5252615702546508,1
-0.2812479477518211,1.4414591285519245,2.167164736636717,1.2129512606730533,-0.9707671065311693,0
-2.778079811353708,0.4736255380721177,0.3447110192767552,-1.0866278808714191,-0.38234618247747953,0
-1.353066120200271,-0.905963316957264,0.6880082728069555,-0.0052042302521357895,-0.15650244588964474,0
1.5866955792233586,0.46023301013663365,0.8557881994599005,-0.7929703185188142,0.021550957204710532,1
1.6701667427728006,0.7310900760994773,0.5270933440413265,-0.6677118983599536,-0.21992288673977817,0
-1.6648527786956344,-0.2310334214713595,0.6515134841090452,0.7951060109889377,1.2644765473799733,0
1.0010697722704076,1.1823344986854336,0.39886359351106576,-0.3819985941248134,-2.350657314486874,0
0.03493274083515042,0.5649083852081851,1.6815675399765064,0.6123444237293523,0.8770187790708964,1
-2.130932932658319,0.9528454607580266,-1.0434835731702916,0.29966138043810514,2.289554269197818,1
0.4517432794625698,-0.520911816438524,0.40903224848115227,-0.22208217920584258,0.21072078758609455,0
-1.9275885049040598,0.19713545121228407,0.783118364981553,0.7506753002180273,-0.5942025353862215,0
-0.7860318906936427,-1.5648548635255943,1.630366766525809,-0.5556373488934169,-0.5559018358641545,0
-0.5855768833331493,-2.2674951560580388,1.4537923881150832,0.7191539456148018,-0.14696642534427803,0
-0.24220943908711387,1.7583035346475309,-1.4987698585319886,-0.15581324999709165,0.17041771007150644,0
-2.0345181525752607,-1.5543962317168118,0.31600444138422246,-1.0133672939874987,0.7376333832492563,1
-2.76293533559392,1.7210511655186231,0.5455342824571144,0.1614560844360974,-0.13464540053253685,1
-2.128092537821612,-0.22176212114753696,-0.9942958525863453,0.5405196529897802,-1.2901669226754375,0
-1.5068821059960795,1.1540799034395497,0.8071095053133583,0.20821688126479107,-0.23541495969591894,1
2.6399730603132414,1.190770963745447,1.6173854736178745,0.6366108289077858,0.01309743044888301,0
-2.6671026404948757,-1.0796448504365637,-1.260753248093598,-0.2790085258857222,0.6178074451595237,0
1.536420353686921,-0.6881394360945207,0.3615033943254159,-1.0922342838272407,-0.8932357237531061,0
2.1895009921481914,0.7856983385135896,0.03537144538326304,-0.915052598032486,0.13389107090103525,0
-1.5110665967783525,2.8409119130023233,0.44432053880341593,-0.7440437271082414,-1.4065584261560233,0
-1.2955505010884272,-0.7956099895069545,-1.8456573925874198,-0.9586031097717735,0.9737798491186815,0
-1.9120868979316157,-0.39316576957648536,0.470104661000066,-1.2996649227219892,0.253638039037028,1
-2.4075602313312254,0.7215737181744404,0.17014368293243637,-0.8142070294581067,-0.6188968967531259,1
2.2294539107395823,-1.6035286652039742,-0.8938679282935401,-0.7952204078820322,-1.3963397335703254,1
-2.023364708341165,0.9278174052170293,0.46443458591730485,0.11808726195048157,-0.8550802433336265,0
1.8592275466908073,-1.633669142166724,1.6604002379724463,2.3828542737394045,-2.546389613391119,0
-0.9301958670261422,-0.9229479665990313,2.047843581874112,0.5960022213446818,0.17369779034746158,0
-0.3794261344701649,1.3324526293610823,0.48002016839339606,-0.36055580313298424,0.4509757376858093,0
5.328340709794465,2.417922965393489,1.1235777189751623,-2.031678704822755,0.11555004916114076,0
4.111516815557737,-1.3005803207873194,-2.665582644490461,4.454567056971727,0.871965738113618,0
0.9807801726710608,-1.345044982708981,-0.8060303378283387,-0.8797478272618394,1.3994707987632196,0
-1.4529818656057225,0.7395477471268844,0.059697461189628216,-0.39297833433104096,1.1145360279888294,1
-1.3921289167088837,-1.179035464229538,2.599460359430273,0.3230023310634256,1.57588836842436,0
-0.6311564212949277,0.2034361067535767,0.48996148636708137,-0.29590285483787443,1.3079438371865266,0
-0.8699859361195988,-1.3455324585902786,-1.3477529111940931,-1.284893636954275,0.09504501835020071,0
-0.27011562139825734,0.7459956261491717,0.23574088011813205,-0.3418328734892137,-2.103985678544538,0
2.6382483639524255,-0.3005224341020676,0.1845460504721264,-0.3258553145163938,0.09218816354128798,0
1.305721320135487,0.6948374398184376,-0.9586088895475746,0.9096594397150145,1.347692340354482,0
-0.27016885991273865,1.3680379057981582,-1.4128637726765474,-0.3141840795490076,-0.4719680074188267,0
-0.150265637471973,0.07918656261107337,0.18445517644169565,-1.0815117005437893,-1.12955298672389,0
0.27776546047272005,0.8615328118308936,0.32593951302686514,1.2647473247348626,0.12984296930416295,0
0.05676291398437621,0.1583246890926149,-0.4745386947313669,-0.010196028115684378,0.628496795082518,0
-0.8788166534696927,-0.990420564558027,0.8103080970666746,-0.3498731435129878,-0.08071148923200405,1
-1.2839147324780178,-0.5588211656404115,-0.014645005710968292,-0.3616895915180911,-1.6010374118455821,0
-0.2641738147559639,2.829254774188348,-2.881006914682098,0.984717440265759,1.4753068539908598,0
-0.8930676048558709,1.697948593815676,0.3218710430358797,0.6418247376923265,-1.696917652194314,0
-2.922140331920764,1.1371095338166943,-1.4199056141286257,0.6217908763537571,0.5312486372237053,1
-2.0801747640370833,-0.18024892658510422,0.41857497647758996,-0.8610930817445369,0.2503715774924697,0
0.020637847013710773,0.41470588585843765,-3.288383809478894,1.8730809358764586,1.356578168304713,0
-1.5518616762460617,0.15488954957095222,0.36077294352853173,1.590077148458952,0.2243128556190213,0
0.6467528506826377,0.5403385085306704,-0.3078992069764953,-1.4004058098804908,-0.7435925800280311,0
-1.740084658343926,-0.5881929999074633,0.562066090061374,-0.07069529345862591,-1.4261346227521652,0
0.5093137786678869,0.8244177752923779,0.8091224688907166,0.0799200608013222,0.15176971440612394,1
1.2892692786449127,1.3838001839963776,0.34388784203645106,-0.69168648588384,0.4456151450503377,0
0.46591550837318,-0.5226438266998892,0.724328961602517,0.5311904399230936,-0.5765619202683843,0
-0.6663207327394005,-0.2809616422078387,-1.234451181392898,0.0339920191224417,-0.35494625504393146,0
-3.240970982488361,-0.5629483381040133,-1.1973361903007607,-1.3335116622197556,0.1234092901495372,1
2.45980248515759,0.051114439677615246,-0.39613230695453333,-0.5805472341530815,-0.5177784847302178,0
0.8362568832558996,-0.4243520768413739,0.5131173715730732,0.07902391929037786,-0.01931487375392968,0
-2.232072624303996,-1.133132571143989,0.12174265346766117,0.2810738836865715,0.8215041805791014,1
1.984390086452507,-0.6879859910498429,0.013500858328281662,4.380803279759733,-0.6267560105947989,0
0.18232187426313812,0.7361570943728621,0.3839243284798952,0.6036053580932025,0.9842439370787645,0
-2.796652459685569,1.0571394782159476,0.23843991802218326,0.4645958657765939,-0.9401607359300114,0
0.5654439467181377,-0.4859564847350145,-0.39696302524931515,-1.0710518549834012,-2.1958463537993547,0
-0.8372276388007112,0.9991511576261013,0.23954932868664314,-1.6179694943490242,-1.3987656943772555,0
0.09122353897965081,-0.09778879208125728,-0.13297267830658743,-0.9356059014458084,0.0916005357441831,0
0.15900327156782565,-2.0048889124931524,-2.2939777643051262,0.4913443630110471,1.6733032594990263,0
-1.927519379194688,-0.8790943588564487,-0.2904938421340001,-0.8664144579445746,1.8830905980847856,1
-0.5642810422378188,-0.390431761172558,1.8743317221793452,-0.39534298097344867,0.199827674800145,0
1.672082394479043,-0.9925439712625612,1.6664580226257844,-0.2992535018753279,0.7592335789269294,0
-1.0202939712778687,-0.8077949092069989,-0.31406634647343573,0.7699434341930297,0.4452551885840519,0
2.76347600827407,-1.0829062882076714,1.405484116841867,-2.8615486493421036,2.0118841963883005,0
0.15529054838779505,-1.189799934932108,-0.017531522501109276,0.2702194794533521,-0.3677058596863559,0
2.5760857110927162,-1.61339762869793,0.1534875971444794,-1.0662686113483737,1.1699239227899927,0
-2.8734733586228773,0.05497290271230466,0.4716502456737513,-0.6316370039602476,-0.22441581056312288,0
1.7480053937419626,-1.364562893198071,-1.9328630481175266,2.5473448910108734,-1.1975895278580915,0
-2.3299168362482434,1.0086992058525703,0.0724008061681158,-0.65832276353226,0.7027210924556572,1
-0.5741781688722438,0.9928727857163854,-0.8084427164164014,-0.9302290753127519,-1.225259466733483,1
-0.9581650471374666,-2.0835410286717764,-0.5007784350433264,-0.722066588397637,2.236024007333407,1
-1.236470799090501,0.1209332332059928,0.5914738811075314,-1.3128643010473846,-0.28057459094598974,0
-1.7631697364492445,1.4036488018772972,1.3345985705739567,0.4516261818354842,-0.0027500111308099585,1
1.9717603808178539,-0.44059727380763913,-0.4475310328121337,-1.1605048659319215,-0.6474056218928947,0
-1.8398667258646213,0.17526077391604086,0.7197732210747823,-0.923148688975024,0.3381467246738715,1
1.9922894670182913,-0.4446416834861731,-0.6015095821069034,0.15694098689231295,-0.4994289098813288,0
1.6571393355341881,1.0456685637678613,-0.1400263266533062,-0.8238107487443735,-0.5243851050595902,0
-2.122990793085495,1.2613699242737468,1.4901107061596313,-0.5193370443071632,-0.46183719353108527,1
-1.686677244865674,-1.255041012553719,0.2128492621326047,-0.9294704206229656,-0.05805082197552947,1
2.008903003918005,0.6753134254719181,0.2409292759882529,-0.35247872112921036,-0.23231393077860987,0
1.6315425906815004,-0.7057483609084929,0.3228660591673435,-0.6880973888910523,-0.5520308215268179,0
-1.8708882869061267,2.383716996092299,1.795658108370423,0.037833261410922636,-1.00329585341913,0
-0.9148616831629618,0.3392636313753038,-0.9973104218839723,-0.3479747574277187,1.570645231003557,0
0.08571429711135578,-1.2570575825333965,1.3918086618852896,0.6520767023744706,0.7214277894188926,0
0.9662909187651082,-1.0783379160879687,-0.014336509979638095,-0.5091084288876614,-0.22174842682706009,0
2.2115049968394342,-0.7623638095587473,0.2048216002768438,0.08554955414933986,-0.5817420167505314,0
-2.2430364734384787,0.8750216132649717,-0.23780599862692192,-0.1416893466419846,-0.2635432419900099,1
0.2709357159197133,0.2556541498966929,2.6099757541126514,0.24290919299609662,0.7506868883230947,1
-2.897948521707102,-1.7152239803538571,0.7243553727464459,-0.8052590050602721,-0.7188851308318405,1
2.3304062329943154,-1.2985957627355176,-0.05385533587393029,-0.25890193266134826,-1.1210799004891314,0
-1.8909428917773736,-1.751067869506325,1.67433922477821,0.8242591049928323,1.15699144398457,0
-0.48137092673385173,-0.839538714634177,0.9524490245811743,0.12084262445713809,2.1371514083880774,0
-0.6019339901475222,-0.1313851495447297,-0.4837835682341786,-0.23062478273557974,-2.4039480235615436,0
2.172886540937521,-0.05565079034675604,-0.8095681767308676,-0.9277391678815595,0.22301648084984355,0
1.0069163847677622,0.5630642108477972,0.7341705856251073,-0.4736607563701787,-0.9765258612405391,0
-0.3592297316708322,0.6275838772922767,0.7195252530136937,-0.17406617400794983,-1.7008261044218191,1
0.25606126939818596,0.568545629546006,0.2311958466360404,0.20461017581393556,-2.225912861698522,1
-1.7946666158696778,-0.21896620643227427,0.42666243546263477,0.7590373973861808,0.986508713679645,0
-1.9761491698289209,-1.070517997360666,-0.9978798555096752,-0.18051605209657703,0.07918340197862934,0
-1.6585085853104742,-3.4847637583292514,-0.3140344118556043,-0.5645923878366886,1.159029066884448,1
-0.07816806776430224,-1.4103939882017131,0.22753362006194752,0.30804399620925943,-1.436593053257493,0
1.4014732812317736,0.8362697634109578,-0.23819754303756568,1.1805093269453582,0.21590804112808434,0
-0.6037711672397551,-0.4954733595582575,0.008976441619216874,0.07865422269497252,0.7018297719889844,0
-0.7068549900928853,0.17786512468121335,1.2704017504079017,0.29587436425562336,-0.039224203346954374,0
-1.0472468163155615,-0.8626633234743217,-0.6595458738080566,-0.2865293150769315,-0.06541331122747963,0
0.3918884014091291,-0.2479577244997435,-3.1374609310301573,2.299222786331982,2.151416620556598,0
-0.9937541420084269,0.6900267482390857,1.3069574448777672,-0.06842790064212192,1.148751428202978,0
-3.116404703674297,-0.09186192457823128,-0.5924464555850123,0.4628433306721354,1.3191837984961858,0
3.472130537037155,0.991195470135646,-1.4381323578174119,-0.9554198605125589,0.8953445307088379,0
-1.3870561172860008,2.2292237268937964,-1.5562362535426606,0.22855786953854465,2.391944708224786,0
2.1058267250467977,0.26654107706197283,0.23450898525873465,-0.32433053997857086,0.2907015607264971,0
-0.7799461412355663,-2.7427858221831785,2.287989891776955,-0.0305453252912079,-0.8076638725859425,1
-2.5767096356332386,1.4109320122726736,0.014532979853038731,-0.6204537979528163,0.729766148489076,1
3.1298192514305994,0.4738929283763696,1.260926366806983,-0.12766477106302263,-0.6095279640635192,0
-2.336238854700657,-0.5140933907201509,0.8652696608468055,0.28729041153070306,-1.3808451765358076,1
-0.2549577333165257,1.3143488779759163,0.23597445551041638,2.059591774780103,1.2944770942907,0
1.4405946829750833,1.0907010617095485,-0.4007649744386475,-0.47441011582819775,0.2411515924125061,0
-0.1544183246536518,-0.01760494278107869,0.3144799899197816,-0.1755273190294492,0.03397247337437988,0
2.056150617812665,-1.8264682536962888,-0.5343970601426629,-0.5571439865874818,-1.3175523572969308,0
1.9353503866199435,-0.11557834323076586,0.22257675450842165,-0.8458979872340328,-0.23870281149100928,0
-0.60977767318068,-0.536095045763178,-1.7009820046618358,0.7515525565710024,0.9352162884592671,0
1.8741943957823455,0.508011893497086,-0.7877646984508877,-0.6576677061846727,-0.07651574672748879,0
2.011141499828997,-0.33986417152228143,-1.387092848005376,0.2704669698216511,-0.057724590780502405,0
-1.701539838403927,-1.9089010112252836,1.6873991975229294,-0.14774679276456745,1.2903817846337744,1
0.64261408991356,-0.8630886672010782,0.7492061222386868,-0.6833206473343819,-0.7162313201487478,0
-1.9105208615343052,0.3031880707916303,-0.2811801170692168,-0.32495988646211194,-2.17496474305937,0
0.5745042678136719,-0.36224012694541174,0.4594966157702847,-1.7449184857574396,-1.2758619867630483,1
1.4861771969418291,-0.03860627998591238,-0.26003691427852765,1.2168716988302792,0.7245344619877717,0
-1.0042548986096016,-0.23015444714959024,-1.114650886057561,-0.7108808435913977,-0.1637784361220725,0
-1.3881535970651135,-0.7930949744599897,1.201295883125159,-0.5217914840330773,0.3077730953248833,0
-0.6130434500133775,-2.4121042486762487,2.4782330044019045,0.16040128673372114,-0.0632121658420185,0
2.814286516892818,-0.920790951617906,-0.8842013247744234,-0.04979967042867138,-0.04793910963307561,0
-3.0128385273957563,0.8721826528338991,0.26992844596340404,0.31946135566803585,1.18884343397937,1
0.7649479004576909,-1.39073375066949,2.122892210628706,0.3035126801917937,0.3815523302427772,1
-1.512780905592664,-1.4896053965929257,-0.40634215200048396,0.26530650171914966,0.9498099988615671,0
-0.9583184684656741,0.1398416334016341,1.3163344970093518,-0.3081202961570714,-0.1725135226478157,0
-1.052768501680324,-1.0735625275291227,-0.36499479740840857,0.443609022401682,-0.19018745685238725,0
-2.6847603767565946,1.1444221557677035,0.5729364226751159,0.23985961668957842,-1.100605049166268,0
-3.0868689944577112,-0.3959975219345289,-0.4728584493480473,0.022793686633734232,-0.366779584198309,0
-0.5741781688722438,0.9928727857163854,-0.8084427164164014,-0.9302290753127519,-1.225259466733483,1
0.14902642462108134,-2.2137262118104735,0.18296951389599236,0.5738162338053568,-0.9835977880031526,0
3.1356891574016412,1.5605472466605075,-0.21250617592777574,0.3744740932927338,1.440735712032285,0
1.4193938914485393,-0.024610365048194166,-0.6337264158567251,-0.3926849426619375,-0.41731536083263265,0
-0.06272705306137807,1.3131055273167693,-3.9713750890212225,0.3654876337857691,1.8580162199296346,0
0.22399722107988707,1.2405550020316962,1.3104007283187882,0.6857556968966068,1.244803794005702,0
1.4989268988386317,1.4424379430325283,-0.5327664729610216,-1.2955956386520184,-1.112797351051431,0
0.6503789384771573,0.8283316294749936,0.5301762894019796,0.783037687321265,0.9950246708381094,0
1.1168088704573698,-1.8167968969208763,0.5268623748956934,0.2149743184137013,-0.2917729452512675,0
-0.193664521796624,-2.114784295783531,1.2472691421289526,0.8325375413271324,-0.26244447222103234,0
-0.9595997675843868,0.4538562431246173,0.8998415597830027,-0.8250029883641837,0.22415889433720948,0
-0.1749155099658601,1.3117555453118577,0.39771027013037824,0.6006770166263228,-0.14859442580186139,0
-0.9903382347450985,-0.17892986358256452,0.8878982112119305,-0.015316220239696471,0.7255555301618708,1
1.470647466224585,1.210636300626353,-0.12023711160984211,-0.9067803275260906,-0.1310049375000611,0
0.5541622975700963,0.35048160195102207,1.6710501258547343,0.47622702250420035,0.34817563571953125,0
1.589668542118641,1.3017290468377951,-0.5876890332732078,-1.147051452927423,-1.7344906191408995,0
1.4011493159921469,0.8383346196032666,1.2367011338854752,-0.07947452721448325,-0.5682160867728309,0
3.1924946217978207,0.1473307345644553,2.648748484766748,0.42629309626666667,-0.06797150591246379,0
-0.9537662561789964,-0.710698240445529,-1.1261582326917239,0.7576671487271981,0.7379223053664136,0
-2.378895497621147,0.6310480300646735,2.2158410264761383,0.16215496567580992,-0.4446651543831892,1
-0.5856320507327034,0.20226311997726276,0.31689461897634263,-0.7912796365980973,-0.32124015198787415,1
-1.2103402610219414,-0.25394242594536065,0.5668268197347867,-0.5897770708159479,0.4480232126563796,1
2.5925265662294974,-0.775100172759509,-0.0928655826868137,0.058107775412712004,0.8257641190086408,0
2.3244497849909895,1.3011836343634073,-1.149468219769308,0.04957698899802125,-0.16353042928347547,0
2.6312480311001076,-1.4292365016814936,-0.8927608157175528,-1.455254362880619,0.531413284325572,0
-1.2201690886294136,0.28869893382935996,0.07306557462139777,0.3936712375490246,-0.9656080118139663,0
-2.0862738132827947,1.698768394565554,0.891040948145265,-0.3663129435813082,1.8042092634327913,1
2.300806647672031,-0.6931342710902338,0.24774862335828932,0.018790364027448048,0.3139929531113085,1
-1.7678947771887963,-0.30766136556312146,-0.21211846342191068,-0.2830894390967764,0.5716056330517153,0
-1.0177469948818347,0.304996300746314,0.06423626258027706,0.5649167524404547,-1.0428191443135835,0
3.110951304511925,-1.0025122205533223,-0.5302715601538455,-1.1633248196458583,-0.20080507972833503,0
1.0958585043650237,1.2550640984215602,-1.3034574566420953,-0.0026936281642334033,-1.173633810927192,0
-1.4460428808144263,0.0011689017000439327,0.4373842172324296,1.0795234363903286,-0.25544938975996073,1
-0.8057656882854243,-1.8591283481087721,-0.16416163798819708,-0.6197183128513033,0.021863941775435523,1
-2.8472442079873845,0.9074365627366354,-0.9746361545489605,0.1776400641673757,-1.5017238041661396,0
-1.6426763924738559,1.8308095153950699,-1.3144152765250887,-0.566217198071773,-0.39254071969303667,0
1.6175051959369433,1.9255156490586687,0.9335507422598174,-2.2370852842528426,-0.2463296209334064,0
-1.8518213982328655,-2.2847365048998682,0.12541300302253178,-0.41125549140856044,-0.641056062077978,0
-2.7045288549522843,0.37945640523437646,-1.5935435871695471,0.0372127099620649,-0.5761837130906283,0
-2.014142487493926,0.12274841407049288,1.1389103117601356,0.16700155944141548,0.13247649418147614,1
-3.4683876856151894,-0.4155713311062911,0.6416868262337242,0.1583091105710591,-0.8447965302876207,0
-1.6191880495978712,1.2442973526234538,0.7468756914638373,0.11084712186455732,-0.1413244250320951,1
-0.5210920398088255,-0.16801877839011378,-1.1664016137171214,2.323667123688696,2.3403576568874844,0
-0.25301059112634855,1.0377378025433277,2.7210556957599126,1.6248512964134194,0.7257099453358588,1
0.5401384782072559,-1.5903295890968077,0.09895791334229018,0.006302718628207252,-0.26079550729251505,0
3.10094290580896,-0.035151021799158674,0.04849349694922343,-0.4262309335078839,0.18742142406665838,0
2.5599181511941618,-0.8906842191487712,-0.6962106620673855,-1.5172264541367801,-0.933266652876287,0
-0.22287122964949194,1.730041189175782,-1.185502610998082,-0.8254489905836283,-1.7095361977450976,0
-0.7645758850302379,-2.479171941429488,-0.0806193393378307,-1.2258955358609605,-1.2517659589446222,0
-2.0813705211537314,0.9883921549513882,0.29939762968697736,-0.3104257167413095,0.49474567028900746,1
-0.318391886700259,0.6387011497951913,1.1211935348214992,0.3400170718412764,-0.3800483306428656,0
-2.2172680496568504,-1.8920242790337907,-1.2199698804288222,-0.29955375531290834,1.155533790003736,0
1.4553740881086001,0.09968017846829717,-0.001956385457773322,-0.42302245870750094,-0.4699806190591346,0
-0.9304473999639747,-0.6146041643538807,-0.43759117917237855,0.7587666545594253,0.026343661671185986,0
0.8722592795963073,-3.82451128748797,-2.268262035040784,2.0563107158046656,1.0794956375332274,0
1.1427214613798504,0.8799192383343735,2.152850655075444,0.49913324659465813,0.9008551883670062,0
-1.330814384723575,1.2121882881903154,1.4382944942002884,-0.5114916709986058,-0.10445133843099609,0
-2.7473534650037674,0.2670568028706948,-0.4705926413759577,-0.537316472123183,-1.6796079968892226,1
-1.0914992045049308,-0.7809111579688176,-0.21855121699949337,-0.5431691367914305,0.9870371802987824,1
-1.3263181112633928,-0.5780837531581179,-1.579152363965022,0.32881863493620883,-1.1027001533174643,0
3.1949165282074765,-1.117454628918976,1.2286631687245408,-0.4159261862254841,1.2679509793615353,0
-1.2448065394262346,0.6430470157758348,-0.36698051369709317,-0.3728218116834976,-0.6214289521033494,0
-1.6080904249530223,-1.033086779461489,0.8061854647513472,-0.18692016728077657,-0.9499439021245217,0
2.7325740334672393,0.847315923211561,-1.1236491319918434,-0.5139571872779676,-0.5445421282083214,0
-1.9350765021700418,-0.6219838366284706,-0.4446271746756044,-0.9130518453499727,-0.23387382882331273,0
-0.8611748286523687,-3.202408756944249,0.9815593817596775,1.3846209438830386,0.4878964511495739,0
3.0120519044565803,-1.8682844144977517,0.7942673329275424,-0.5468098309658443,0.06736330833696895,0
-0.7309031753467325,-0.03983027358946537,0.14917810974616066,0.3474843422258262,0.7998339040785696,0
-1.1939268891027315,-1.8912366419619657,1.0408888586110343,1.0592009448577002,0.4152480001665234,0
-1.9935760981367452,-0.8760168694162458,-0.7776238991411331,-1.1092938096488572,0.2909135578017549,0
0.3664951008843469,1.3595792942280691,-0.43073523795873847,0.39740201263139563,-0.7817225285825949,0
-1.3792081876584705,-2.1057046149302363,0.6504106007407047,0.0902934742856522,-0.7872314857755679,0
2.5165022730969513,1.6820099933023316,-0.9620623170443924,-0.5184944807999247,-0.5241934580604024,0
-1.772717578316833,1.0036920333253436,1.247560856391473,0.015428195929772407,-0.6044013195404387,0
-1.5056155426128368,-0.8268891395671141,-0.2753349006276097,0.13813277899938264,0.9402195955212677,1
-2.8235161610773427,-0.8644315213078735,-0.3029899013685373,0.7308233001124402,1.4487897442074575,1
1.2013912394845063,0.6619248407149501,-0.8578212098609151,-0.7989062482036883,-1.0768574138498026,0
2.4407889533034406,-1.5079426759843433,0.3125417082998174,0.002701835707389553,0.4842857602674733,0
-2.493720611333276,3.2105606312083443,-2.5071578759428936,-0.4357648803134094,0.9109159139635221,1
1.018520615303461,1.2930240178331425,1.4621120423251404,0.5345394878056325,-0.5386345985152631,0
-0.5315009227355456,1.4895430742383022,0.7337962136693156,-0.20153272194360428,-1.2479213083670502,0
-0.37528723900301025,-1.7535050312708511,-0.9626679818069827,-0.7532028439433386,0.38089743020530376,0
3.123412472655945,0.4969795704280502,1.9171247958254416,1.0739682251710574,0.6516638323230735,0
-0.7025387470165662,-1.3715019166113698,1.953135339065416,-0.4231267716059316,0.3979324648765531,0
-2.094367131194765,0.3907885273026973,0.32536354387302435,0.08814549026796448,-0.7553373673405978,0
1.8645883986826965,-0.3136685998936722,-0.6289334400619819,-0.15754855356920366,-0.8663381402628315,0
0.890530020827797,-0.6584840652451818,-0.5549172098056737,2.599208898428783,-2.1031558090054547,0
-2.6626850289117576,-0.47619789985958905,-0.5058975693509901,-0.6696518214253839,0.039056306111346646,0
-2.1897066322191425,0.2857043623519897,-0.03192425671914751,-0.08175702442875406,-0.5535121912447784,0
-0.795708270951349,-0.3968240440132948,1.2215897977941577,-0.27174793709857115,0.20779600451843128,0
1.6310842364145068,0.332753867378974,-0.7732169021462721,2.5703761369861287,-2.088495105923894,0
1.4303127157639115,1.042779246221959,-0.6322113490702644,0.08097270912550895,0.6167110807730172,0
0.4308166706482877,-0.3650122934532251,0.05978405706737577,-1.3120136346494768,-1.722338126224241,1
1.1724941405841498,1.993958423662151,0.7604586801336537,-0.3233534331002647,0.036589778997190764,1
-2.074801605510185,0.0283773379172158,-1.1860181176639897,-0.5380567722051595,0.41374613699368434,1
-0.9883109463680828,-0.8794746228978813,0.14102273803059467,0.7213050320243622,-0.32633221877718993,0
-2.538182113314488,1.1047374134412176,0.577579837127928,-0.3645667166074889,0.7184006981923194,0
0.6169984919859596,0.8100088101323756,2.5475595600352023,1.3042357191879228,0.16059474123262119,0
1.751510871132993,1.0731328641552869,-0.32797641921322146,-0.49464121655113774,-0.23480729335283612,0
-2.7573556684377323,0.4521971552184329,-0.46430165181899585,0.19354839029076087,1.3478586156994767,1
1.1427214613798504,0.8799192383343735,2.152850655075444,0.49913324659465813,0.9008551883670062,0
-1.8909111362619917,-1.7347303222334316,-0.34477437479772033,-1.2403386659291924,0.18485204409580194,0
2.207187283501827,0.8170497283411534,-1.4162538904165252,-1.0973999948522417,1.1799431601112256,0
1.4792136413647763,1.0788522666857479,-0.7368484048708326,0.5119390021797098,0.9078913758992948,0
1.8142340937964379,-0.16589486953510654,0.6125695851413266,0.013329376282582624,0.5557049137208345,0
-0.96345187535341,-0.13979524210288927,-0.695024322800237,0.7708644437571399,-0.8506530868558143,0
2.535420081438262,-1.835517301375448,-2.853216061736718,2.3575363558130524,5.4842602998830445,0
-0.5888015219443727,2.3768222732172712,0.8785416679290436,-0.36391599310718226,-1.1728212714192556,0
3.5263096578293567,1.3744065445505587,1.4967687742336844,-0.33487963894988043,0.8704895622799537,0
2.8243663370206833,-1.3256370591265494,-0.241523103257577,-0.5487803590162913,-0.16187655244216798,1
-1.7600662235695939,1.755198417237519,0.03274958310838079,0.6740803001501844,-1.6840829250206826,1
-1.6316587750489329,0.25713137035114264,-1.7278936551314261,-0.4675837469480885,0.6093454827983782,1
0.19401891682352035,0.4192623750199814,-0.6866300843914723,0.826837078087927,0.6433574642321903,0
-1.456498777367003,0.765672583177704,0.1415730661842249,-1.3765425422536453,0.6418774549595565,1
-0.6831673866712729,1.3137230556206603,0.35845768594852373,0.07341149586864568,-0.7488966681036748,0
-0.9732883791610453,0.9655476893024474,-0.9099406708425851,-0.4657612209682523,0.7120750592740278,1
2.1698237021484013,-0.17369692027844166,1.788825527000779,-0.20780817777327965,-0.12639873762483086,0
0.4441306772507657,-0.10230435482481832,-2.781997526412564,0.8074308354185771,0.8398426758007012,0
-2.7825795895089738,0.2284204081182407,0.2876422258168107,0.5603574176704912,0.9145114302400171,1
-2.0937795927647476,0.8001110114905826,0.22458511243610602,-0.4829205983383634,-1.275815990415493,0
-0.43141226835336904,2.863516367036122,0.7177386518608005,0.5313700378904608,-0.6204103083024187,1
-0.2645341947020643,-0.07177509806414357,-0.4906527146271658,0.04152491848389915,-0.6870107271644619,0
0.4451190229933426,-0.14436145913471105,-1.728130780411842,-0.6475749421512527,2.303027305449985,1
-2.5183545586832383,-1.5974965522089,1.029347329435559,-0.1336227949663157,0.564932587916244,0
2.2155172705052824,0.45032554992116014,-0.5479012892908732,-1.1304539369638897,-1.1741582101490304,0
3.20016210677061,0.0761867259452283,0.5916795705220423,0.10156111811810294,1.0679974088673183,0
0.3403712314141446,1.7694917549759028,-0.0241791728981314,0.07248411722865854,-0.11527084226602377,0
0.1346637104537497,-2.7934099219411226,0.33504607980133166,1.299159426431136,-0.14340864772007464,0
-0.903025578596386,-0.836583978512261,0.7510347516177759,-1.593125570656103,-0.060940036754757454,0
-1.799024587511732,-1.3169249809764694,-0.6518768003855655,0.6659648346684675,-0.3224404228999214,0
0.4458762707327325,0.9545977700485633,-0.35217627272079327,-1.629131423329169,-0.5911239310580543,0
-0.9460612457273994,-1.0290600438911632,1.4662744927211744,0.6452303195342081,-0.6215016054788475,0
-1.5672214303238732,0.8943769180954536,0.4592623055249074,-0.13211484840347001,-0.20400933265195095,0
0.25853816490542036,1.5144179292312552,0.05916599057583441,-1.4112719393384308,0.2958667746057838,0
-2.0448661972817277,1.1623332688588337,0.46375330539079196,0.8108543102497812,1.2329290710206542,0
1.682946984383908,0.13936685451820127,0.051231343245182324,-0.766301192150361,-0.3171425819592325,0
1.3202918889778092,0.26413678593289236,1.0104671104184393,-0.16838447419925437,0.43919909470051915,0
0.49046561539168243,0.4181246868893093,-0.28147259487184373,-0.006508978318434252,0.4671206331022714,0
2.364087210060164,-0.16038447768007727,-0.9804064313927661,0.5551813956101639,1.6211188606151417,0
1.168810854847894,0.15123410266869944,-1.098816111047052,0.4074520060627582,0.6323219622736768,0
0.007079784550671628,1.1310741058051896,0.787233603806394,-0.5137422754134474,-0.8793364719318936,0
-1.0191323464740782,-0.8127882091296396,0.7182785981373166,0.2624491668169243,-1.0408611460975714,0
1.2950141310453194,0.490752978420488,-0.06630659499432882,-0.38123425435661557,0.2673470996630636,0
-0.6507252057043192,-0.8380080224590762,0.3767452944263494,-0.08847662182800571,-0.4891793882617341,0
3.123412472655945,0.4969795704280502,1.9171247958254416,1.0739682251710574,0.6516638323230735,0
-2.600925695362766,-2.17727353519227,-1.1610451403911126,-0.8570698061654118,-0.46774985712178085,0
3.4731938574810033,0.7428830035277973,0.1009682012959617,-0.2691089105656787,1.603550085945215,0
2.5559062739181178,0.724375440914232,-0.4845913991263669,-0.9245569508632151,-1.1009250095066112,0
1.800019787013625,-2.3158517525203774,-0.11259128432478818,-0.5229866186837171,-1.5216385043023737,0
-0.830472891997056,0.5806067604520799,0.8375649406225533,0.8608844456956863,0.34776431982635164,1
1.230585746167287,0.5636584732738422,0.2652284943184269,2.6781718481566776,-0.6304327198242481,0
1.4581952439801598,0.4782191481311218,-1.2456797553898389,-1.6137451867570878,-0.8852197380228903,0
1.452814200154335,0.8492870987893328,0.20281273026903543,-1.8166787237098285,-1.122982829136059,0
0.22861649800364847,-1.1463981736798419,-1.497264590625355,1.1676471300073594,-0.7148487209096165,0
-0.34259313224915233,-1.3590721284531844,-1.4366179887079988,1.4542232290568076,1.5058501787599499,0
-1.4361815602104464,0.06186328607535143,0.9618726025564422,-0.5873685164386111,0.10468098896064681,0
3.233648709611149,2.7916405478222655,-0.11664105302760734,0.05050239358537437,1.0684260960056593,0
-1.524120635136899,0.5016062316946011,0.1420433716152183,-0.6732997447590723,-0.008880772111989376,1
0.9314701616833687,-1.6439282102751402,-1.029226809284358,-0.5662716910464267,-0.5736823282910619,0
-2.9637752821682293,0.16296780719215304,-1.3482522136221282,0.5593723821869546,1.549671093207841,0
-1.7278964873252125,-0.014498797557903186,0.5686544468562013,-0.4267128492394868,-1.1107050721991911,1
-0.46879756575926473,1.776279207468053,-0.9017866442368996,-0.3617089325688159,-1.076482021571834,0
1.4179540906067025,-0.6155046094400223,1.2321005830139042,2.5718298090544613,-2.0322441592573415,1
-3.0562910872854743,-0.016604654338386215,-0.2544755078885737,-0.671167887516112,0.5253598804075782,0
1.2277432452992394,0.7060549617500079,1.08525407050964,-0.07150718899300687,-0.44591508538356417,0
-1.864283636683028,0.28822776088329066,0.028533653675381205,-1.5800213212461423,1.2326912751414416,1
0.1632628054875063,1.3610664481025088,0.48450794619343873,0.7306530316041376,0.3937450748977763,0
-2.3173589633313694,-0.25990442092889304,-0.8689623924397394,-1.0874344603285564,0.08286350744236275,0
-2.2430364734384787,0.8750216132649717,-0.23780599862692192,-0.1416893466419846,-0.2635432419900099,1
-0.8609226102653037,1.3323928042255169,1.6784090854540086,-1.20039508781453,-0.5996505405925473,0
-0.5995175866952969,-0.608587088341878,-1.2969444977285227,-0.7153017701740498,-0.2657614929781056,0
0.6595510496213564,2.5380948701229085,3.504113833866142,1.1542782305266184,0.5348209989595059,0
0.6493993802093464,-1.1728088830980419,-1.5729151769826986,0.24285912445060834,1.59199934246176,1
-1.6858733894259228,-0.4790283615265969,-0.9671010683031704,0.22032015767307253,-1.6701568927639745,0
-1.4656915820484888,-0.04763058607402131,0.3194342401617669,0.15057010354386546,-0.07421374206450142,0
2.6069333850617116,-1.3493504287053493,-0.4483876914907238,-0.616899659243842,-1.1271573575454654,1
-0.8255701614810147,-0.6070602615017123,1.5724922076064483,0.8109545531432479,1.0303476932678974,0
1.230585746167287,0.5636584732738422,0.2652284943184269,2.6781718481566776,-0.6304327198242481,0
0.49311341873568254,0.9588694058518653,0.5393865852710904,-0.14531042365533126,0.636492799542637,1
-0.045493079001779936,-0.802256578388567,-0.6412198496288414,0.06000486149683543,-0.2609022383713403,0
-0.11693289429419784,-0.6179910973563923,0.5108584230508676,0.5185474786403098,-0.7747768707794557,0
-1.2525718168556774,-4.244678816487405,-0.17788986791335942,0.009710909355486848,-0.10104919034120438,0
2.829023136577889,0.5096425146262414,-0.8317822365119111,-0.5038726153065137,0.36313612627507963,0
-1.106309569766289,2.1724739860568407,0.3220565162832549,0.19906987869108797,-1.0369768704277424,0
-1.0914992045049308,-0.7809111579688176,-0.21855121699949337,-0.5431691367914305,0.9870371802987824,1
-1.8297681310930367,0.15831393786361245,0.9464721904425719,-1.0276428654428782,0.21840157336728683,1
-0.32046870419660045,0.6570152433709725,1.1919149542080194,0.30386548819396386,-1.161073107544995,0
0.18868183379353778,0.31617602043674825,0.8243541066404747,-0.07703070088451783,0.535406089990241,0
-1.5964291652873905,-1.3514403341456458,1.2567489227317505,0.8490942442787753,-0.22781082871473327,0
-0.2352034267421227,0.5015258099481256,0.849438758468859,0.027744856173085777,0.9686430423788256,1
1.9741293933073927,1.2159492756196437,-1.1297525113963702,-0.29419626927613113,-0.8082904643130465,0
1.1034520560176753,1.0260205619219385,-0.649344449659004,0.1754788531939657,-1.6232464978620522,0
-1.0329467254463,-1.373230441515662,1.0586996372171347,0.2418406121305502,1.688907422416601,0
-2.336432191425555,0.8289434452192714,-3.502563377553708,0.17037860829991697,1.3151134589544735,0
-2.147161017519135,-1.6263676720971774,-0.6455955515042373,0.28365185785730324,-0.10605361725547992,0
1.0947678990656575,0.888967134747078,0.8679109182715348,0.3660045409103593,0.09481625037100404,0
-0.7565884444153481,-2.7123621406204093,-0.7934252722733575,0.2606756134850194,0.07095992405432025,0
-0.5018290379717676,-3.034834144005792,-0.15778178168817797,-1.2195471649197585,-0.10616906988623594,0
-0.2976457842673819,-1.3953618752047057,-3.284979085515689,0.2440605824063843,0.03300928620452409,0
1.1667961311636028,-1.150354326293699,0.6197299829198789,3.22667187462936,-1.6714759223275482,0
0.017419920633202746,0.1414499211328597,0.6600333569424162,0.0598202003989058,1.6043406802578675,0
1.2236791583395972,1.185450952077613,-0.38472273076922353,-0.8912378634764565,-0.06132302291517611,0
-0.9450808997917135,-1.191496391143314,-1.010853501153789,-1.1188551443498598,0.7280951222746156,1
-1.7809263665646293,-0.7872560958191408,0.14349160128734403,-0.8381001304925204,1.6693653434640139,1
0.5122652412569334,1.7948862744339633,0.5530654386406944,1.1614060416015253,0.06354685147779511,0
3.1930476257209617,-0.22186376049704218,-0.40689311275997997,-0.6249777800395507,-0.8974571861827653,0
-0.20359933231485952,0.8147321954783427,0.779789211214631,-0.49838133995557005,0.7577811036554849,0
1.2455551085830177,-0.8032458799624563,-0.2701266950609719,0.5584084184644884,-0.09092760853861347,0
0.5703422203686562,-0.30317021587771714,-0.17397859309143138,-0.055068764839380675,0.2985360138787004,0
3.021662859562761,0.5261466501723597,0.5051155558505916,-0.8348714789712256,0.2094319203820073,0
-2.9029846415375284,0.5922883677366575,0.41511073135740084,-0.056403092722327595,-0.8160837882455794,0
-0.6824358685299081,-1.2621524782088864,-0.33623316945095677,0.08571938303639191,-0.02764967905348515,0
-0.836621426770622,0.76264007672649,1.5827172311244075,-1.093640967839639,0.1221683493267786,0
0.7539777815052279,-1.7849491305968064,-2.6376205987918016,-0.5107194070456418,2.255931550104539,0
0.9690249179092938,1.619249279234257,0.04134588034113586,-0.14773955593463922,0.999907882531078,0
-0.4855664613043943,-2.443117423041652,0.5663684913562516,-0.9969601239954992,0.48576031050129237,0
-0.4989516129957661,-1.1794723953838937,-0.8860682059851401,-0.5001485010182544,-0.9485512003288408,0
-0.7988504552558853,3.708965119133369,-0.3208024189525488,-0.7313993218837382,0.09677842497791189,0
0.3264333011057981,-0.4042463145675615,-0.5968882102967683,3.183989883271629,-1.2165737792919842,0
0.03893723041365958,-2.089371626141606,-0.9326159866436745,-0.9298759345885446,-0.3602255293455226,0
-2.1379768809106103,0.42367908687262523,0.3683510255817082,0.10022298158042874,0.9044029622981978,1
0.5810220553255824,0.2870376014677875,-0.46545817244975224,0.05867535962635316,-0.783088296870582,0
-0.34557333272769997,-0.0391640403390192,-1.3399575237701642,0.015046419024555861,-0.6351505780622451,0
2.5726845869218637,1.758247573976211,-0.5090250054432693,-2.435570655269641,-0.5054503028967484,0
2.1969834287777075,-0.49198448218113877,0.801415507054938,-0.37905130141966437,0.5477418871821975,1
0.11951751295160108,2.0981212543824888,0.7351702832497944,-1.2117427813660024,-1.5792766960497904,0
0.25612906785695777,-0.7778046421634103,-1.1645425794510214,0.998106657742294,-0.37464589682157634,0
1.6505879059656339,-2.119562361453097,0.9641007790607738,3.8397332626306833,-1.6883005200560839,0
-0.5261596114403017,-0.3364499300278769,-0.4951840036121189,0.47565240829203037,2.2542925492527552,0
-0.3744765698444047,1.4824212373830434,-2.8823176421167656,0.20191911327543216,1.0548023102871915,0
-2.5854016966214144,1.473281320025278,0.8088534888152524,-0.4726199793016484,-1.023964233395267,0
-1.3263181112633928,-0.5780837531581179,-1.579152363965022,0.32881863493620883,-1.1027001533174643,0
2.7588462468129147,-0.2774012385514876,-0.4794243064281566,-0.6137885243499628,-1.1344494608537075,0
2.8396600397325216,0.893542570984995,-1.4007259234134435,-0.6144466833351301,1.4075703158608153,0
0.5874436572273811,-1.0487142103986413,1.2908978528493056,1.4094763519683597,0.3854167465379073,0
-1.658218531475923,-1.553936625636781,0.1552973936199253,-0.7307347382257551,0.5106380155692628,0
2.0801448794948967,0.8389649231274574,-0.20644755616163882,-0.42817466551357974,-0.07377649130781938,0
-2.6877760642262754,0.7197584621638574,-0.23052056741447602,-0.587598379964262,-0.3400075321748755,1
-2.2183746803774995,-0.3453523709983053,0.10120209998427356,0.0770793151292965,0.967845877952963,1
0.25853816490542036,1.5144179292312552,0.05916599057583441,-1.4112719393384308,0.2958667746057838,0
2.7080578633069745,-1.8369690677470878,1.8472299673781378,-0.7398251601378087,-0.49606878174666397,0
-0.7538736021303389,2.3534532943906794,1.5198302375228503,0.65792706389514,0.13734789389953792,1
2.126727733820874,1.0220567746044915,-0.08007052505774563,-0.6954752828577868,0.2582805772250336,0
-1.4940632518864498,-0.3669217813194892,0.9744644844309147,-1.336868897127453,0.4201059279741623,1
2.662743477961325,-0.6894573914253618,-1.5053698041770955,0.8930519921924347,-1.7010238441231114,0
1.4014732812317736,0.8362697634109578,-0.23819754303756568,1.1805093269453582,0.21590804112808434,0
2.298382276911373,-2.3657108294702494,0.8059626171223939,-0.5009445162087418,-0.9869199616721469,0
-1.0789113364363054,-2.159122838357666,-0.7556778377871785,-0.5511936793923922,0.11523398059617343,0
-3.313059022262572,-1.4570172601699352,-0.5744431638902966,-0.5395915999934545,-2.0588785465366826,0
-0.3596402026455739,1.6990419501791718,-3.8191847555829304,2.5655920743592078,4.074920153629428,0
-0.7519486898014184,1.1525931835439382,0.8487544084934179,-0.2782736705454717,-1.2799367029940536,0
1.6605439321320987,1.1126040744897776,0.9551980543583292,-0.9576607013791845,-1.4127357604059636,0
4.336173368519226,-0.20227460208992334,0.1646976010820067,-0.5031944307060435,0.5573105408405246,0
2.4393815699392887,0.23909723675238834,0.6837485639234335,-1.1411967567900665,0.12405302389027023,0
-2.6193336638303717,0.8106681607679079,0.08695770330445472,-0.7451568170819782,-0.05339364834587139,0
-2.7694124017519943,1.0781764513972767,-0.6205100637511034,0.14870524947829628,1.1882562907983274,0
-1.4287527272601976,-0.24314249687354997,0.3652918226401496,0.17077699238436728,0.08326825685248473,0
-0.8177486850438431,2.3525844152702113,0.6883004441896556,-0.6029267223187613,-1.2527849358511616,0
0.660954046854516,-1.0823112879376862,0.8531234790381923,4.746915898950038,-3.0255865986881014,0
-2.778079811353708,0.4736255380721177,0.3447110192767552,-1.0866278808714191,-0.38234618247747953,0
-1.5024935214410935,-0.30302450762474853,-0.06160593960006581,1.5049526159307312,2.2044172724259363,0
-1.5961358594241746,-0.4615437487594918,-0.7733129759205221,-0.1826320608962386,0.021020909041020254,0
-0.1648546751001025,1.1522289944963577,0.049283371682368876,0.2018046525194095,-0.006923819918428689,0
-3.0599714485447973,-0.42466218719794246,-0.4037110547092161,0.17566018669614125,0.224039191422792,0
-0.13311313916898423,-0.5053365562530112,0.8358501484268237,-0.11896158428404138,-0.5556354466669374,1
0.6910781594913126,-1.2494689113595816,-1.2250730681503708,0.20832595231417889,0.9990926270003232,0
-0.5057059805607764,-1.5780831758537952,-0.2567550670182869,0.5186840993975621,-1.1511031723053429,0
-0.006957247427800621,0.14797189642432826,-0.3727090887107963,-0.005103950496006522,0.6554750117102379,0
-0.0660458654949047,-1.404866167485684,0.43214088391126126,-0.07394688582145365,-1.028672588999695,0
0.9307560675336216,1.459682239245271,-2.4770060428508014,0.2658853670963867,1.5951054969130107,0
2.356442376818166,-0.5251083219639592,1.250083354574552,-0.9354919918293771,-0.32425559637384105,0
-0.9883109463680828,-0.8794746228978813,0.14102273803059467,0.7213050320243622,-0.32633221877718993,0
1.807950513390526,0.6835486324102072,0.7167013076760711,-0.35625742913292585,-0.12539670871560044,0
-0.6843436837831882,0.7082225199544773,1.758668576074211,0.37157890047597825,0.2460167808991267,1
1.7896801043959856,0.7029606129818609,0.40554982297682274,0.3528658885896344,0.6968062141364672,0
-1.0927452702903127,2.01704697202468,0.8548913429074404,-0.7425095175080191,-0.9998061668639013,0
0.7634962382681058,-1.929522434549381,0.20630851562277375,0.31850608822345566,0.45827261551267123,0
-0.8471403181691608,1.1132580027680679,0.043068808816704274,-0.17840565939144173,-2.3908516767224293,0
-1.0381552591265675,0.42954136053235564,0.704513585612578,-0.8544534123951543,-0.7432042987968239,1
3.2402727867321848,2.9924157644763794,0.07607485944181472,0.9494838631151801,1.4888806308163618,0
1.5932720614893974,1.246250912706509,-1.1864391244182684,-0.934952199517596,-1.5446411064434027,0
-2.0353446009572695,-2.626456066943516,0.48178410000451327,-0.734695954901689,-0.4579649860362278,1
0.020875477052580214,-2.0271910856185484,0.36194127452113756,1.2196909535949236,2.1721857633080677,0
3.110951304511925,-1.0025122205533223,-0.5302715601538455,-1.1633248196458583,-0.20080507972833503,0
1.4228777001128081,-0.15419700481928694,-0.25538235537403625,-1.2228388246490782,-1.666583828624928,1
-0.4202838898215527,0.9447759369953957,0.12302276280202315,-0.13501207346405453,-2.1538734726517403,0
3.0224564680927126,-1.4876956897658495,1.5246232556754562,-0.6863452064497536,0.377659289908751,0
3.057813127084702,0.5755903359466406,0.21464981171991918,-0.38782486651853604,1.6083960999965794,0
1.4527682429235032,0.3260617603181515,0.4317083195442705,-0.12035759417208851,-0.11590732317340112,0
1.6020597386656945,-2.894358827984583,1.1296444768589597,5.316698061088891,-1.5553633739300583,0
-0.6410055749264941,1.390966834692539,-1.6839184718069986,1.2017354810512078,-0.5700637904817578,0
-2.249255920421132,-0.9332407856384107,-0.47246940229174267,-0.06909168739919579,1.89769560459697,0
0.0888708531964964,-1.8641696515542274,0.39268515225423983,1.2410058654175895,0.1944363094342379,0
0.7063281237285961,0.06758684506801323,0.1980220994522832,-0.46719647734644226,-1.0450322759070227,0
-0.5800839523201095,-0.7673454689510195,2.1081185875737196,1.0263523069255374,0.13854483524344138,0
-1.038590058891265,-0.22665007038487528,-0.3666591746151905,-0.4484713060276379,-1.0539321819117957,0
-1.444803924668905,-2.2870348604411266,-1.4378144843412701,-0.7787190822070806,0.8667556803699016,0
-0.06253246096235225,0.30847993850041033,-0.29926042817893334,0.7919487799428042,-1.980623235531211,0
-1.121144729427008,0.9920953610663371,0.7077172357575637,1.237366917244364,-0.27887201160199276,1
0.5017383862188701,1.6246682826725793,-0.6775461819880635,0.16886253000221732,1.0619617273557103,0
1.0171699427272896,0.28614884608646995,-1.6734075867950498,-0.3966583720440414,-0.7065949016189732,0
-0.6382454702335051,-0.884886635627933,1.5290012380454976,0.39215373132913944,0.7535322697542723,0
3.0135738428099526,0.6503385187251688,-1.2467745603203713,0.37476635643483663,-1.3201518955550595,0
2.2811108791235086,0.3975489014948416,0.46884756660895427,-0.6003203657829014,1.831939253823787,0
2.59109806974856,0.8925835457432616,-2.0177758591790202,0.3270505959395495,-0.5557357840283611,0
2.725233836179134,0.7127757295284635,0.47985769059066297,-0.7253317756295711,0.954056846194978,1
-1.6215307388175344,-0.925966842916162,-0.5971659248611096,-0.030697577406437818,1.5528939439764664,1
-2.204206641572607,0.13090386241846494,-3.310111860043474,1.0144490390577718,0.5638625935733391,0
-1.720347702048949,2.106480603538658,-0.28560786155842843,-0.0040110397159635516,1.1883277290739636,1
3.255357455453133,0.45941139610430337,0.7814916036862464,-0.5816160514779943,1.275807448301112,0
-2.0851913606149908,-1.9321659258912238,1.2055563732622416,0.3023356674922309,-0.44370546746517353,1
0.6958277871104525,0.6154283299802131,-2.5208240427948025,0.4868181956661584,1.325809629280101,0
-1.5405623766108698,0.8810596545459697,0.5162803840975505,-0.27626545410293346,-0.8014759954963068,0
-1.6141697931278272,1.4476152680310441,1.3606230932201204,-0.034948662068898725,-1.3190967236674387,0
2.740609574629918,-0.3447604659665901,-0.8585607011722922,1.9754568793849283,0.022817424719694165,0
1.550859198163666,1.251924482173967,-1.0678417341901045,-0.8258088316991671,-1.4920277475547212,0
2.4330239378420373,1.6288798755105194,-1.0508092166758087,-0.4339712518799796,0.1864205291209672,0
-1.9030117579977526,-1.1720626724434173,-0.9163789202691209,-0.9154619728246107,0.27619229863685,1
-3.032091159009798,1.0480798988963391,-0.2281336573211942,-0.7594106038447495,0.21014935189808434,1
-2.164140608547204,0.07025303902647696,-0.3267436130201195,-0.8393744563228268,0.30565487388424634,1
-1.819195705431012,1.602449011428751,0.6038772884409531,0.7509467219048158,-1.7632473609626709,0
-3.1928382752460727,1.5681105419874952,-1.7866336510640672,-0.051634969730608646,0.4168502098729865,1
2.069388272753632,-0.6149380198222777,-0.44250856120692894,0.2568836480688551,-1.1068495907887035,1
-2.682205864384114,0.0902114227285994,-0.4985039583028927,-0.5010680375183173,-1.5951378585558424,1
-1.7526467671310746,-0.5095591639453939,-0.3377303486216255,0.41519582953563783,1.6750752338417125,1
-3.3423893191223244,-0.6021932854862865,-0.29415670174474323,-0.33779213217833837,-1.0494104885436981,0
1.7330228435247401,1.940508198867517,1.044809802351205,0.8628110843110891,0.9521120600696775,0
-0.4248525673351383,-2.5730825366842467,-0.10181365783043103,-0.256845899285522,0.5762709813321968,0
1.30097744994977,0.035504811509094625,-0.04516073229448903,-0.1995539067638628,0.5092516393429599,0
1.90439704619774,0.688872060128486,0.9093283872050526,-0.12052618963771018,-0.4678084631513304,0
-0.13822221205252042,0.6035893778944991,0.07115543185952845,0.9022515584724844,0.642371482428022,0
-1.5130681152271344,0.26791087375440625,0.154923186147363,0.1779120387136026,0.03337017358410209,1
1.7846337735179183,0.6417672633750054,0.9125913490916086,-0.004118557446422791,-0.053632096946363485,0
-0.24437832407274396,-1.9601948180334514,-0.883374426982993,-0.8218919153375491,-0.9260137858419097,0
0.0381115063541505,1.274805871369907,-0.15475674113052323,-0.054147293795365946,-0.23341829614761278,0
-1.97729901171799,1.7447324272577385,0.06641190724724838,-0.038162738883186616,0.09427008291795436,0
-1.390469533481553,0.8401377087301829,0.3807787381741287,0.894915449706148,-0.13533867565414187,0
2.6605795766711844,-0.23721808901570093,0.0303780094987641,-0.7654591575312357,-0.35023640420634883,0
0.10694495363865959,-0.25306530897074064,0.4776817057769363,-0.10658054621370303,1.8927921058591388,0
-2.226238901607683,0.3365826493402166,-0.916375354677911,-0.6954070598885547,0.8962323270245679,1
0.8301666909838032,-0.35173691010394587,-3.1795030038227625,4.062193506232545,-1.4934486378112684,0
1.899787338273063,0.24527133113628774,-1.691315644809449,0.16095661011359566,-0.716839890339604,0
-1.2274159991484281,-1.1950856361739512,-1.6716805838909334,-0.8539825270932649,-0.37477499989002233,0
-1.427080693154953,-0.7225154266158641,0.1459730945726387,0.5969777499869464,-0.35521182780137395,0
2.094634889596651,2.3353426666321533,-0.8108591137785666,1.036458795202761,-0.13896694872529305,0
-0.9897864226397054,-0.1422557143062571,1.1214479096269678,2.882180606013638,-0.9899546970585257,0
3.080334228144537,-1.2274659468233091,-0.4581152073938873,-0.7469077099181252,-0.6401636245935153,0
-0.6044717514983095,-0.75772272021067,0.2340952314735593,0.3559196956355125,-1.5121146890115464,0
-1.4512045393958377,-0.5572817572625105,-1.0002804041176583,-1.1999025960813046,-0.32855470089241856,0
-0.5275479829890863,0.973007544349034,-3.702721807862721,1.2859039975557547,0.06125084075458676,0
-0.5806827389894947,-1.2268034733515143,-0.976359947950449,0.7498305240190777,-1.143991734699955,0
3.033965781571,0.5762865471028912,-0.047851040739807955,-0.9711148141139486,-0.44543009979103265,0
2.773971194716141,-0.6124001133664091,-0.36493572464662694,-0.4023506810983064,-0.2219144101174127,1
-1.097899728941958,-0.5999275958036534,0.7348108868067134,-0.16477610560311334,0.6211970213887793,1
0.6373802383125686,-0.9604163764575138,0.619019157000223,0.030115912385124965,-0.49420231933745956,0
-0.750217514385497,0.8876185616452894,2.1563143675209493,-0.4895230641367839,0.7323614100483236,1
0.8084174562967863,0.044034846834311796,-0.24824076632779346,-0.4004315571417953,0.23120161307408688,0
1.832016815375069,0.817916938846098,-0.6655919011246626,0.40509543905777856,-0.13945741680267612,0
1.2770014059341612,-0.3091580071060338,-1.3259056493458836,-2.010173139482136,0.5636969797055746,0
-0.7097072789448784,-4.038632747092307,-0.41203379636590803,0.005960483423049267,0.39164098955435933,0
3.2058400037129826,-0.9620722060784914,0.18261988398735238,-0.2607874600421662,0.8647782973035368,0
-0.24454466916602147,-1.5065991676776158,0.3961526630790646,-2.043483680055724,0.1753802199109931,0
-1.306471246500963,0.5384112972107055,-2.929462846800084,0.20351721238134052,-0.4804676192414511,0
1.996002861914011,-0.20581560444392794,-0.9745293627360527,0.0005196065763835462,-1.207235057940915,0
-1.393631322964063,1.4537445152143178,0.06225441856193035,0.4768213781943632,-0.6220477751224197,1
1.4185384889348691,0.6710435078109451,0.19138306552846865,0.10097210847894054,-0.18689827007364235,0
1.8788362262095504,-0.22958949175263874,-0.32695985015659934,-0.38933891801127757,1.3245796558509437,0
0.25684766562199535,1.9881620909088698,1.1821206151153931,0.11231803619237181,-0.8186421148096669,0
2.2115049968394342,-0.7623638095587473,0.2048216002768438,0.08554955414933986,-0.5817420167505314,0
-3.228202412466698,-0.5240075020765238,0.7262070237232562,-0.17262448997764057,-0.5690046342054816,1
-1.6882286804901705,-2.431983617886809,-1.6414485934877283,-0.36752822991308415,2.018875676987636,0
-1.8488206066443218,0.12228132819561564,-1.352656479127838,1.1063587275329376,2.7344656979227415,0
2.6605795766711844,-0.23721808901570093,0.0303780094987641,-0.7654591575312357,-0.35023640420634883,0
-1.414026449230204,-0.4807178098260063,0.9296480898062401,-0.007970733166812127,-0.4121882480405131,1
-2.2771808915908287,-0.822846098141326,-0.7199649574552818,-0.14173637835980127,1.5998300516935446,0
5.048743051218369,-1.1914876937024967,-1.9553177617152715,8.192142407286104,0.9103905191899317,0
-1.4359521316814143,0.48279874972293624,-1.4675164595705275,-0.8289181993474805,-1.7615913991847298,0
-1.0205100965566265,0.12155925598212897,0.5653281046247091,-0.9487740055523433,-0.5832237757101079,1
-2.3531829396668296,-0.37433858194833597,-3.3678837583309043,0.9156291061142956,-0.5277347411712613,0
-0.11376365292924882,0.955499677938844,-2.004007483187934,0.5462174703397035,1.0922220745390165,0
-1.8992898372242886,-1.2861275707470476,1.4689134665551213,-0.2788669385244897,0.24191214143106357,0
1.921173452668926,2.2707928136458277,-0.4587583623869435,0.7100339678886015,0.7607795850105847,0
3.0471809274412607,-0.15510242114130998,0.04903979822608412,-0.6411825807729521,-0.3839052010090687,0
-0.9280245458633437,-1.2971538380832461,0.7773362578952955,0.20766262894043142,-1.2487659548667163,0
2.0478957846249894,-0.6872449527882336,-0.32867421359062826,0.20556196575337804,0.354619644344444,0
-2.2367193399824985,-0.023815528368336093,1.035099152549354,-0.5967223566545171,-0.0704958270209375,0
-1.8703836972466172,-1.8975437616261033,0.0667113536756112,-0.6520895761172328,0.6751493584661089,1
-1.772717578316833,1.0036920333253436,1.247560856391473,0.015428195929772407,-0.6044013195404387,0
0.06749472104407583,-0.5326744093583023,0.6267207443445197,0.5770346524129433,-0.5779260802113056,0
2.046154993818552,-1.1151723019856628,0.45992747693462843,-0.5396228756039249,-0.4556188874390723,0
-2.617177929051207,-0.7237042905425277,0.18321818770610337,-0.12551074237306575,1.3706340566212367,1
-0.24711650110354486,-1.1064706087530762,0.49189655209949373,0.8543258115827883,-0.17219426737965438,0
-1.1744445094750737,-2.3108766145385222,-1.5223492104400724,-1.6203678189128414,0.48624070490637006,0
1.2277432452992394,0.7060549617500079,1.08525407050964,-0.07150718899300687,-0.44591508538356417,0
1.4677888296521644,-0.010102174468569746,0.6290351894957411,0.3701284240918113,0.14679818434702444,0
1.7369537432797328,1.7005353810579087,-0.6306740296203106,-0.9627500359261137,-0.6877522046500071,0
-1.3711547660745436,0.4820927482198686,0.019653535206958176,-0.4142740625076277,1.037579151171531,1
1.944063342404786,0.15458850667138807,-1.453412206389465,-0.29535150713234637,-0.026882187737206076,0
-1.1793068885477025,1.2808325731161676,2.256766984812681,0.4831287390284225,1.4986928215533,0
0.4744781408248926,0.6249303400434462,0.7297322738252241,0.22331236128889184,0.02129582686458426,0
-0.3814229117680984,0.13208906688870586,0.20586746065173306,-0.4126202212376263,-0.6158780133505596,0
3.177201982628081,0.05523788034665396,1.7064627100558754,-0.2502293670098207,1.13333910153985,0
-2.0414691766294033,-2.3088518555999986,0.1397638578214931,-0.7455472289983469,-0.9297581067728753,1
0.13438416131179678,-0.16198785911547228,2.2789558714682823,2.3393396117513987,1.199678611636574,0
0.5240000849324047,-0.49680657387943167,0.4702452412177117,0.946960697634396,0.375369136450758,0
-1.042475893065359,0.8307671118969143,-0.3983569060087757,-0.3461278176148559,0.10160142427303576,0
2.85709717260057,1.8647907742863266,1.7000638841183584,0.6495933761121,0.678765897524981,1
-1.7522477742841984,-0.4915768509921452,-1.0645138134819983,-0.28510286434097276,1.6765558815611414,0
2.2005291200730612,1.3078232951976863,-0.6492483277973771,-1.2230686452428803,0.47287726485679976,0
-0.8329225467381063,-0.5440075653377829,-0.47754678891125035,-1.3119503215182629,0.45032945406710073,0
-2.5379921062537885,0.6180068026854976,0.7306961314069397,0.5126054957413679,-0.9677337903033072,1
-0.016601979474254524,-1.406440140849583,1.1525541687507355,1.006729091427118,0.6411270192601053,0
-0.2273977951573538,-0.15664203363477494,-0.48129969694803654,0.11318679555354927,-0.7252264621707541,0
-1.1692449027361296,-0.8449627969255614,-1.423257815188151,-1.4171554380227915,0.5885957470360648,1
-1.331769298648843,-0.5261775456316969,1.025455887024312,0.41196452305243725,-0.1826898889937701,0
-1.8458400973155191,-0.749860596192854,-0.6000865285276566,-0.4909904767214384,-1.1547810703565944,0
-0.37924456554960656,-0.9247258430835169,0.9115705857671622,0.8117603371915715,-1.287706315865828,0
-0.13640460101103433,-2.490248554639913,0.5785958616420068,-1.1783969528557716,0.25355828047437345,1
-0.6900291183508757,-0.6921798159665588,0.6776569113770871,0.08813341557975286,-0.57098545161384,0
-1.8192447314300377,-0.7444141851316912,1.0906867628013706,2.700013837630209,-1.5455323868716118,0
-1.532789075671952,-4.492280155676661,0.4382326328171551,-0.5218766224359733,-1.608969481228155,0
2.1813275441574764,0.46468620067590033,-0.6998788316358616,-0.9845924441600457,-1.2717500606201397,0
-1.9901528302467075,1.0898378607699135,0.6167500011912196,0.5450735869841683,-1.5121592183025705,0
-1.2040829635284687,1.0290267858048268,1.6311144978141454,0.03213679164899004,0.09049083926463318,1
2.2843529858728795,-0.8009842197634621,0.246589194917346,-0.32067341027737195,-0.6413665041217308,0
-1.7627620670094877,-1.8417413700355787,0.05282887434432137,-0.8986599752541311,0.6865326684978036,1
-1.1448882665506739,-0.663888595922794,-0.23571678436362029,-0.5588604133285224,0.07678921045484241,0
-2.1402075960828033,-3.17711807117174,-0.44424572255978007,0.1681090829937357,-1.1461410950866884,0
-2.246899506099822,0.2903840480638483,0.581652089631332,-0.2627695977992392,0.1384668484517376,0
-0.713452308115974,-2.9221803420952237,0.257329073813702,-0.8745376792843245,-0.036690655442981356,0
-1.3468673111179807,-3.582347921970289,0.46198870920307683,2.9064221112856514,1.1733487739111317,0
1.709145486314309,1.3307465392256945,-0.4572863231609271,-0.07921749042070832,0.03642614407348558,1
-1.8004858443301504,0.6590785288048553,1.2660190703101757,-0.6257189681081847,0.8384876315305151,0
-1.7361569700262343,1.2242619421017817,-1.0930122355348135,-0.46778677870274293,-1.2126249298215568,0
2.0288756895990985,0.23838179899947692,0.8892035388747471,-0.916796732616542,1.2550450185440647,0
-1.1086600136181428,0.36110117040320877,0.6874849851926211,0.9019992075549044,-0.9995905253639719,0
3.034617287836301,-0.6432181666591446,0.05008808337118176,-0.42911114707724446,-0.228171367505184,1
-1.1157027753791673,1.0449707537626338,0.29616026885197944,-0.12643494281508144,0.018702272444798267,1
0.7532660467296425,0.3927233182876451,-1.0369852189712865,0.11063626922059841,0.05766982636059295,0
3.2981612030195753,-1.309874519464034,-0.19454540280081767,-0.3594271201713594,-0.347984182412098,0
0.34519408014767056,1.5503485013915708,1.675665100376054,0.47009353645974783,1.0823264512650557,0
-0.11340262482498376,0.21798629645508824,1.2354365477401332,-0.4442535589371474,-0.3956081467133309,1
3.2058400037129826,-0.9620722060784914,0.18261988398735238,-0.2607874600421662,0.8647782973035368,0
-2.484498463298538,-0.38236219486215356,-0.3739072171317717,-1.0168709618009488,-0.5299919471366761,0
-1.8674779834084805,1.0399082658400673,0.4354074463924829,0.3910475252674618,1.4011042550126565,0
0.8799222551891576,-1.1138231785529353,-1.0578205983515636,-0.31176664720995184,-0.5275210704851188,0
3.981579722752453,1.2104031587176864,-0.8085168803886802,1.1952543316234079,1.1173137399144824,0
1.1055185549091584,-0.3032338221070803,-1.3581403388169588,-0.41805720482479936,-0.46428317384697065,0
1.4710066796511296,1.5968603088135533,-3.1775707321354827,2.3133107578009926,0.6043752625574342,0
-2.0034453045208696,-2.212935955687775,-0.20794835501895434,0.14969872646918486,-0.498095296293645,0
1.423720592213704,-1.4827691045187759,-0.8241693161365156,-1.2850923726962988,-1.3898224482164216,0
0.963038794822958,0.9423262648986449,-0.34553975564934986,-0.6073113774457785,-0.6677578616848956,0
-1.5086380072114551,0.18344172276941542,-0.6734732172049149,0.3637750210613083,-0.08474109662190325,0
-3.065988204947945,-0.001029707989683367,-0.3903608016488534,0.35235982920912823,-0.0445107092270991,0
0.05085067940969355,-1.222243015425127,1.121564279936515,0.036440999435791294,0.2917900491332346,0
-2.619612587238821,-0.2292876480941487,-1.8874769907329263,1.1572098744141082,3.1004606295049526,0
-1.4452282474368838,-1.555386860989154,0.04351020527803832,-1.034480226355771,0.7735714608957768,1
1.2395437729583936,0.36565708928564616,0.20901984248773373,-0.7869582293787858,0.09512784498590454,0
2.015890566760248,-0.4320420276078273,-0.008942255288598402,-0.723511313825771,0.5500906176403997,0
2.787874989778007,0.7494075293437857,-1.163527783137975,-0.29441204250050795,1.5037713175200158,0
-1.4251652379648578,-0.09035587839747926,0.020377782693147595,-0.7013348939394195,1.3308043967041594,1
3.8215047344095705,0.4059105652207698,1.5665418847526726,-1.8974101251574051,1.091912391415498,0
-0.7595420769144952,0.8005911858886794,0.9749876426338995,0.6943534177856158,-0.768247774818027,0
0.8242045662595782,-0.5698426020709452,-0.5213678365464904,0.347598874182773,-0.15734104438695226,0
2.7933078717685715,-1.2973710857487761,1.0762145626808763,-0.31155720447368607,0.29221103463234577,0
2.5419691467068466,-0.030798125144539962,-0.0030135893766986724,0.4531939279517723,0.013279775558437975,0
1.260384845512637,0.8829610397398407,-2.166086332310791,-1.3694511633710702,-0.6826602466583411,0
-2.844157318622874,-0.36578985789381707,-0.9518083064945166,1.0114034533761258,1.6325054767601013,1
1.7819862085613674,-0.036712072752390315,-1.61225329224216,8.427570539881318,-2.5992782737039755,0
2.959140597418871,-0.1742741261265714,0.20036806339427346,-0.1624108458171091,0.4279999168848703,0
-2.647112732714909,-0.3526233042957584,-1.7037237870365916,-0.09284401806751738,1.4348768131920682,1
3.441755994764784,1.3633507622227092,1.723770174902692,-0.022859520425546266,1.0591699249369633,0
0.20720992533248267,-2.6119881379161534,-0.09576839541620756,-0.6324676689130334,-0.24469083014675,0
-0.17286686818388788,0.9282318330287702,-1.4821671170613855,0.4389140158586859,-0.5842324396928228,0
1.1859576701258019,0.7041949411500773,-0.2537446995291372,-0.43032485355360606,-0.3773326065289583,0
-1.3954978731650813,1.483216819003344,-0.9917407345345589,-1.0273315276048272,-0.8692212273161303,0
-2.9896226024299537,-0.09604796704706763,-0.2241010336635592,-0.4148943535987179,0.5007750091193165,0
-2.2818304822687017,-0.19171101708478014,0.41936762959443835,0.23414658686698042,-0.6732718160088137,1
1.0637532643667342,1.359167839816686,0.9043207162479183,0.0896649998721953,-0.2648028259181911,0
4.393383273811016,-1.4393590151190057,1.3604874706128414,-0.8575940353290956,0.565571136641314,0
1.4637666523833117,-0.5815449881535733,-2.9663615297751176,1.1596974497308032,0.7716944663191523,0
-2.6660959393896646,0.7561614933964154,0.28462963951724224,-0.5668695616958639,-0.8047639111272272,0
2.805797876328879,0.6684087799041565,-1.8003280241358544,-0.25226315935650073,1.5161811707242352,0
-0.19072140121314823,1.1973529773879867,-0.518865115546492,-0.5135566836155013,-0.595466069063211,1
-1.5980001303444988,-0.07404125717543347,0.6124006814402663,0.10410807786512968,-0.8784174717383204,0
0.9151095052715621,-1.0116538124498702,0.8597560821117428,0.01986773159523113,-0.5359528187632314,0
1.8604057904491016,1.158910953501408,0.6850157858417267,-0.6664467552465615,0.7234913814823943,0
0.10839404510843825,0.8678922359889896,0.38678557636958827,-1.1770711048591294,0.4356553239734489,1
-3.152171604831013,0.2359158116139728,0.31847570594284,-0.9214078084537753,-0.5035192388594997,1
-0.17839844898992113,-1.2639041986086315,-0.051949717535952324,0.12395741698383297,-1.238326157106357,0
-0.01758954197050767,-1.8653611804714452,-0.49783190452960857,0.9744938897815958,0.13448286421575098,0
0.054588356228922295,1.8018091031285792,-0.33565215775364143,1.2706492763824968,-0.4116319121608801,0
1.800019787013625,-2.3158517525203774,-0.11259128432478818,-0.5229866186837171,-1.5216385043023737,0
1.5408279417363182,1.4493984325747773,-1.323296743347234,1.9415644708969673,-0.6456990040489227,0
1.528557732607082,-0.5476592500109212,0.306761827994817,-0.5804518240162199,-0.2460547403841409,0
-0.4762143932630266,0.10238260169126223,-0.7475720958642056,2.350265394947513,-2.0324391889168547,0
1.3659581180945297,-2.1073093803110376,0.5527165638987516,4.740955079021176,-2.483596999320426,0
-2.325144552807184,-1.0017038280184722,-1.5341104223045485,-0.885903710294749,0.5735993510232279,0
2.6541439596798657,-0.7746705338396807,-0.6523543604076297,-0.76585040491799,-0.5340614471997785,0
-0.6745224657523786,1.1672796048987952,-0.04674042786543263,-0.5732242736737803,-2.1755389280380686,0
0.9515797798132501,-0.2068500331795438,0.20673074095821511,0.02964356524318036,-0.7406152709470557,1
-0.1697930067013024,-0.35261779634991447,-0.4454260091820515,1.5362901627436611,-0.3053029756933883,0
1.1249164411931,2.0008325485012852,-0.6314257909913293,0.6876126909130658,1.2040451106205097,0
0.7878933841946409,-0.6382807816468805,-3.703117892327228,1.8831422352561287,0.25297284522013913,0
2.773971194716141,-0.6124001133664091,-0.36493572464662694,-0.4023506810983064,-0.2219144101174127,1
-0.26690430120339603,-1.0288919414746904,0.9012808121811724,1.147565979875825,0.3425458151810994,0
-0.4541620027569497,-1.2751241872842618,-1.2255641945289253,0.18621867257638053,-0.3608680658797074,0
1.9644375053624559,1.760855571232073,-2.2112060179340762,0.43323418428388943,1.6684868287750076,0
0.48929304043188604,-4.713796332982683,-1.419622971838009,-0.2842851267635007,0.28453884049547246,0
2.5931729873610805,1.49008025611425,-0.7013709919036434,-0.7445249866540349,-0.8072713402910172,0
-0.3962644159810065,-3.4323899658581407,-0.12235343907822155,-0.6703979471965618,0.5758890573747958,0
-0.8874230073509801,0.9338804533718078,-0.9636474684452992,-0.6790763264043426,0.435508866581492,0
1.4441895810929557,-2.2812914200387406,-0.5550446463959012,0.6039815370614625,-0.76276639381577,0
1.0971315109488704,0.7667563604999794,0.6938021359932743,0.18731461659250348,0.04517674299922869,0
-0.9615806973667974,1.0421063525803431,-0.12248418457583184,-0.722333499524064,-0.9437908120329159,0
-0.03385137819009921,-3.1474575930826236,-3.957539274292057,0.6833639419941862,2.511822818513933,0
0.3845280147146196,-0.14399019975240965,-0.9739574285007083,-1.342229204392584,0.7369359630854294,0
1.5203834224309638,-1.1336752696059402,0.022511875180204633,-0.3850829063928931,-0.6573402923646985,0
-2.032257721128047,-0.8500478840651703,0.73615826692518,0.0998282618827828,-0.6001371960435055,1
1.990867388040765,-0.7428733256812725,0.7780895452594175,-1.0569502326259508,0.10846372345867056,0
-2.570892639359443,1.9690104813696534,0.07758388525764565,-0.23584436429312516,-1.3943192212955813,1
3.204776354299199,-0.20752300795287376,1.0990731806530132,0.22478230612033662,0.3064557450356436,1
2.103727988626192,1.9857002264141341,1.0599442669169992,-0.20930157137842698,2.5058300719370457,0
1.0297192293134416,0.7642006729563162,-0.8116506627312051,0.5390518684858642,0.6327531644770538,0
2.41851377182795,-1.1508467459980996,1.000073683595328,-0.8545639590310081,0.07514948296251289,0
-0.7824826210205704,-1.0280932868249195,0.28100105341226866,-0.3042202498565681,-0.3507017858010744,0
2.498723514083868,1.9901348389346065,-0.6318935711856776,4.014725680403114,-2.8396966905413223,0
1.341203823006471,-2.49477250487007,0.23679464453870364,-0.9949558652461228,0.37355974953215465,0
-1.5466034452117319,0.08507927047047442,-0.5953612110219806,0.5311256343320645,-0.8875245219927098,0
3.0471809274412607,-0.15510242114130998,0.04903979822608412,-0.6411825807729521,-0.3839052010090687,0
-1.1662249727138516,-3.245130685355853,-2.50051251440519,-0.3159075869337555,2.093774462959282,0
0.32928411816702696,1.859104411805132,-0.2981287891934255,0.5826631881854688,1.0084753113348697,0
1.2846125450794492,0.9567255570036599,1.5208722276508635,-0.06536877368123975,0.07682924902465484,1
-1.9078848918752271,-0.001954573664983979,1.618783176934073,0.31849500113356866,0.2701990253280219,0
-2.068650377732753,1.7983992654016343,-0.3585363624352216,-0.741998760613499,-0.6822532465699541,1
-0.8567911566363026,-0.4004338828059323,-1.257479601470635,-0.19577721929093977,-0.8731565411783635,0
-3.1648695100323434,0.3333362748075867,-0.3675724093135247,-0.0549053865360496,-1.6333306326492802,1
1.362369262151092,0.5989993205705053,-0.5865279623640473,-0.5082320075785781,-1.1316086162981078,0
-1.516909173607985,-0.641122050887646,-1.231264579785362,-0.5072767545696527,1.0606029902374954,0
-2.601470711244617,0.528864194608347,0.9889135553078773,-0.22582826195805658,1.2607787647905078,1
2.6042171684278403,1.1031812347560495,1.7103803363087462,0.500496916192532,0.012173996304320308,0
-2.43809898221937,0.3418982127027887,-0.25390107032291687,0.10174753543134588,-0.7355224832601086,1
1.0607728971297152,0.6127308795491073,0.1855783373562697,-0.8668771909357545,-0.4599455552111772,0
-0.6686885584918897,1.7442958480486785,-0.35849670987091103,-0.4261140061250029,-2.0798846611917403,0
3.584781050521847,-0.4886492296391167,0.2558542251915593,-0.09285102336459218,0.7489926448310079,0
-2.7648975243919924,1.5393989623483881,0.12178620682534722,0.9481944139097376,-0.6220145065014637,0
4.3302820579073495,-0.717353263033797,2.078107098172249,-0.9202294211423189,0.08589902202907254,1
-0.7538736021303389,2.3534532943906794,1.5198302375228503,0.65792706389514,0.13734789389953792,1
-0.8682512795629523,0.8025853402122543,0.6863773445547291,0.8116682930054502,-0.06781096327442436,0
2.7458979635892,0.18639416923101915,-0.25125887955219106,0.7883039391934429,1.3226265315005303,0
-2.631978643695962,-0.5313565685951888,-0.11951432799064012,-0.6851253671360541,0.054438631382633725,0
0.29496492128229906,2.3110225397012316,-0.2310215119485459,0.12091377092710356,0.8620283805026941,0
-0.2832433428352289,1.2125073032374216,0.210479871530457,0.027402749235568794,0.7826471408134905,0
-0.8986277105415033,-0.7232993822071663,0.8658657398189616,0.0786066521231824,0.41779071715558536,0
-0.18902262378343837,0.8439899789661025,1.0720981208628346,0.23579876756742324,-1.0747008333830768,0
1.485007740208121,1.349748445799921,0.8948760288004567,-0.25509196467554235,-0.056065712038035766,0
1.8251804648382466,-0.06345232315718405,1.8649134264978184,-1.3127101399168593,-0.06953807262641513,1
-1.5613744036659123,1.3889771362865524,-3.911663616615191,0.6715669777069742,0.4179967038283581,0
0.6910781594913126,-1.2494689113595816,-1.2250730681503708,0.20832595231417889,0.9990926270003232,0
-2.550201863075233,-0.7005897935811733,0.6976448432139676,-0.5376279050699818,-0.6691313613570684,1
-1.2001727341801702,1.027050160691777,0.27067845894217113,0.6610535515874845,0.15259785937653927,0
-2.710856570159031,1.260317557305502,1.141265463634858,0.3053854193507859,0.16072121885800222,1
1.0958585043650237,1.2550640984215602,-1.3034574566420953,-0.0026936281642334033,-1.173633810927192,0
-1.5130989885938466,1.138650992758996,1.5312326958210662,0.040650062462028104,-0.823590759781275,0
-2.6193336638303717,0.8106681607679079,0.08695770330445472,-0.7451568170819782,-0.05339364834587139,0
-1.9661596567903696,1.0680937836065318,0.38335488900406434,-0.6290511591248661,-0.524230161567596,0
-1.0348987850166158,-1.3271291081929548,-0.9636949601388255,-0.39972189908954847,1.1339543540733317,1
-1.2167065661413363,-1.5259538065429044,1.6000689737686584,-0.32710109934795323,-0.10974791730628954,0
1.370121219859734,-0.13876502685583003,-1.0970907773785055,1.0184552610054682,0.6081472161205312,0
-1.1279194227725342,-1.3677731274724474,2.4948362544493787,0.3696983559265847,1.6177018415899405,0
1.874311728941582,-0.8020560653156562,0.05805955504998085,0.11353214438368603,-0.1387708138393272,0
0.24654377078968612,1.3934314152591563,-0.2580486499411471,-0.7024434792775738,-1.358587634231187,0
-2.34862390513595,-0.3543058632734526,-0.6990583092210327,-0.14401957308575208,0.3262015102049015,0
-1.7300480979487003,-0.48417792447634417,-0.5051655780510228,0.31990794009435175,1.6177477833599676,1
-0.40273142126615313,-0.6937197117069023,0.3104753147515638,-0.5696223238240951,-0.41575752429524643,0
1.829494200249128,0.11201032882254633,-0.35406690076160696,-0.8982169509837336,-0.24444721284040474,0
3.4888277802353467,0.8184149158550621,-0.9129727249539737,-0.5837953759310065,0.8840038792845518,0
1.7953201275923252,0.8420740521029483,-0.7110978162552539,-1.5183215108601436,0.28404158739714047,0
-2.5311468257929852,1.2983676946465126,0.035012327368133526,0.34566451058951775,0.7999744096858596,1
-0.6871998581456776,1.559018272054222,0.9079073465466216,0.45908626486630966,-0.13816673617204123,0
2.8243663370206833,-1.3256370591265494,-0.241523103257577,-0.5487803590162913,-0.16187655244216798,1
-1.0931780937048543,-2.4697587000992476,1.585223975161933,0.3311119167245972,-0.20123881967403437,0
-0.6894668678888229,-2.438771510356241,-0.21828936385115566,-0.1113428113761482,-0.14271240938184443,0
1.4747665540199977,0.019297782387701346,0.7327863800305167,-0.20556272449415594,0.10922012494442924,0
-1.3250256814192887,0.7056355753128474,-0.5796222629264809,-0.028770921658032845,-0.2306654187458838,0
-0.9460612457273994,-1.0290600438911632,1.4662744927211744,0.6452303195342081,-0.6215016054788475,0
0.5851785777772347,1.4737340553536817,2.155249901218578,1.3288959892724743,1.1984495139622935,0
0.5885755407423003,3.4989623728326205,0.5697369053205147,-1.4391355252340836,-1.4728237314019623,0
-2.474740703451111,1.1816860022529991,0.13669217199461603,-0.6553652123413358,0.5867938296851363,0
4.0845759577493785,-0.9040005638017101,-0.5396798407484974,-0.5649282471377578,-0.03848059869778341,0
-0.6131599907578854,-0.3472511847221416,-1.0878637997814822,0.5366593846463312,-1.1178709020476962,0
1.3381738835292574,0.7048988896074494,-0.6862485023667763,0.406315339217935,-0.013648781149440958,0
-0.768968267958036,-0.6338080073280385,-0.33186439397142864,0.24888102446901705,-0.458018682676518,0
0.7839138882856196,1.6143224791451365,-1.539287269011355,-0.8752739544198417,-0.9510581546513293,0
2.144708329635406,1.3487046058802914,-0.266234673329808,0.8707343476004745,0.6959932597396545,0
1.327586471158923,0.7030390271807059,0.9174996348300375,-0.5057515521359923,0.7343829983741307,0
-2.2249608004518473,0.9349623006861573,0.27302226356360776,-0.5576757839664123,-0.660984953974879,0
0.24654377078968612,1.3934314152591563,-0.2580486499411471,-0.7024434792775738,-1.358587634231187,0
0.4308166706482877,-0.3650122934532251,0.05978405706737577,-1.3120136346494768,-1.722338126224241,1
2.228263296961157,0.5251310889783121,0.9118097808724587,-0.45160934775259803,0.2317002020045926,0
-1.1687612763671846,-1.2474540766957722,0.6435853589733674,0.7128296670281089,0.6162316029009325,0
-0.7216668376044353,-0.1599243503385433,-1.2037657119124672,0.6074869251986446,-0.13585684290188427,0
1.897839122699519,-1.0712751781685836,-0.6995036635264943,-0.9465423946606679,-1.073558412046059,0
0.9863728970551787,-0.4433676758251903,0.8194553300561302,-0.6840874588337069,0.24460339831165154,0
2.1895009921481914,0.7856983385135896,0.03537144538326304,-0.915052598032486,0.13389107090103525,0
-1.391572387634578,-0.8058029956216602,0.4226320738671794,-0.15261478297644063,-0.3116200529368343,0
1.3709561061960795,0.832584025985475,0.5824563758822664,0.3644457542340323,0.5258381435736245,0
-1.5736086666462192,1.3550298763173374,0.0796860859454862,-0.5173547180526332,-0.7644282958997419,0
-0.03395015005842455,0.7254727777630361,0.3927433489641892,-0.4212821215296182,-1.6914956580488092,0
0.3094413681641812,0.5988122518697114,0.6818788925379513,1.5154224271779424,-1.773311434989295,0
0.4855171091592506,1.4906566515625264,1.3636919108871954,0.7311341313793008,-0.20582761658991777,0
-1.1584791344796925,-1.1568286248440733,0.10351750072941124,4.143597915844464,-1.759210209092637,0
-0.7748118042256298,0.4607580331428482,-0.8642372961431847,-0.3283445245818076,-0.08331369148069068,1
-0.9004719031700358,-2.943071865688257,-0.4578202743413374,0.22999680004891712,-1.4829638207925941,0
2.433696934350578,-0.8915071405388996,0.48150285888114147,0.12147768827076379,0.3373725881403954,0
-1.9015787507064945,0.1135859484515564,0.5539053430222605,0.11267293772844805,0.6960723864570988,0
-1.3968082988454942,0.5285996113492164,0.09289467825483266,-1.2612121228927387,0.6346519210219929,1
-0.5024173549960342,-1.8677379959639502,0.2015198571092108,0.0752670321983845,-0.5654928359011233,0
-1.9916344109817525,0.16543995499440867,0.7974717972581573,-0.47222569834978334,-0.33375632288261076,0
-1.316875473032619,-0.07360878165469707,0.5755250563150921,-0.2042070790228379,-0.4958508453852249,0
-1.6618940519054384,-0.37509656302283345,1.1778361276436204,0.594870068247077,1.8418564957465402,1
2.7933078717685715,-1.2973710857487761,1.0762145626808763,-0.31155720447368607,0.29221103463234577,0
-1.8032306186629383,0.7349470852986637,-1.1366744299303735,0.8445097887774683,3.0307561481361867,0
2.1813275441574764,0.46468620067590033,-0.6998788316358616,-0.9845924441600457,-1.2717500606201397,0
-1.6861624920604683,2.8821292483823364,1.012374545391254,1.3336358389886347,0.17062323157073453,0
1.1055185549091584,-0.3032338221070803,-1.3581403388169588,-0.41805720482479936,-0.46428317384697065,0
1.5384043984916598,2.1716684284324064,1.8606178671597868,0.588349102478189,0.5427950663194049,0
1.8275862288047466,-1.3758216724787165,0.4237022584370515,0.9953959833133897,-1.5311363805966218,0
1.9935092537829266,0.4891573573518857,0.1111591596161882,-0.6566472454990907,0.7159774856703395,0
-2.2723243831082516,0.68435565715464,-0.0357576459337447,0.5606032096490609,0.46539279655779936,1
-3.4441057721604613,-0.6790044043528833,0.5839304150773211,-0.44871080867967206,-0.7367020700122123,1
2.4124077650518028,1.0640181885830167,-0.9733937083160609,0.06155378386833299,0.17437796770719394,0
0.5084177023741648,0.4388265439535775,1.71701137454899,1.7411415441545028,0.8144305824586648,0
-1.9154000980680452,-1.038385590821808,0.6054328491430456,-1.049368207640102,-0.46323337806150566,0
1.7022389381486,-1.5188882900577128,1.6463397609738886,0.5353982588049787,1.7409963350036162,0
-1.1778320804420057,-0.9268743091337004,0.10011929863097158,-1.3176956050686286,-0.07633909964093369,1
-1.1171902512771439,1.2391066037903458,0.495867484684637,-1.4957941034261322,0.05523186432287057,0
3.4731938574810033,0.7428830035277973,0.1009682012959617,-0.2691089105656787,1.603550085945215,0
-0.6797922317061161,0.048777981999043096,-2.120045624697748,0.8703293875861967,-1.169059665316538,0
3.5319053180248594,-0.9401815952808993,-0.593689431337502,0.12982577593781613,1.2112440945714162,0
-1.3964835125401025,0.06320003958133849,0.4676484883355877,-0.30120041175850687,1.7901909491151564,1
-0.960373246718173,-0.5140667233275389,-0.17704254675959563,-0.7687425110448102,-0.22600474645672075,0
4.121637262340467,-1.1825185594814835,0.682629677363093,-0.6144594373092027,0.7794378614198968,0
-0.21227452487436466,0.8513575256292389,-0.5981888061034251,-0.009628336199212419,-0.3024212958536998,0
-0.5570046200698083,-0.323505998444635,-1.889366207734749,1.2665168213060798,0.5647290762054006,0
-1.5941746429514327,-1.0621854085986964,-0.8105737363285668,0.4656826929125674,-0.4695059817456387,0
-2.136311406453504,-0.8758056106880375,-0.9502149843162423,0.34130932917906376,-0.05382393545883563,0
2.0634294608340213,-0.41081449664941255,-0.8050685481796372,0.9288224380298625,1.6306908083013185,0
-1.3011282198511918,-0.9909068516715356,-1.535105687377885,-1.0328286892866276,0.7158981276977983,0
-0.9453763274935278,-0.37500401970030445,1.251034083503076,0.42855948329558274,0.5177705350135012,0
-1.5284282576112829,1.2902840155722648,0.9131892496292382,0.421440018667451,-1.5920802106408496,0
1.7149164932568532,1.8333866011900062,-0.49612432718602706,-0.8022912137612552,-0.7007229315910091,0
-0.1442752108902289,-0.446600718944925,-1.4901318167803392,-0.08661464154905482,-0.19772317159066585,0
0.13972390315153269,-0.6222294755929706,-0.49461407473828,-0.6788557201459623,-2.177293243462748,0
-0.08805584959538579,-1.709202715012223,0.22416255430384127,-0.4782265382687968,1.1346573701661244,1
1.3231297835592437,0.6720579632486336,-0.4236542444434805,-0.5878360987818415,0.259346666012761,0
-0.8604415691844353,-0.2614195840881225,0.40327517008077457,-0.6581342606921897,-0.43842800067163107,0
1.6468420952752383,0.7909308744452349,0.2988543550608398,-0.3927076209256449,-0.2937664947951284,0
2.9550457069545546,-0.813633670128528,0.561122548696329,-0.6006574225809563,0.09598492976333706,0
1.9887692276182574,1.0689374653808714,0.5522596367446003,-0.6310491639938853,0.6771942183228304,0
0.9106129126586006,0.460506457448906,0.013048248640571115,-1.3343613377299854,-1.1975416690014318,0
1.5423456245897011,0.14587127742147998,-0.265788292975248,-1.7810077466745036,-0.5967918642327704,0
-2.505982854249622,2.151526320952837,-1.4696371472171104,0.7604658227077785,-1.1971985992513046,0
1.5170094725011765,0.9197297562131602,-0.6636304393810895,-1.163030049075048,-1.138931148397304,0
1.5932720614893974,1.246250912706509,-1.1864391244182684,-0.934952199517596,-1.5446411064434027,0
1.7015846476950023,0.5363337599966976,-0.10618655852106673,-0.07515879103860203,-0.11648303964061109,0
2.38762635178324,0.3399647932349734,-1.224406677648832,4.297724063579368,-2.009971442877895,0
-0.5788168405206087,2.1866804272946774,2.003787948398226,1.857564126519794,0.007574773591639847,0
-1.0089180947883738,0.3881541831481072,-4.602441702427873,1.6039307650837937,0.5171071607911204,0
-0.9223264528302649,-0.5445273340157507,0.6457158859184327,0.5155960576540222,0.013199466823943034,0
-1.485982634439638,-1.1783209194505138,1.511925997688374,0.9388015369819711,0.3564963163166999,0
-1.330035442501629,0.012433898729122895,0.3587364016624187,-0.27338033587940525,1.4828063782006506,1
-1.3260962541942172,-2.3588385179645073,-0.4807185371057002,-1.2567736187654481,0.17421002802624386,0
-0.2755402302730841,0.8629475523350051,-0.09361037478253077,-0.988370190778145,-0.9964897939420707,0
-1.0224604291147268,1.6035544194088251,0.4171966356883835,0.9120413958644673,-0.2974593778337029,1
-1.2107420601388938,1.8608718721301456,-1.070102216133037,-0.7609269172106731,-0.21453583832892378,0
-0.14377842209534827,0.682788843052477,0.10215845607006374,0.9513298607214308,0.5940940470963131,0
1.3630327143192786,1.1986351425702313,0.5915282254582709,0.16544857311521002,-0.13929999488490366,0
-1.6029588143252733,0.9343386800667048,0.5183914695133037,0.7734096566002995,1.0291061627318396,1
3.152326881816196,1.1908606761765788,0.7476703751140782,-0.9507953764098696,0.8592081458465572,0
0.5063135501373619,-1.3660859862307562,2.0539891516454705,-0.20111989324505838,-0.48862117979358205,0
0.30613238184745933,0.17299334496109067,0.4605545144222076,0.24646893534007763,-0.15920898792279475,1
2.012850223743192,-1.2147747539212956,0.7561378262318441,0.052095942131348945,0.9213491118051894,1
-1.1297424601442445,0.5898807697695735,0.787949866093796,-1.0166538453441338,-0.11533248908872569,0
-3.724817416054835,-1.5414725543678671,-0.2798324851367622,-0.7352644248251067,-1.0617170705187349,0
-1.1065945946664415,0.49056858054554586,1.2289948437833749,-0.011822053544556982,-0.6993980825176762,0
-2.502577675077897,-0.448994036740055,-0.6838564365502118,-0.7210843741844585,0.3857217475874588,0
3.2072770498257896,1.2899054593071313,1.5926443580677119,-0.14897044422403852,0.8064561542251486,0
0.8172799361323162,1.2035412149395095,1.8643723283030162,-1.2274315210321616,1.496331197652689,1
-0.8194815021261576,-0.4951049484082242,-1.7329300348618564,-0.08419774144471309,0.37181568573704304,0
-1.1606343691312675,0.5038731912756675,-0.29784432665895727,0.41757739951195333,0.28399985128383454,0
2.6442734236200063,1.2935291688805306,0.36967444148302064,0.17030102547522313,0.32865230870303214,0
2.4250450748287102,0.2174507301058932,0.4060856358838449,-0.09672325074833472,0.2491422070762828,0
2.237837314884749,1.167330571489334,-0.7946977212555502,-1.1235105234032277,-0.08915216231502554,0
2.5760857110927162,-1.61339762869793,0.1534875971444794,-1.0662686113483737,1.1699239227899927,0
-2.696839472023085,0.4496969990705011,0.639570736684418,-0.5252267378548379,-0.554990501340709,0
1.978567238808307,-0.20914531471865205,0.6561736172620357,-0.6995172278037277,0.6265909680330374,0
1.2223213032008997,1.9312325116916043,0.6317057886360611,0.7784670801576298,0.04978383109776958,0
1.4553740881085988,0.0996801784683076,-0.001956385457769315,-0.4230224587075617,-0.469980619059279,0
-0.21203340051852973,-2.2079646803301247,1.2494853598441371,0.8783620615074184,-0.27554094243882615,0
-1.744640728052685,-0.44367364622723937,0.005614159454263716,-0.354294598087656,0.0417141199966963,0
-2.4392056623572618,0.2819644022166734,0.28142097679601935,-0.14433624967841607,0.2933268359660546,0
1.5165204115438273,0.7914521509431122,-0.19121581020438697,-0.35854499215529284,0.18648240860171197,0
0.6642198291144576,0.7944679033242874,-1.73967791013735,-0.8883428074683503,-0.47652695386812555,0
6.065591716640824,-0.5730407269808157,-2.672818712402263,-1.4501665246529887,-0.4644892876176604,0
-1.2317418292480038,-0.5051871430776,-0.22523582652753352,1.4112300993067721,-0.2594929336443775,0
12.704152522381458,-0.08734742988275764,-6.722120078412871,0.8246827110538748,3.948635431947296,0
1.6224249530741348,0.8756658227752889,-0.3370210200281724,-1.547788638694128,-0.08749221889727522,0
-2.4582781218519347,-0.012161251714371999,-0.096897248695135,-0.6880281864843584,1.0073312667929295,0
2.4632727325436496,1.0128865527844686,1.0975248796144024,-0.3807346018883872,-0.0265683495780626,0
-2.5100450292920407,-0.16703933960582146,-0.6162506323254155,-0.279472504543219,0.7946969883064854,1
-1.195933583902704,-1.3747133635224846,0.39712872948099986,0.1276319871819041,-0.5048911279341096,1
-1.3922262465295718,1.8267903494210775,0.26027672696787635,0.1332245999731205,1.0152767874958153,1
-2.6677192158667493,0.42858940629287295,0.010308733637005005,-0.6928444393575867,0.29511419002691097,1
-2.956552111348058,1.657570798206214,-2.9225719248856326,-0.5829804021941251,1.3261643646622527,0
0.8804774779182651,-1.0856726908328955,0.37665903050970323,-2.1190476570198604,0.5405936354108585,0
0.023623290643485458,-0.45186396375760246,-1.7512655801610784,-0.7167337193313624,1.9034343361039714,1
-1.7405225046815225,-0.45004601669950534,1.31085091613731,0.9882067611292827,1.1703948703018079,1
-1.347916441507234,1.7118993988491358,1.971132810194716,0.2805150974589376,1.5252615702546508,1
-2.8344501859839357,-1.5288013282841753,-0.1332748281065531,0.2376064135338084,-0.014824511095570094,0
-1.1650868087551083,1.1185996147723098,0.19715720475074716,-0.211059321639757,-0.2334004714224847,1
-2.1053766520521924,-0.5840570673073043,-3.116483834798304,-0.5903097789476169,0.3681996832394384,0
0.1482969856089607,-0.5246059883060854,-0.06190973045785611,-0.6486667297483469,0.31827165856806455,1
-0.7727194824633129,-2.3196496583934154,-0.18352274239278282,1.6690578412667936,-1.4004030060174735,0
0.14606833783652348,1.0970749994231934,1.3429222110623638,0.503196016917438,-0.13043008166717424,0
-1.4705062759517193,-0.6153505246507425,0.45050944406893095,0.218986411457542,-0.4745323256289958,1
-0.1283978648731927,-1.0493558834697774,0.008673368788194528,-0.5003109396779264,-1.2255915413474117,1
2.344134607815591,-1.0029204907573521,-1.6889057696437715,-0.3579719273536584,-0.7928998084689172,0
-0.7565884444153481,-2.7123621406204093,-0.7934252722733575,0.2606756134850194,0.07095992405432025,0
0.6147122227205982,-2.102421538027069,0.4050080130151535,6.13878433404949,-1.75417006302699,0
-0.3265977942913734,-0.9933349907913066,0.7073336724163719,-0.14238521275710933,-0.14327630516876297,0
3.3433568454374036,-0.2357215787097116,0.17865625139038496,-0.6810149121314963,0.6578770309580563,0
1.0093580826477835,-0.557239890484649,0.3976726349982393,0.8611125178152468,-0.06537183962221009,0
1.929488668259464,1.0800734760351707,0.8866032667011268,-0.46555887633215404,-1.1626660388708772,0
1.2122217781616782,-0.5255639490419606,1.5820159973671173,0.2927536863873973,1.9275629822628415,0
1.595589402662703,0.6663463211426572,0.3160344227811945,-0.35579994523474356,0.6817573223367502,0
-1.8855615831790535,0.5190090865500374,1.7523625951528723,0.4986571000858964,-0.16023543958381722,0
3.0308179217113773,-0.6570929196350566,-0.4413414362668564,-1.0710427345612237,-0.4968126767276241,1
0.13438416131179678,-0.16198785911547228,2.2789558714682823,2.3393396117513987,1.199678611636574,0
0.2678642029492181,-0.45429949821520904,0.6129571772375133,1.7806797539636134,1.357053437681742,0
1.3120231778555032,0.839337949440567,2.274187498243912,-0.3790874218466624,0.5779589837530903,1
0.09055041954958322,-0.504205156298168,0.8295476945444125,-1.6218317228348655,-0.4452634168644193,0
-1.8645702754495614,-1.2111318936698479,0.6991532271302958,0.877435410878388,-0.4867491045509965,0
-0.8609226102653037,1.3323928042255169,1.6784090854540086,-1.20039508781453,-0.5996505405925473,0
-0.010496663919148524,2.00193206385174,-2.058938903048386,0.1133555536143394,0.2812279752171894,0
1.7623629814679613,-2.7933739801611006,-0.19228031674861024,-0.6711705296578785,0.09034462535380437,0
-1.8116735196754965,-1.6101841764091214,-0.5104046571905119,0.28149619757241723,-0.4094105489990599,0
1.8250576660417939,-0.7194145447899113,1.0387088651018361,-0.5622705887586612,-0.588339333709283,0
1.2138708145930452,-0.6833002471354838,0.2919285865213228,-0.3623199297279899,-1.6861224815712088,0
-0.23567885412388898,-0.5924633692413878,-0.9900126825940745,-0.8595211896112398,0.18045369134930278,1
-1.5136489083159819,1.9399985794590033,1.1369911569680051,0.4925426664400899,-0.46340716241686075,1
-0.6527744487929947,-0.10296692510659959,0.6341440230297557,-0.9505486480219459,-1.2654477452869453,0
1.423720592213704,-1.4827691045187759,-0.8241693161365156,-1.2850923726962988,-1.3898224482164216,0
-1.9862350774543285,0.35916699993810325,-1.1041530642836472,-0.5152782821154387,-1.2543099803518476,0
-1.75148161097749,-0.5847336863323924,-1.1102574761561668,0.2534288039011625,0.48695920463363457,0
2.662743477961325,-0.6894573914253618,-1.5053698041770955,0.8930519921924347,-1.7010238441231114,0
1.3211066242542735,-0.577913687321501,-2.5555128181790963,2.2306513427143018,-1.3096369985225025,0
1.0171699427272896,0.28614884608646995,-1.6734075867950498,-0.3966583720440414,-0.7065949016189732,0
-2.619612587238821,-0.2292876480941487,-1.8874769907329263,1.1572098744141082,3.1004606295049526,0
-1.9348848636013694,0.4294252770459104,-0.3266078097680283,-0.8647604190663295,1.0186020770890913,1
-1.0441925119219233,0.8564621526438561,0.3533086875424885,0.9850316361742136,-0.5614609205345977,0
1.2788150610846374,0.6771473546706996,-0.7506483292637234,0.051498380225614364,0.43780980129062724,0
0.9529071259919005,1.120198283116755,-0.15307709531698752,-0.04077794283594458,0.9859955143698576,0
-1.792417210010182,-1.5531662981905745,0.7439440272330267,-1.8873949593423396,0.2628134185705553,0
0.07001816573779181,-1.6850917532964649,0.6691743270617375,0.08748311877594396,0.19490089773105404,0
2.172828782182453,1.0015521106349745,-2.119651462260235,0.3917052167282291,1.5756300992355554,0
-0.706579213834006,-0.2888236572555298,-0.116930744441885,0.016955766426619664,1.16040963459293,0
0.9777278655708928,1.189192739648638,-0.8923622626783805,-0.6207461710798988,-0.3500312078536298,0
3.1029389681259274,1.2714164155983758,-1.6023196527276846,-0.5230670087932491,-0.24471679766617846,0
1.4761653366754635,1.3705545278797215,0.9518524319791523,-0.014070729440281792,-0.284079829379949,0
-0.638680924139662,1.3862326093683892,-0.15569627824493548,-0.4291485537843977,-0.41661840695420055,1
2.207187283501827,0.8170497283411534,-1.4162538904165252,-1.0973999948522417,1.1799431601112256,0
-2.9266129352426007,0.880315233676547,0.6415488555749794,-0.7650821875890227,-1.2730218823904742,0
-0.7953127783898853,-0.26973570712967854,0.3736190531489375,1.5969573386408795,1.0841603041617018,1
3.1055591690761752,1.512288667469956,-0.1529796505916431,-0.23208246222116305,1.6691922055639168,0
1.1800064198574898,1.504176442932822,-0.8630123198773596,-0.9939001928776124,-0.8570176923902131,0
0.3116769664087678,2.199298718291575,-0.15597860844406197,0.11699316904098243,0.6953352214692956,0
-0.9376173454105868,1.2221460870069853,1.6060202070799232,1.5878034891964006,0.1787887442651405,0
-1.6017526152530253,-1.8433071739462126,-1.4199058824301827,-1.2032832169338785,1.5643945914630257,0
1.9321212544826356,1.2057772124077193,2.112132423180479,-0.056722525578899806,0.029815252845771866,1
0.29514020977496463,-0.8338476790037049,-0.537271700784466,2.0030027677127316,-0.7134681151731338,0
2.0872767124176588,0.30989068635287564,0.1430734815836662,-0.12534679863020826,0.5928884311965087,0
-1.2964999738553236,-1.7499725605061844,1.973125846019595,1.8938653749181715,3.394049973550039,0
-1.9951920341400389,0.8778455850513752,0.5043313075543985,0.18538736044979193,-0.6491207232869484,0
-2.7189083392654982,-0.19051538425492115,0.635287900022879,0.7265931852298972,0.9698456414070166,0
-1.9961381921742782,-0.4779868690284351,-0.27587892001407177,-0.5281013259046882,-0.9024460365332757,0
-0.14316292175064704,-1.107528611486419,-0.5334364918774963,0.14250928565625232,-0.7191616879076459,0
0.17880885527222432,1.2361786026872288,3.5777707580065554,1.693836315506836,0.715714916705979,1
2.2155172705052824,0.45032554992116014,-0.5479012892908732,-1.1304539369638897,-1.1741582101490304,0
3.085052279824796,0.20495748881953407,-0.675906294515706,-1.046335875997813,-0.4339572616454644,1
1.2846125450794492,0.9567255570036599,1.5208722276508635,-0.06536877368123975,0.07682924902465484,1
-0.8028371437219791,0.8419652192683404,0.3950180187557247,0.18019526081692686,-0.18718413460289343,0
-0.6018023291472712,0.7719478463313904,2.8904918100475463,0.17692801311502868,0.4359863408068302,1
3.327463028615161,0.0887243784532067,0.04565645682469057,-0.7490018658467725,-0.38320519778476286,1
2.360312983537343,-3.022648446043557,-0.4389262809002176,0.20157182411726832,0.20773115014528165,0
1.9845069338800612,-0.13931339331611864,0.48160727913228296,-0.6744727760707683,-0.9658766697677428,0
0.2304373015595058,-0.9858660981011517,0.07605297970343734,-1.733794775521586,0.8389859668634347,0
0.42670539709950067,-3.689959981399061,2.153358208222437,0.3884641016126233,-0.23568278890639327,0
0.5401384782072559,-1.5903295890968077,0.09895791334229018,0.006302718628207252,-0.26079550729251505,0
-0.8723589199519045,-0.4520226526791724,0.028488713435432547,-0.1639558742794094,-0.3172541382956142,0
-0.7254224927249789,-1.1001311038977235,-0.7367543814099555,-1.7059389916328944,-0.4272505302760658,0
-1.114098753028596,2.8034324237556665,0.717479939385976,0.00966886362266761,-1.0243296121925756,0
-1.155781644263339,-0.6571531344176662,-1.9638461725244587,0.4841607897158722,-0.6637745186735511,0
-0.801834735049724,-1.178475910386632,0.40558646552669303,0.14374149450037593,0.3799933929233708,0
0.1977015841358112,-0.22063312041838162,-0.4240908292972988,-0.9171980096402575,-0.7426656153715366,1
1.3934194325745362,1.9028620338887794,-1.0318899012215523,-1.0855306993259788,-1.1021561767758346,0
2.6546765311804026,1.0857828259252404,-1.2318556665942975,0.024916931607358937,0.37138845406379667,0
0.7202989683421482,0.9339798741532879,0.8718923725901655,-0.3993005689404872,-0.08348326951717389,0
-2.0045970586478723,-1.3418487313739085,1.1609845887039791,0.15455357932347374,-0.6755862138487586,0
3.1129087447880397,-1.682048839652763,1.3887250677279557,-0.8718087465397945,-0.4792881881434895,0
-2.545090490140706,-0.0172406271206929,1.268150570849748,0.944658353977266,0.606489493062927,1
2.773971194716141,-0.6124001133664091,-0.36493572464662694,-0.4023506810983064,-0.2219144101174127,1
0.8136450286984988,1.0145200838046726,-0.27806801924822055,-1.6366784599543935,-0.9017383402255928,0
-0.9309952442396213,-1.794491755231031,0.7218618582275719,-0.01600281695059959,-0.5442585475363598,1
-0.057652512067695595,0.6948851431434908,0.35302663847722604,0.9520360496047252,-0.5832827508124308,0
-0.6663207327394005,-0.2809616422078387,-1.234451181392898,0.0339920191224417,-0.35494625504393146,0
-1.4512625155467538,-0.3234051015742015,0.6152775103609489,-0.10732822239246054,1.3124096618035268,1
-2.1984015974170963,0.5062218240510098,1.8718272470158468,-0.006103941720822114,0.781862689501176,0
-0.6382454702335051,-0.884886635627933,1.5290012380454976,0.39215373132913944,0.7535322697542723,0
1.7240413207964465,3.1738069541490894,-0.9730157099484306,3.0848921980549786,0.4815629527183123,0
-1.9108874249745793,-1.19986650300992,0.24611757711162835,-0.28411273574764306,-1.090311159559742,0
-2.005771702539886,0.16872454160699402,0.5725348742120445,0.5962728993118002,0.23555066829403298,0
-1.6644552973050446,-0.8904085265323309,1.3085343797947673,-0.10677271229165516,-0.14280743874134474,0
