PC1,PC2,PC3,PC4,PC5,multiclass
1.807950513390524,0.6835486324102071,0.7167013076760829,-0.3562574291329237,-0.12539670871565492,1
1.7022389381485947,-1.518888290057719,1.646339760973889,0.5353982588050216,1.740996335003555,1
-0.2645341947020639,-0.0717750980641416,-0.4906527146271731,0.041524918483879576,-0.6870107271644029,1
-0.15157422713476004,0.14444600110438685,-0.7789310425751823,0.37444842698776004,-0.08151375103470657,1
-2.016066852093162,0.06184156811735411,0.30227513852741567,-0.1400255693871366,-1.9171983066714726,0
-0.3338490542833778,-0.5119014618429787,0.753468729088042,-1.3910878472764576,0.20535231006007604,1
-1.1297424601442458,0.5898807697695732,0.787949866093812,-1.0166538453441296,-0.11533248908877423,1
-3.628913607393196,-0.20659084531570465,-0.35109601471819285,1.1839661799381154,2.0309220164666755,1
-1.7673734535508825,-0.3534706561382204,-1.4878701758047421,0.0722821048944286,0.7233892556886015,2
-2.4475292326996403,-0.23485412075660891,-0.08023159356349994,-0.45605293318724494,-1.510060491216441,1
-0.6797922317061136,0.04877798199904923,-2.1200456246977497,0.8703293875861615,-1.1690596653165348,0
3.1298192514305962,0.47389292837636915,1.2609263668069781,-0.1276647710630333,-0.6095279640634943,1
3.3419090225964445,1.3215354556332606,-0.6751031715425783,-1.7056638559602826,-0.2680884735624309,1
-1.0407426913611104,-0.31835905285988975,-0.02223853616134426,0.9054248277879314,0.41588016974715825,1
-1.1167995926642271,-0.20855432845422064,0.9577349773936275,-0.007585453643978655,-0.4253260787824509,1
-3.8186566921788025,1.960670577916753,-1.186012452567652,0.06869425262054486,0.02629981403137369,1
0.25612906785695877,-0.7778046421634082,-1.1645425794510358,0.9981066577422782,-0.37464589682153404,0
3.1733899689385527,-0.5017285668130497,0.3144673083452193,0.6638973742040504,0.14713607484921679,0
-1.812546718542194,2.866573209900617,-3.275251156593517,1.5844625198473523,-0.9502580640087674,0
2.5115428881263604,0.430445908420151,-1.2113453079392742,-0.4838989988528361,-0.2590110774197448,0
2.0286145976519454,-0.7708967205311569,1.2770803105789745,-0.3082870371231727,0.6164815871852659,1
-3.1864771810302623,-0.5462492156116515,-0.7675176524554422,0.05060757368739336,0.6330748922530268,1
-2.5991665545209326,1.4574401912131891,0.21578864593042513,-0.7350454390562896,0.46232880085828465,1
-0.9748467797853176,-3.543090835217336,-0.18520177242284414,-0.9039349482805236,-0.6438497921513021,0
-0.7419436276860714,1.447482863025673,-0.23169254045484072,0.4382863237353277,-0.6572661517163095,1
-0.9291886130156577,0.3084778583796899,-0.4814939702756768,-1.3863959639278363,-0.28449632409128084,1
0.8307907001156601,0.5904441348226847,2.0559665292736686,0.7803734677250225,1.2998846047620387,1
-0.5588840420156612,-1.705086953256619,1.2034927224094178,0.38129294416151305,0.8993033374852383,1
-0.30405344911960724,-0.35727142012386687,0.3691046264391949,-0.9162373512912966,0.07840198954016422,1
0.47802868778489593,0.6013814417299935,0.6144467976407794,0.5006316368907507,0.42005214723329454,1
1.8294942002491268,0.11201032882254831,-0.3540669007615912,-0.8982169509837363,-0.24444721284043822,0
2.103727988626189,1.9857002264141237,1.0599442669170118,-0.20930157137836303,2.5058300719369644,0
0.44511902299334455,-0.14436145913471773,-1.7281307804118453,-0.6475749421512078,2.303027305450031,1
-0.21807973446150608,0.41040457149203113,0.7484471449053408,-0.7330787868534879,-0.4493826791789061,1
-0.22587983596353797,0.20456247348205397,0.002176421232819204,0.21864051628469763,-0.03772742718034435,1
1.1125593942573886,1.884406089037451,0.8006969872867766,0.8562612562268217,0.3772973713961213,1
-0.8986277105415048,-0.7232993822071679,0.8658657398189592,0.07860665212319463,0.41779071715558336,1
-0.23520342674212302,0.5015258099481197,0.8494387584688387,0.027744856173108883,0.9686430423789165,1
1.3057213201354867,0.6948374398184328,-0.9586088895475863,0.9096594397150382,1.3476923403545065,0
2.4073870442394654,1.883348456806684,-2.093663215766077,-0.3815424927312771,2.5604833230227637,0
1.0497177269929885,-0.057203917270339605,-0.418933363393463,-1.3377310393768953,-2.2236212409298823,1
-0.9509965335396056,-1.2520899028134436,0.5307239578972632,0.534064047845263,0.2860230533392425,1
2.404003345078353,1.2996707675500039,-0.764543755997836,-1.0580885022979654,0.036245319619288716,1
-2.9890018640257887,0.5410607827419309,0.2823481416156843,-0.8548501622131278,-0.4076871337644634,1
-0.349661831235999,-1.4367915927482373,-1.2299429517999723,-1.7777228773370541,1.8790439621252712,2
1.9291459472521133,3.8652278895968735,2.3571653957346537,-0.7721563033798582,1.0772469633762065,0
1.4581952439801615,0.47821914813112554,-1.2456797553898271,-1.6137451867571102,-0.8852197380228513,1
-0.6462034472991335,-2.207956355123194,0.2902311812216247,0.22994021286775207,-0.19128609518296316,1
0.054588356228922885,1.8018091031285792,-0.3356521577536468,1.2706492763824841,-0.4116319121609057,0
1.5580212174858357,0.256093985333913,0.1650248983584277,-0.09681768074798396,0.0423154240767495,0
1.4209441611629017,-0.7865483283229545,0.18127999721933497,-0.46601732336240514,0.0686355103154455,1
-2.3072092894422203,-0.11903396956940174,1.0624935894608307,-1.3224188913212345,-0.1118712308640501,1
0.43081667064828894,-0.36501229345321956,0.05978405706738022,-1.312013634649514,-1.722338126224183,2
-0.898137381614439,2.7978535549660233,1.099523978744923,0.9386473615225467,2.3542869445124217,1
-1.958475982599907,0.5055797555676913,-0.9284992900219957,0.311230492321708,-0.459429999237183,1
-0.39118420607627763,-1.37064943062134,-0.7723246626847642,-0.4171608695235334,-1.1455204871021574,1
-2.9468941559091535,-0.2350423495235901,-0.2851704498424124,-0.7786340541721214,-0.673056508377057,1
-1.1167995926642271,-0.20855432845422064,0.9577349773936275,-0.007585453643978655,-0.4253260787824509,1
3.965017507865969,-0.6490017401828017,-0.7570829937164838,-0.9258688111019032,-0.09881375349325537,0
-0.5753117050873433,0.5380013149822845,-0.799644582328068,-1.2961787199589812,0.32465397641567295,1
-0.6275105771951298,0.10594066490198725,-1.1659128853203233,-1.117691384651284,-0.6823614778740222,1
-0.4812438767461659,1.7876787041660982,-0.012982405535059067,-1.0968901026088966,-1.3109671956275255,1
-2.562036921460238,0.7582690543149837,0.08681675594695377,0.05058374195380454,0.8259570635547105,1
-1.3657648330213286,0.2891251367559836,0.9506119002100131,0.47929741977310736,-0.21532217779467452,0
-1.4817083627183971,-1.5227353991049044,-0.07963359115163243,0.2832762362648278,1.5511203371943754,1
1.8978391226995193,-1.0712751781685799,-0.6995036635264962,-0.9465423946606956,-1.0735584120459776,1
3.080334228144536,-1.227465946823305,-0.45811520739387274,-0.7469077099181389,-0.6401636245935434,1
-0.18279737380913313,1.7480891599499715,0.2870799346900391,-0.23792597725267622,-1.1257107367145396,1
2.1468843860210893,0.00916518207183666,-1.814155956475878,0.1911511345456515,0.6942366120965956,0
-1.2366410437325406,1.8516011993854646,-0.4768873933941651,-0.1468472142470176,-0.5728772901042201,1
1.5622852377750869,-0.40265151778191755,-1.5155917587824306,-0.5901139855416865,-0.5354498237713237,0
-0.4162208044470426,-1.4052238175975367,-1.7422463221770303,-0.3464193432050184,-1.2382657945169655,1
0.2629259739427312,2.089312747451259,0.3930334463837043,-1.1128484320776015,0.08951625148948304,1
-1.6756238558935066,0.8245745440689256,1.974675521270735,-0.2657005642727049,1.0766785980260583,1
-0.650725205704319,-0.838008022459075,0.3767452944263377,-0.08847662182801531,-0.48917938826166923,1
0.18263851899506942,-0.6967846116994317,-0.9952641520772818,0.1607295292059541,-0.23448655380578087,0
3.965017507865969,-0.6490017401828017,-0.7570829937164838,-0.9258688111019032,-0.09881375349325537,0
-1.4995838048891492,-0.7810347569412294,1.7824344797176894,-0.4769942029060303,0.4172217154614091,1
0.6691768468997358,0.1508940108832376,-0.29896419618912223,0.21658166059326836,-1.8756960323487735,1
3.979005266796161,-0.08888512262041531,0.907946207542328,-0.37567552689938477,-0.3865863188253207,1
2.0634294608340182,-0.4108144966494178,-0.8050685481796496,0.9288224380298928,1.6306908083013432,1
2.318053307697065,0.01997007257921647,0.11658741475640422,-0.34166677023418723,0.46287667037983987,0
0.10137875354957628,-0.8014411905997282,0.603836244939275,1.2623709472019118,-0.13372906507026203,0
-1.037623059206735,4.210287637117632,1.9152246122407615,0.25955999525398094,-0.14435488686574915,1
2.986166605064987,-0.9348639065008542,0.022056476850905796,-0.29315576009286215,1.5134693146751097,0
1.814234093796437,-0.16589486953510946,0.6125695851413178,0.013329376282597758,0.5557049137208693,1
-1.9622060300482813,-0.20872004413920595,0.04518507639158319,-0.2120866473711371,1.4686784010840983,1
-1.0210399223137805,-1.0467506728010922,-0.8314681554081977,0.5241910130353309,-0.8283869870500855,0
-0.2445446691660213,-1.506599167677615,0.3961526630790743,-2.0434836800557146,0.17538021991102418,1
-2.1210670751683263,-1.4671364439049337,-0.8451908910510686,-0.05512575935696496,-1.0072949132644278,1
-1.294028863185262,-0.6117605179605505,0.39319286270600967,-0.5958656356126901,-0.5098675727391105,1
3.0346172878363,-0.6432181666591432,0.050088083371187614,-0.4291111470772492,-0.22817136750518632,1
-1.7924172100101827,-1.5531662981905727,0.743944027233048,-1.8873949593423247,0.2628134185705057,1
2.7081025826401546,0.091021124677112,-0.5016898948533294,-0.8258695740573136,-1.146537361866214,0
0.8485381226215989,0.5030558691132412,-0.5161745714313575,-1.6864670423768948,-0.49019037209247124,1
-1.4144630925754502,-0.04347656895849788,0.13148442978928776,0.059903133070422825,1.7010953336150778,1
3.4731938574810015,0.7428830035277905,0.10096820129595666,-0.26910891056564235,1.6035500859452572,0
-2.206834634697879,0.3114242832771908,1.0749310983392661,0.19714445760191435,1.0484793054872532,1
0.3124564836674526,0.23933112689634817,-1.8986196417492267,0.4806350342936193,-0.22097122238296427,0
-1.0089180947883682,0.38815418314811206,-4.6024417024278685,1.6039307650837864,0.517107160791059,0
-2.8441573186228712,-0.3657898578938213,-0.9518083064945225,1.0114034533761558,1.6325054767600713,1
-1.552888913675902,0.27933414946324886,0.5106520095279259,-0.5006164365352089,-1.3250560112910066,1
-0.21046331708275398,-0.75106434246996,-1.2277577918763578,-0.8494472196215276,0.4012319894160375,2
-0.6022727592099044,-1.9046558881959696,-0.49394643915201075,0.011575352909558665,-0.027323229234467613,0
-1.935076502170041,-0.6219838366284675,-0.44462717467558655,-0.9130518453499764,-0.23387382882336674,1
-2.1055630512394403,-0.926898383596732,-0.4991963288667604,-0.06448180722637634,1.9368950895830033,1
-1.216706566141339,-1.5259538065429032,1.600068973768668,-0.327101099347947,-0.10974791730635597,1
2.5765741094747505,0.5912008600817019,-1.0563899136800081,-1.4036612091170915,-1.498710093652184,0
-1.8417188761220737,2.107476191807933,0.9300213640352349,1.4541229454638962,1.0789806139266718,1
-1.1063095697662884,2.172473986056841,0.3220565162832531,0.1990698786910659,-1.0369768704277254,0
2.011141499828996,-0.3398641715222814,-1.387092848005387,0.27046696982164015,-0.05772459078042523,0
1.9887692276182554,1.0689374653808679,0.5522596367446099,-0.6310491639938651,0.6771942183227985,0
-0.9799931155314284,1.5936060909370773,1.0145340758680295,-0.25471691263039214,-0.6930297273068432,1
-0.5057059805607764,-1.57808317585379,-0.25675506701829354,0.5186840993975349,-1.1511031723053204,0
-0.24437832407274232,-1.9601948180334463,-0.8833744269829896,-0.8218919153375727,-0.9260137858418794,0
-1.2180795592857558,-0.725164750904518,1.219863261127749,-0.6475864790404328,-0.355028355026113,1
-2.460466893585311,-1.860986384886173,-0.30916413042292074,-1.0035850251228453,0.006393597589954399,1
0.9662909187651083,-1.0783379160879683,-0.014336509979646632,-0.5091084288876674,-0.22174842682699147,1
-0.6473497077194393,1.7492497510945964,1.2697589162325875,-1.5856660106337035,0.6621050045207072,2
-3.5491252366852875,-0.13123412744047866,0.022493686670628094,-0.6790981051705677,-0.3916508336859356,1
0.8168228541641711,1.334014964284757,-1.6863529064740705,0.5056247691974883,0.01095170226393714,1
2.3196948076159702,-0.7056552724305646,-0.5946559800119395,0.05672587742939241,-0.651745516811776,1
-1.744640728052684,-0.443673646227238,0.005614159454276059,-0.35429459808765357,0.04171411999663431,1
0.032705813394712915,-1.3739606142173344,1.464476917854068,-0.16297972259494045,-1.1324332238482433,1
2.549310209640277,0.1573380609300012,-0.012360735138551165,-0.42197841779127365,0.38599243685334994,0
2.181327544157478,0.4646862006759032,-0.6998788316358647,-0.9845924441600777,-1.2717500606200491,1
-1.6029588143252735,0.9343386800667003,0.5183914695132972,0.7734096566003229,1.0291061627318212,1
2.015890566760247,-0.4320420276078295,-0.008942255288597411,-0.7235113138257578,0.550090617640433,1
3.357840937225541,-0.789755082465301,-1.1776032320396685,4.988222726926276,0.021905640168065985,0
0.09919481130669287,-1.9467460582835747,-0.6640999373948195,-0.46151455821892573,-0.07839567878536742,0
-1.5714952423180533,0.8843621128289249,0.8629292241481925,0.8548208906428467,-0.7626626178326572,1
-1.6316587750489298,0.2571313703511419,-1.7278936551314195,-0.46758374694808147,0.609345482798374,1
-0.02384712677609411,0.7117746961376686,-1.1663947909485066,-0.14409724540390234,-0.3443659544260078,1
-2.5326538440869832,-0.8689850134553253,-1.9863189334036464,-1.0684145120722708,-0.022426049704526527,1
-0.9883892693649219,-0.19924637940994117,1.116174583568204,-0.6150063660429075,0.3222828118665377,1
-0.9842462924938308,-2.2664837567986647,0.5407226705260515,0.31091860683847033,-0.8229226068767677,1
2.935759709906201,1.3567435509065646,-0.6538166807432159,0.40743243712010657,2.110068864143531,1
3.085052279824796,0.2049574888195363,-0.6759062945156931,-1.0463358759978225,-0.4339572616454663,1
1.4659879720296427,0.568862179147376,0.17206816727352986,-0.17060269282360457,0.2131096916253649,0
0.11298020508090531,-2.716741015705758,0.4591920242648606,0.3264594345298674,-0.34943346448114926,0
2.5706522779791894,1.5605094920995217,2.621472739841896,-0.3550859107471658,0.80396886868553,1
2.5563339720571854,-0.9563378614418075,-0.6817081526974734,-0.8501886639403117,-1.0629274847311074,2
-0.9583886257001508,1.3438070626002503,-1.7150333476275286,1.2231997985228165,-0.6549243187185988,0
-1.1584791344796947,-1.1568286248440665,0.10351750072940749,4.143597915844419,-1.7592102090927833,1
-0.08805584959538507,-1.7092027150122255,0.22416255430383591,-0.47822653826876804,1.1346573701661424,1
0.20970168358602928,-0.21059341151334415,1.7468283643262281,0.38746384129392347,-0.525052928258613,1
-2.217268049656849,-1.892024279033792,-1.2199698804288213,-0.2995537553128874,1.155533790003739,1
-1.2426499970550524,0.8728858835905409,0.9938449653606759,0.1890721491511183,-0.5177709144444848,1
2.144708329635406,1.3487046058802878,-0.2662346733298113,0.8707343476004875,0.6959932597396343,0
1.0971315109488686,0.7667563604999764,0.6938021359932685,0.18731461659250553,0.04517674299925738,1
2.5360609929076756,-1.5504724500228617,0.2571561878128782,-0.3750698668983754,-0.7610471996208902,0
2.4458645368683074,0.27867491829638624,-0.04372084757338466,-0.043167506818180726,-0.6044676353583457,0
-2.2492559204211315,-0.9332407856384142,-0.47246940229173234,-0.0690916873991534,1.8976956045968845,1
-1.869958187019882,-0.3585889405466389,1.4494118113802474,1.954946951236438,-1.0146506722511273,1
2.432793271908019,-0.4064718784221276,0.07540093311477673,0.349989493413051,-0.12317520186232322,1
-1.2839147324780176,-0.5588211656404055,-0.014645005710961164,-0.36168959151812663,-1.6010374118455928,0
-2.251403088349556,0.6268541346705911,-0.05112882849651288,0.618860523467257,1.6242856705953308,1
-0.8372276388007105,0.9991511576261064,0.23954932868667392,-1.6179694943490492,-1.398765694377341,1
-1.2328822705924292,-1.1579108745167053,-0.09316629163759942,0.3918259386987244,1.988348898538261,1
3.104019829839687,-0.6065309341411445,-0.19029534241569607,2.645011471631389,-0.04480522870188142,0
0.25606126939818646,0.5685456295460123,0.2311958466360402,0.20461017581388674,-2.2259128616985078,1
-0.18970821193378198,-2.33525236199162,-0.39741786851602956,0.5230705941358521,1.7085160539827524,1
-1.3870561172859988,2.22922372689379,-1.556236253542645,0.22855786953859436,2.391944708224685,1
-0.045049557520462497,1.773033639769735,1.6867313581534285,1.4729456807310595,0.48929032178937754,1
3.9444059411212993,0.03033000211189758,2.055947284583255,0.5781453856145942,0.9239575468399361,1
0.6502307098129155,-0.4908142099507906,2.7505898228370036,1.4386092762445735,-0.17309731105741613,1
-1.6426763924738537,1.8308095153950708,-1.314415276525083,-0.5662171980717872,-0.3925407196930186,1
-2.4924387715549234,1.6215515705216954,-1.0715999085758656,-0.49285981077974117,-0.6290279961111824,1
-1.68587338942592,-0.47902836152658973,-0.967101068303173,0.22032015767303076,-1.6701568927639519,0
-0.08805584959538507,-1.7092027150122255,0.22416255430383591,-0.47822653826876804,1.1346573701661424,1
0.9014935998543968,-0.9635176581540991,-2.5065613430698224,2.0306579670137364,-0.9831156392740275,0
0.04976567605200293,-0.8172035103192953,1.1864912339385956,2.415364726949432,-0.055907796924932904,0
-3.1648695100323407,0.33333627480759204,-0.36757240931351587,-0.05490538653608791,-1.6333306326493122,1
-1.9359311336830263,1.6124579538743926,0.5111590759418333,-0.8658410746595613,0.7914903878547649,1
2.5563339720571854,-0.9563378614418075,-0.6817081526974734,-0.8501886639403117,-1.0629274847311074,2
-1.3944688288460723,-0.1652563823384528,-0.7281264994393728,-0.06321198664751429,-0.10426788796878474,1
-0.3980013481765848,0.37246091083205574,0.2917537703744012,0.9490973419497936,-0.8302587936116119,1
-1.3792081876584703,-2.1057046149302323,0.6504106007407044,0.09029347428563693,-0.7872314857755828,1
0.6540589825287273,0.15441176962518258,0.8189451843276286,0.95549478640255,0.9620327254875449,0
-2.081370521153731,0.9883921549513862,0.2993976296869915,-0.31042571674129504,0.4947456702889388,1
-0.4024374201207544,1.0211555593366974,0.2638157329835098,-0.11614644099324109,-1.5495454059908855,1
1.7177574826089044,1.2100637492670563,0.23214351532029284,-0.5489276448261482,0.7006023206992763,1
-1.4112219354325317,-0.10986492523706254,0.5974804385594629,0.36804398894065793,0.11858801221549531,1
0.13466371045375025,-2.79340992194112,0.3350460798013141,1.2991594264311321,-0.14340864772007236,0
1.7149164932568546,1.8333866011900068,-0.49612432718602306,-0.8022912137612718,-0.7007229315909747,0
-0.3348838075016494,0.28930302884470205,0.21757226996458207,-0.1507986956453711,-0.03935129140680096,1
3.204776354299198,-0.2075230079528778,1.09907318065299,0.22478230612034475,0.3064557450357555,1
-0.4036043533771182,0.9702977183614494,0.7251605382079448,0.3949160032730125,-0.22071063534679192,1
-1.7142331257736187,0.5893408724258083,1.4210077499752174,0.6660975720660566,0.0837520839681686,1
-0.49806272409413,-0.49503265542194924,0.04910839640411757,-1.483935944696555,0.04159998389329405,1
1.8000197870136256,-2.3158517525203717,-0.11259128432479545,-0.522986618683753,-1.5216385043023068,1
1.6950645515436376,0.391781357680581,0.7796877807620856,-0.17459386760736678,0.10123470775247514,0
-0.9634518753534094,-0.1397952421028866,-0.6950243228002477,0.7708644437571146,-0.8506530868557746,0
-2.9029846415375276,0.5922883677366593,0.4151107313574012,-0.05640309272234482,-0.8160837882455717,1
-1.0389669836318227,0.7583904281600439,-0.020310183224138547,-0.30505903013557506,-0.4731696688650848,1
-1.1606343691312668,0.5038731912756664,-0.297844326658953,0.41757739951195805,0.28399985128379396,1
0.39802436850913586,2.273571053251748,0.00845964016178859,2.3693182255189353,-0.6262227408299964,0
-1.362529988503738,0.37783412718766535,-0.9591609835467635,0.022750849261090778,0.09366375757488951,0
0.4380624078382199,-0.8010693412833304,0.03641610516909011,0.19753335666796998,0.13093363932510402,1
-1.1058777857028905,-0.873970208948682,0.25657743203494754,0.2609746889669339,-0.42969676822524405,1
-1.7843506267690834,-0.04955976566755339,1.6018402153662108,0.7706719505742794,0.7210048821703195,1
0.5072166341260282,-0.45490992052543805,2.5932402548667044,1.231341462930328,-0.29273364564782806,1
2.20718728350183,0.81704972834115,-1.4162538904165194,-1.0973999948522175,1.1799431601112562,0
0.9736578873822257,0.9666497329015665,-0.3049011262907985,-0.37853140651832823,-0.4890232084649239,0
-2.4509065858227466,-0.8663395135549288,0.9848880023308229,-0.17027326288361636,-0.8186909919857207,1
-2.873473358622878,0.054972902712304296,0.4716502456737506,-0.631637003960252,-0.22441581056309312,1
1.2846125450794472,0.9567255570036549,1.5208722276508464,-0.06536877368123604,0.07682924902475531,1
1.7146946393668068,-0.6458788663925693,-0.568030696364961,-0.13078824031635755,1.1008992340193742,1
0.529436189935862,-3.504559636589603,0.25966433754423174,-0.6435023044909042,-0.8010623605009356,0
-1.6940371697148757,-0.35335011597177307,-1.3614943321446622,-0.1798775595983186,0.4847938153764021,1
-0.34557333272769797,-0.03916404033901577,-1.3399575237701642,0.015046419024536831,-0.6351505780622284,0
0.2933052170664648,-0.5492253600518707,1.547751711325364,1.0534387720293963,1.2055185426340826,1
2.7252338361791333,0.7127757295284588,0.4798576905906575,-0.7253317756295478,0.9540568461950408,1
0.3702764424511085,-0.18552066156934086,-2.448609127259479,2.2110028846640475,1.4595623920722665,1
-1.961374807928712,-0.7097123280374562,0.09231303388054507,3.1510494883664304,-2.337956623946884,1
-1.9532873626005618,-1.1484460102359129,0.16094581241638592,-0.21352455935440873,1.0935905889621702,1
0.2392226781365809,-0.5216485165418385,0.6855008299155803,0.0740192576368332,-2.093984653772678,1
-2.6071646001475384,-0.01181877974674407,-0.14685240614249376,-0.3495128787323448,-0.772193278904912,1
1.8741943957823453,0.508011893497087,-0.7877646984508758,-0.6576677061846748,-0.07651574672750797,0
3.0815945907446305,-1.051224582016087,-0.9357097709886889,-0.8190128492711822,-0.147370295801768,0
-0.8059466156108825,1.2041827289130562,-0.5433010532109125,-0.3671757611999317,-2.0485559170718055,0
-1.3402156986745537,-0.5347585073572945,0.35203753290560386,-0.6775492097381602,-1.6671073481703318,0
2.6605795766711826,-0.23721808901570088,0.03037800949876164,-0.7654591575312437,-0.350236404206284,1
0.5843681872436568,-0.39519415626044896,0.7136244450574928,2.559959957934009,-3.1261856044819125,1
0.11951981020409132,1.4329166009549217,-0.0005021792742511099,0.727731931405186,-0.23596146439391694,1
1.2778506115560344,1.5456704157598853,-0.0831685219160973,-1.9707070237560977,0.08836391967019137,1
-2.1888537581939356,-0.21660129705518452,-0.10316021183252563,-1.43447955052588,-0.9221558484190342,1
2.339607660638586,0.8759546866953869,-0.28034805201644025,-0.45033959811285595,0.1995781444709651,1
-2.1516465979424044,-1.7208347926712053,0.37805366530506646,-0.7104933156138085,0.250781533707747,1
-0.7988504552558842,3.708965119133368,-0.3208024189525305,-0.7313993218837321,0.09677842497785628,0
2.654143959679865,-0.7746705338396784,-0.6523543604076257,-0.7658504049180036,-0.5340614471997425,1
-1.868713947757112,0.4174479125199431,0.5575697084878017,0.09332083305020336,-1.0180456840305987,1
-2.7267772534333528,-0.11170167224002914,-0.16959570224730716,-0.125326311203976,-0.18484794958793424,1
-3.0864064302858933,2.707326465555532,-0.22138541823850177,0.8680930350728208,2.5504196909874812,2
2.011450450401331,-0.5683017295301077,0.8209692930679957,-1.5879639483673167,-1.622102368470211,0
-0.6824358685299056,-1.2621524782088858,-0.3362331694509717,0.08571938303638682,-0.027649679053415598,0
-1.327546705028795,-0.5056480103252439,-0.9709335909196044,-0.3291595407114101,1.6744110654084567,1
-2.155122830653326,0.1443561028338798,-0.9328607020521674,0.7582558247911787,1.3203021310933447,1
1.872622082949171,0.6188097402520208,-1.8857115828187505,-0.06207541857125393,0.5482626546616728,0
-0.6272331809964129,1.0346743808289907,0.3665635269731032,0.2987479141174309,-1.9171817965816282,1
0.736344871197985,-0.7561874830948985,1.3663465306461808,0.25941024662074763,-0.037288166553124794,1
-0.7291204034639407,-3.0732270702178934,-0.5524936970053652,-0.3925824753359161,-1.4961930359127884,0
-0.2683289216985474,-2.030878257497989,-0.04661216784120506,0.4731426936596027,-0.22126501193633807,0
-0.1473159984836877,-1.0360277517547034,-1.6543926870350414,-1.2039688589356499,-0.5755799669823075,1
-2.9637752821682275,0.16296780719214832,-1.3482522136221373,0.5593723821869808,1.5496710932078597,1
-0.7103843401592993,-3.183664352509818,0.20320184693322724,-0.5003725399122071,-0.814902140318481,1
-1.7627620670094866,-1.8417413700355771,0.052828874344331395,-0.8986599752541128,0.6865326684977683,1
-1.5961358594241721,-0.4615437487594897,-0.7733129759205183,-0.18263206089623954,0.02102090904099982,1
1.6652440381440305,-1.5031831742034791,-0.4898397692477508,-0.9319404338712742,1.0798798835002448,0
-0.3194255700610517,0.4228259552975477,-1.7661806245322207,0.11730262329375617,-0.20937177535318918,0
-2.2515937475619525,-0.9247329933122252,0.03489030470970931,-0.5242357644842156,-0.7745327810253672,1
0.6426140899135595,-0.863088667201077,0.7492061222386797,-0.683320647334396,-0.7162313201486729,1
-2.785153718851771,1.1256690478476357,-0.8924768709658427,0.024042067232659906,1.3430073294883427,2
3.0035390953510865,-1.4692912181965025,0.14318475858969534,-1.0046493519518551,-0.866399925456858,0
-3.3967450193478843,4.529138012847877,-2.3324313897809485,2.533596617533056,4.682449581880145,1
-0.308404541724984,3.366469005877092,3.782221719314203,0.36929682425612176,1.5936761399769144,2
1.7623629814679627,-2.793373980161098,-0.1922803167486142,-0.6711705296578758,0.09034462535383561,0
-1.0224522058457712,0.5787952089898205,-3.6885131875043453,1.1070861461625456,1.371017363294212,0
-1.6171745960901545,1.0410282093777026,1.562830645643358,-0.10414104501115594,0.10393729554078197,1
1.1848944989162908,1.4012258724885787,-0.06292012337025493,0.22124994183267407,-1.1862787473480432,0
-0.0822250392798901,1.5171807228534615,0.9418283028500867,-0.09779927236304571,-1.6228238362939742,1
-1.0160051263596097,0.023465546312998582,1.0477254379231307,-0.781219744693067,0.4306707024163637,2
-0.29209434071304863,-0.49257112651374363,-0.1330488639227535,-0.8393018876878092,-0.7707178969492625,1
0.43639294655117256,0.9686696076366169,0.6626686385837987,1.1321012392293608,1.9524532699359465,0
1.0508148831762916,1.3414265296318355,-0.4168588403447374,0.3478842553909089,0.026412342775988983,1
0.9690249179092912,1.6192492792342517,0.04134588034114046,-0.14773955593461593,0.9999078825310683,0
3.0216628595627593,0.5261466501723573,0.5051155558505871,-0.8348714789712193,0.20943192038208067,1
-0.1890226237834373,0.8439899789661033,1.072098120862825,0.23579876756740434,-1.0747008333830488,0
2.181327544157478,0.4646862006759032,-0.6998788316358647,-0.9845924441600777,-1.2717500606200491,1
-1.1935820922634386,0.21701625509996708,1.2545152414354859,0.34344932286023827,-1.1750574615901654,1
-0.8118469950326518,0.493930326202424,-0.38288996166638806,1.2045369902898866,0.6786415646216101,1
0.15486236732243217,1.403433239191821,-0.8043966461318642,0.019042201069804733,0.5291172133612054,0
2.173331977938829,0.655550461734325,-1.8312345344050196,-0.11719087757351043,-0.44533876081315754,0
-1.752247774284197,-0.49157685099214965,-1.0645138134819996,-0.28510286434094007,1.6765558815611523,1
-0.6097776731806758,-0.5360950457631788,-1.700982004661846,0.7515525565710155,0.935216288459277,0
1.510207031977824,0.20799218916150675,-0.9615164621291196,2.6529836966621945,-2.1054639295527107,0
-0.24021733503730128,2.79713424028639,-2.7477283391615024,0.8523090216265323,1.373508811143191,0
-0.37942613447016565,1.332452629361081,0.48002016839341105,-0.360555803132969,0.4509757376857376,1
-1.213444672147938,0.32748293286712626,0.48720750673540497,-0.05620374487097481,-0.48461694216253703,1
0.4611258414914674,-0.5007589520848322,-0.4249916308058136,0.9507530399885646,-0.07577394030300168,0
1.5346504331659463,-0.3526390359184384,0.03229907176818055,0.029876951130252394,-0.03066892813307161,1
3.3274630286151603,0.08872437845320724,0.04565645682469628,-0.7490018658467793,-0.383205197784741,2
0.3601909547588176,0.3905585382788465,-1.0047615926670432,-1.0739401065563126,-0.6195937411349236,1
1.531882048103009,0.439462126785089,-0.08396532300565383,-0.41136676976071257,0.8020358328778356,0
-1.0262368777420283,1.9719852341645667,0.6082912077326604,-0.05210788698527998,0.5016864334169765,1
-1.4287527272601974,-0.24314249687355027,0.36529182264014565,0.17077699238437036,0.08326825685248969,0
-1.6015337332201642,0.8103969010777151,0.6582209746181645,0.08346168571414893,0.8585524757464471,1
0.20816167511789588,1.0069394819680981,-0.6125117722153568,0.33931168069292644,0.31827290230476574,0
0.6295233895037262,0.459384040106574,2.1196139275078383,1.1898445248224099,0.2919442799581482,1
-0.4267292327247315,1.473808244453242,-0.17850967168525683,0.8724053554265475,-0.2700871749868591,0
-1.150345491181399,0.6719335799079892,2.6089682451821448,1.8660203018262205,2.151331742525613,1
-0.6680421810628175,-2.3088658059129186,-1.1228347512501717,-0.896278808805352,-0.404055884324007,1
1.825057666041793,-0.7194145447899091,1.0387088651018386,-0.5622705887586685,-0.588339333709278,0
0.46479183103777555,-2.282759570797727,-0.9522256999313264,-0.27543660963340516,1.853465192557167,0
0.811622649742435,-0.9764809540138293,0.6866265838224224,-0.2579427055173616,-0.3349488030467926,1
-2.3173589633313676,-0.25990442092889104,-0.8689623924397167,-1.087434460328554,0.08286350744228549,1
-1.5613744036659056,1.388977136286555,-3.9116636166151904,0.6715669777069694,0.4179967038283583,0
-0.38781682061706524,-0.9456071774174071,1.4021710431888201,0.8124404606158071,-0.9299707146755195,1
-0.27693221853963057,-0.11111734062208255,-0.7905147595421385,0.42989998406536495,0.14082146986103042,0
1.4076878182411159,1.2866623503904295,0.7282705748961156,-0.02885716538242347,-0.15085841084929036,1
1.0982436274211524,-1.3794425032658046,-1.4878511209839675,-0.6423158549244106,-0.3540357979295998,0
0.5197315669119652,-1.488108448906781,-2.722278820599739,-0.49789277091562584,0.26376569740536177,1
1.1454944885442104,0.5917915365410639,-0.2675797263245325,-1.6288604441746102,-0.6393317656391696,0
3.135689157401641,1.5605472466605028,-0.2125061759277699,0.3744740932927678,1.4407357120322186,1
-1.6076420101206297,-0.22029248198867785,-0.13965398948619395,0.2695990089899722,1.8986800071198957,1
-2.6677192158667475,0.4285894062928727,0.010308733637019616,-0.692844439357577,0.29511419002685196,1
1.2950141310453192,0.49075297842048776,-0.06630659499431778,-0.38123425435660735,0.2673470996630238,0
2.5419691467068457,-0.03079812514454127,-0.0030135893767090664,0.4531939279517696,0.01327977555847939,0
-1.2762979639352283,-0.2959818410554381,-0.013571474147568216,-0.22352879937804404,-0.3736454680743754,1
-0.693449685209019,0.20032833059560376,-2.586341408720566,1.208613264007205,0.01537651020193129,1
0.197701584135812,-0.2206331204183795,-0.4240908292972976,-0.917198009640276,-0.7426656153714849,1
-2.724614434721371,-0.5859219940655104,-0.2507179353153139,0.02253778213241825,0.8415114293929288,1
-1.0070858596970529,-1.556075849236717,-1.0079366098775329,-0.8477900603243211,0.5237786344855279,1
-0.8161001308995528,1.5829726408726617,0.13967375367571142,-0.11529077879438411,-0.4715328570577541,1
1.3479195784776603,-0.6464605194413215,0.8696136481953042,-1.2879591651968445,0.192964943320825,1
-0.5832970420982773,0.26674579021768297,0.7137086599493416,1.0320014437574976,-1.0257019888793368,1
-0.16374038112753303,1.7045799399035846,1.4853532135769267,-0.09743985222217055,-0.013118042038116002,1
-0.6732672973383472,-0.17322258208211472,-0.04571053011256474,-0.8419625257169372,-0.36083647576937844,1
1.9353503866199437,-0.11557834323076425,0.22257675450843176,-0.8458979872340339,-0.23870281149103742,0
0.09307327724950691,-1.8758849837060223,-0.07469407049285028,-1.165588906777504,-0.7491033351282192,1
-0.9091432182917524,-1.503359807096488,1.1175149076860604,0.44551812244336175,-0.1681141845858952,0
-1.3721817787202248,-2.137489650397898,0.2993877947864361,-0.4678930738380501,0.32978232660432966,0
0.8443459417964667,0.05498547598285098,-0.15469104699648717,0.07349103553586049,0.06798593993569085,1
-1.8238577385847516,1.8705031959924243,0.851670782762342,-0.026177511202666533,-0.6694660738687862,2
-1.81200052944036,-0.42306875402392463,0.8404077022748542,-0.366552884182289,-0.9717809258413,1
-2.1525107178200096,0.19245570469004547,-0.5241682751084633,-0.30051890001913334,2.003569326060285,1
0.15704251817447745,2.271469507925856,1.2124762207010182,0.1946407564341472,0.7724140385036942,1
-0.16616412224590688,2.491510726196004,0.8153647571383182,-0.4956558460653878,-1.2622896214423474,0
0.7878353513697417,0.7975992581991963,0.8364569270012073,-0.17425560976598797,-0.06058564104493405,1
2.606933385061711,-1.3493504287053446,-0.44838769149072194,-0.6168996592438691,-1.1271573575454235,1
-1.4270806931549531,-0.7225154266158623,0.14597309457263727,0.5969777499869381,-0.35521182780139643,1
3.4417559947647796,1.3633507622227012,1.7237701749026797,-0.0228595204255176,1.0591699249370339,0
-2.5545964122466427,-0.30325285027900534,-0.25817809694448063,-0.40230159237238766,1.3182693410425341,1
1.83484768695746,-1.3124475352380305,-0.2780634213521815,0.03597370560387547,0.9198239882806606,0
3.1772019826280755,0.05523788034664846,1.706462710055877,-0.25022936700978804,1.133339101539829,0
-2.662685028911757,-0.47619789985958727,-0.5058975693509791,-0.6696518214253835,0.039056306111316615,1
0.7878933841946454,-0.6382807816468765,-3.703117892327232,1.8831422352561165,0.2529728452201018,0
-1.0008997989158168,0.5431013941221015,1.5296039467555123,-0.5396523554862644,-0.6573805681509927,1
1.365958118094526,-2.107309380311024,0.5527165638987693,4.740955079021115,-2.4835969993207305,1
3.105405557649578,0.653621580176469,0.0010757844297933409,-1.455140521302192,0.08771686063283607,0
-0.9748467797853176,-3.543090835217336,-0.18520177242284414,-0.9039349482805236,-0.6438497921513021,0
-2.340669661220793,2.444891243049397,-2.177676749643486,-0.23234213188951103,-0.6902123542360966,1
-2.0034453045208673,-2.2129359556877706,-0.20794835501895634,0.14969872646917268,-0.4980952962936538,0
-1.3479164415072364,1.711899398849127,1.9711328101947079,0.28051509745897774,1.5252615702546601,1
1.3257675431242426,-1.1323292291951825,0.5871759274611374,-1.3084689267226604,1.3580491313738494,1
-0.7254224927249768,-1.1001311038977202,-0.7367543814099462,-1.705938991632903,-0.42725053027603727,1
-0.7688216559170133,1.4828669084388242,-0.30752525405571096,0.46512720120062356,0.1355656934523722,0
1.9382778929538331,-0.6806407075132265,-0.06844772003297485,0.016577248195825824,0.41897057774518787,1
-1.9011371250991393,-1.5193006653313386,0.10402833022453485,-0.24260848016538625,-0.29881310406380734,1
1.9548986167116549,0.36846229519076257,0.6393003803210303,-0.8445391965508283,0.30972754482250797,1
-2.769412401751993,1.078176451397273,-0.6205100637510964,0.1487052494783206,1.188256290798278,1
-2.09974638308788,-0.6981204755365313,-0.47898484631418986,-0.3468073308479167,0.6674964672915001,1
-2.6075226109250886,-1.1148589990633997,0.1633579920623533,-1.4677567901547413,-0.5409073075589157,1
-0.48229117926485304,-0.9368018414773543,-1.8684550387992886,0.5928497845741951,-0.19325752810867033,0
-0.6195691074352704,-0.8428513812147524,1.3509344611129548,0.31475159025859506,0.8211598571762155,1
-2.123271338661499,0.0868632255297628,1.0148510160047832,-0.14298141561626843,0.7852562737829246,1
0.9863728970551771,-0.4433676758251922,0.819455330056124,-0.6840874588336997,0.24460339831171976,1
1.9960028619140107,-0.20581560444392166,-0.974529362736039,0.0005196065763545793,-1.2072350579409599,0
-2.6527722768498703,-0.3971601506014199,0.3694249642502846,-0.1324473498232421,1.2601399995582592,2
2.6334265926345264,0.2371917922102827,-0.26363672837981167,-0.06650431755312664,0.2077905672472404,0
-1.670980309568947,0.3582130725750758,0.20825117920340577,0.6411296617687073,0.5585550598264665,1
-0.5162377828750907,1.3990030290922968,-0.7491931855880185,-0.2542962045657718,1.2140515365253366,0
2.1308050552675932,-0.2162528370896133,0.20405984798996532,-0.04603309561941937,1.1319391100882845,1
-0.46879756575926373,1.7762792074680551,-0.9017866442368954,-0.3617089325688439,-1.0764820215718038,1
1.7009124065849368,-0.22439102771443167,-0.5355097503481812,0.39739618802746884,0.763177220767259,0
-0.2669043012033984,-1.0288919414746935,0.9012808121811432,1.1475659798758309,0.3425458151811975,0
1.498926898838633,1.4424379430325311,-0.5327664729610092,-1.2955956386520433,-1.112797351051413,0
-0.21872691576559342,-0.2211708932406973,-0.4614191037476999,0.8375161859594754,-0.4948200964944159,0
1.3705693277898945,-0.4671623248602271,1.3712822787819288,0.09410451468519707,0.5177075191888872,1
-1.2976534912399313,-2.2462910603047375,0.3965877294437022,1.2861939556320088,-1.4730442557175323,1
-2.493720611333272,3.210560631208342,-2.507157875942874,-0.43576488031339494,0.9109159139634618,1
-1.3146526362086532,0.1354542656467082,-0.9460853678888842,-1.283559844543711,0.1730744826429862,1
0.3079127628281172,-1.1982122717845227,-0.02162271514986692,-1.4144966146645652,-0.05856052009614323,0
-0.06516213862884557,0.6819862261546781,0.8081090576110285,0.129457018068184,0.13842067651031753,1
-1.0177469948818332,0.30499630074631573,0.06423626258026045,0.56491675244043,-1.0428191443135129,0
1.4220791508289328,-0.5118060790642374,-1.310569497715121,0.25864776798994293,-0.17439497366797652,0
1.1034520560176775,1.0260205619219418,-0.6493444496590135,0.17547885319392453,-1.6232464978619785,0
0.9615683942789337,0.15974817241679748,-1.1539666117039755,0.04746080387472884,0.0625126138335222,1
-0.46694875896944893,-0.0897620289452961,1.180694587192481,-0.7394734649926693,0.9298778596381222,1
-1.898038317705738,1.4141247743809184,0.6446918043959426,0.6636310099262613,-1.924249646475456,1
-0.8595275402495717,-0.11326484213466877,1.1240274112633761,0.4394906722861594,0.2946185436401069,1
-0.6894668678888218,-2.438771510356238,-0.21828936385116468,-0.1113428113761534,-0.14271240938179705,0
1.6544960040731957,0.24609853354376168,0.7747512967513365,-0.02202476219484258,-0.08638991231904912,0
1.204066662027018,-0.8680887312737132,0.05638087065268818,3.544073631519452,-2.470174779345269,1
-0.8668841157620659,-1.916561947068038,0.9788123230342627,-0.6089456999926891,0.13250357358688503,0
-0.7096345564985929,0.5431744739621287,-1.1594003036651317,-0.20478435677290546,-1.4715190043324462,1
0.04298192392843812,0.9084827995392778,0.1779306318344445,0.03000452694204681,-1.1259501680063824,1
0.7778726277405763,0.21649096829000186,-0.9141350085996065,-0.11596272738069723,-0.3872492866656554,1
2.439381569939288,0.23909723675238806,0.6837485639234472,-1.1411967567900565,0.124053023890244,1
-1.2646179908423938,0.3310625633891597,0.5598557831494295,-0.6656912403696912,-0.882573691150001,1
-1.3954978731650778,1.483216819003345,-0.9917407345345525,-1.0273315276048498,-0.869221227316098,1
-0.48229117926485304,-0.9368018414773543,-1.8684550387992886,0.5928497845741951,-0.19325752810867033,0
-0.48556646130439535,-2.4431174230416524,0.5663684913562512,-0.996960123995484,0.48576031050132806,0
-1.3250256814192862,0.7056355753128472,-0.579622262926483,-0.02877092165804155,-0.23066541874586144,1
-1.1092443384374462,-0.2788870868239931,1.6186990082575863,0.14250086153545227,1.7639247265653673,1
0.2037028936337819,-0.46084438681810724,-0.36490117118518,-0.2747666108506785,0.44446228102214763,0
-1.2836375685793848,-2.497857472046805,0.22672073379386357,-0.9064419127336523,-0.11561890668335092,1
1.8788362262095488,-0.2295894917526433,-0.32695985015660045,-0.38933891801124954,1.324579655850963,1
1.1550100143670694,-3.495975811339075,2.441686953168651,1.0582396956895366,0.21045440421361056,0
-2.2041691816908173,0.28850731557425874,-0.31179967635353306,-0.5968606481520314,0.4309499612155379,1
-0.07717730829272075,1.0913864913783322,0.6713315868339232,0.17769014027932414,0.5133258889158338,1
1.5459489934597268,-2.5788188363404423,1.5586827981507594,0.8295493652802322,1.072579494743433,0
-2.484498463298536,-0.38236219486214923,-0.37390721713175046,-1.0168709618009584,-0.5299919471367439,1
0.767455126701547,0.23265687236876234,-1.5421565343770904,0.32807198374628455,0.5782927157944135,0
-3.001048937813971,0.4194017829717109,-2.143924456296756,-0.8609650432191593,0.5400377987169722,2
1.335259434979575,0.7479430132632989,-0.11004016351174897,-0.20578399340137385,-0.33592243461347027,0
0.5890342240225315,-1.2100077205722393,-0.03815430184780143,5.9241134947760985,-3.702034015385902,1
2.8433980761626176,-1.984134205149752,1.0560148476872087,0.9219019799443258,2.1028286565897276,0
-2.5025776750778954,-0.44899403674005367,-0.6838564365501986,-0.7210843741844504,0.3857217475874159,1
-1.7830306177084658,0.2337323324645159,1.7624417130053547,0.37925630606892674,0.10042156319883157,1
-0.5176406707824895,2.067079542803346,-0.40933674940543524,0.16080916607246812,0.8676514081684688,1
-0.9942660831243839,-0.25977128748423395,0.650601911299865,-0.4494980618021987,-0.5652779847422325,1
-1.1763221295588078,0.12734943393044587,0.21759752148246464,0.4270708802061987,0.1325187151241919,1
1.5694608309297235,1.4560537003208212,-1.1886633840727483,1.838959844028246,-0.8080948552156102,1
-1.9156245953930096,0.2780481811638616,0.9217864147860556,-0.10784488758565171,-1.2418306924742057,1
-1.9076111246280885,-0.4042373637267649,-0.7513718107624422,-0.9375490222561431,-0.3611735401364114,1
2.215517270505284,0.4503255499211631,-0.5479012892908741,-1.130453936963918,-1.1741582101489514,0
-1.2876260847675092,3.089101448173752,0.11920577053467361,0.3530306503043548,-1.7343581995061086,0
1.4034910767517217,0.27250278652974624,0.7250973655537144,-0.6422565233958712,0.004193096572377759,1
-1.7572677555944562,0.7928128343085097,-0.22042801068018833,-0.04082430170235995,-2.439076250571668,1
-0.2976457842673774,-1.3953618752046997,-3.2849790855156833,0.24406058240637393,0.03300928620450593,0
-1.5616355355498057,0.6702720053268495,0.08835400896022952,-1.5360129280996941,-0.47004788870722664,1
-0.8030765826400071,-1.2748610359825518,-1.2520375801372499,0.6462856976252217,-0.8523414016187001,0
1.4047178499062745,0.7167067527942601,-0.7322876146231129,0.0957185968036918,0.6011811703590875,0
0.8242045662595786,-0.5698426020709433,-0.5213678365464884,0.3475988741827675,-0.15734104438698582,0
-1.5980001303444982,-0.07404125717543132,0.6124006814402644,0.10410807786511116,-0.878417471738316,1
3.2336487096111473,2.791640547822262,-0.11664105302758915,0.050502393585402275,1.068426096005566,0
-1.0883712180001097,-0.8193413037696456,-0.427788830429053,-1.8940304134891757,0.002007419513595141,2
0.718376432231977,0.7349931594889286,-0.4180349822182275,-1.130275142755594,-0.3913214095018304,1
-1.5606584348463601,-1.4730285788882256,0.9281962655850777,-0.41733198241732455,1.257838596436306,1
-0.8177486850438425,2.3525844152702104,0.68830044418965,-0.6029267223187875,-1.2527849358510887,1
-0.658729370798809,0.6707331785494437,0.22438920937338178,0.6790028126666295,0.318769477394872,0
0.5093137786678853,0.8244177752923757,0.8091224688907163,0.07992006080132852,0.1517697144061206,1
0.8168228541641711,1.334014964284757,-1.6863529064740705,0.5056247691974883,0.01095170226393714,1
2.0385843474431393,0.5151227236641314,0.7027899117418198,-0.6771111109964992,0.37263377918475177,1
1.5773846370377373,1.7484246343575616,-0.4539836100293067,-1.0637141487712207,-1.2610682768244577,0
1.4263178191332149,-0.44672990364731824,-0.9543743646781967,0.5213302358734719,0.3391200094917772,1
-0.8372276388007105,0.9991511576261064,0.23954932868667392,-1.6179694943490492,-1.398765694377341,1
-1.0307978582733044,-0.7143873025483736,1.2093488504414105,-0.5197494790829035,1.2791456124014426,1
0.19258340848760916,-2.207751664410701,-0.9350850621705353,-0.9202651877445035,-1.736446100253388,1
3.207277049825787,1.2899054593071242,1.5926443580676974,-0.148970444224016,0.8064561542252364,0
0.15848473365514723,-0.10053842798603121,0.37416710587837015,0.28846928268268945,-1.3584833918953094,1
-1.2681661985639288,0.705123781356586,0.3945102574760286,0.10010425791085209,-2.3649867016968242,0
-2.6078045776892407,1.0812106183119041,0.17251596485075843,-0.8767202645999205,-0.06436381933089738,1
1.5895251523660157,1.8854154846250673,-1.0790283654080632,-0.8411003252477459,-0.5028825486661794,0
-0.5514517175517392,-1.0228514231678296,2.1495211771956595,1.2187187677298568,0.1757342597927954,1
0.8703198670560407,-1.449289381287652,-0.08637723612964697,0.24347181812810734,-0.839468083618645,1
-0.22739779515735295,-0.15664203363477314,-0.4812996969480449,0.11318679555352945,-0.7252264621707057,1
-0.5778666066206309,-0.9602755486204616,-0.07984285208973349,0.49221566612973877,-0.5259827278775829,1
-1.0295059072925792,-1.1808021856709832,0.6453763550240976,0.5451612067243761,-0.6642091410725484,1
-1.4981660268093786,-0.10038665688433195,0.6758569914946588,0.13938945633482927,-0.9353709240037222,1
2.259691180312304,3.017530450317097,0.29110768543200255,-0.4713675922868567,-1.9953392894976303,0
1.4526378964871494,-0.32925844029100726,-0.2606131167201172,-0.038443664697304376,-0.35321964323186605,1
-0.7430541529322399,0.45984670456841775,-1.6673730100845054,0.2203058107250239,-0.5562061505666934,0
-1.1823043741230608,3.2754234017323247,1.3532028648574796,1.1321391585369582,-0.627799907932205,1
-0.40695652867561194,1.478585163695409,1.62431732905945,-0.33015907001329664,-0.13104172982191656,0
2.069388272753632,-0.6149380198222747,-0.4425085612069359,0.2568836480688256,-1.1068495907886513,1
3.2001621067706076,0.07618672594522227,0.5916795705220304,0.10156111811812739,1.0679974088673732,0
-0.12601953718656073,-1.1355820568701853,-0.5063633878404615,-1.221151984829623,-0.8733704257756817,1
2.215517270505284,0.4503255499211631,-0.5479012892908741,-1.130453936963918,-1.1741582101489514,0
-0.7433028790766288,0.15144229796717254,0.6334794697748762,0.7573605704960001,0.13257628178817737,1
-0.7061266475008652,0.9335900416300499,-0.748252316365439,1.2139897412290261,-0.4035593878500906,0
-2.474604623466139,-0.9873912716301481,-1.8482962266681042,-0.20720698580102004,0.8857763393259525,1
1.699676080970254,-2.344947823161921,2.3054962172834013,2.60943756697961,-2.5071396398431083,1
1.245555108583019,-0.8032458799624561,-0.27012669506098946,0.5584084184644836,-0.09092760853854975,0
1.0550604047978012,-0.02462850528389678,0.22189451965781354,-0.5615033005107137,0.36578648543739545,1
-0.33340439432390095,1.7302364899841012,0.4118561880615804,0.48634418554421316,0.13059766353119806,1
-1.5200514358730066,-0.6437416293224814,0.12887294892072476,-0.7293589148177492,0.6416622179585704,1
2.9392255639756697,-3.8908820349520767,2.1163108242733943,0.5746127885513636,1.7452368419897433,1
0.4260166424983376,-1.533779461746072,-1.2533249036348364,-0.37013315494992693,0.5834181943894523,1
1.3032737144401842,0.04438645803508058,0.1476010763870958,0.05337513333883132,0.5991217991061645,0
-2.230144117721149,0.615217890913056,0.6803456863589158,0.013621768524067768,0.89065951994478,1
0.5851785777772308,1.473734055353673,2.15524990121856,1.3288959892725054,1.1984495139623086,1
2.722627379399824,-0.5288710802159368,-2.9377411706592094,-1.399037984148189,0.7495963871154937,1
-1.2525718168556765,-4.244678816487402,-0.1778898679133731,0.009710909355483419,-0.10104919034115409,0
-1.864570275449561,-1.2111318936698463,0.6991532271302836,0.8774354108783774,-0.48674910455098586,1
1.199679751121961,-1.4807972582907611,0.6901475353701706,3.304996821095281,-2.5868205257304333,1
2.6605795766711826,-0.23721808901570088,0.03037800949876164,-0.7654591575312437,-0.350236404206284,1
-2.2531072143938218,-0.19270321991913913,-0.9188983873645011,-1.0512337549132902,0.2542017416586209,0
-1.2166832021140643,-3.2552976146394728,0.13643638881278242,-0.9427598124155857,0.5168379042396746,1
-0.46990719627642036,0.12150497259120732,0.228023786486931,0.4739759142133438,0.5318994280253504,1
3.3336927069862448,-0.7737544016985987,-0.44448973592960617,-0.5294658991115114,-0.02809194638869181,1
1.8031839992513041,1.121846374482398,0.2575479951053151,-0.7187853746082227,-1.3460743903138441,1
-1.829768131093037,0.15831393786361167,0.9464721904425867,-1.0276428654428655,0.21840157336723678,1
1.0297192293134418,0.7642006729563137,-0.8116506627312123,0.5390518684858742,0.6327531644770731,0
1.2182181964654757,0.8737603639765834,0.5468782213740938,-0.3108299134243181,0.2519834003501914,1
3.0991228026774724,-2.1933399533829863,1.4428665294591279,-0.40008950997075937,0.11676356290701631,0
-0.3451306743821222,0.033303590413855604,-1.772577654154956,0.18666060972408727,-1.8100443720188168,0
-0.8410122360996477,-2.283113134196246,-0.7051809377032816,-0.05131623721212804,0.6695327346303608,0
-0.43987607722415584,-1.109126041310093,0.11388323143235142,-0.4488333610398811,-1.0319958454615836,0
-1.3465366231009968,1.772844377604556,1.1481033085997312,0.3020771462626873,-0.2228135011215369,0
-1.9322956159415974,0.4212417193045289,-0.005994859760214886,0.970630996878468,-0.07249188473177187,1
-0.40695652867561194,1.478585163695409,1.62431732905945,-0.33015907001329664,-0.13104172982191656,0
-1.5982935563532992,-0.0880430341655597,0.2371127789853756,0.7398816878183962,1.5267169725866492,0
2.5139911190783213,-1.1538646719927637,1.0797569871618495,-0.6512711316172083,0.29242467398698524,1
0.30925874751903465,1.8070818486523441,1.1764002383770078,-0.02903094650247103,0.11051109273251086,1
2.731596854663235,-0.17960981871601991,-1.1874099614980727,-0.11581473809459905,-1.1039038706906312,1
1.6652440381440305,-1.5031831742034791,-0.4898397692477508,-0.9319404338712742,1.0798798835002448,0
-1.1764791731781525,-0.42626890552411384,0.5516840694453912,-0.34902225862955694,-0.7980102678148266,1
-0.9280245458633432,-1.2971538380832413,0.7773362578952911,0.20766262894040627,-1.2487659548667145,0
1.4978495682037452,2.0667234412536866,-0.4647092022904436,-0.305778184685221,-1.079606963167148,0
-2.510137404667499,0.6624358222213099,-0.8450425081925718,-0.5388853567175365,-0.4932915397226571,1
-1.6122729481501652,0.5689358276875498,0.46722446879980256,-0.8749292354784652,-0.07714709490343212,1
2.299697670842276,-1.744387622955813,1.7887523046542737,-0.17833328455440595,2.266108265594019,1
1.9795398165543094,1.9967675267353266,0.05545959796099377,-0.1856831153399705,-0.6290232353650874,1
0.8804774779182657,-1.0856726908328949,0.3766590305097208,-2.1190476570198395,0.5405936354108468,1
-0.4528266549179121,0.6961989097937302,0.5893539967649857,-0.023436470500730496,-1.7179083980101033,1
-0.4765606847046496,1.759687446006405,-0.0560648827660555,-0.7890485378420126,-0.31609110756989367,1
0.30264382537327705,1.7399698165112198,-0.8809574121729568,0.24461279533187352,0.9693630204462396,0
-0.9842462924938308,-2.2664837567986647,0.5407226705260515,0.31091860683847033,-0.8229226068767677,1
-1.5131536851572316,0.7126373409512172,-0.9046279886560954,-0.21312638999526104,-2.2830050002915523,1
2.978073335439092,1.0619923359197796,-1.6321891117724157,0.8065470748561975,2.798300291428248,1
0.3124564836674526,0.23933112689634817,-1.8986196417492267,0.4806350342936193,-0.22097122238296427,0
-1.4251652379648574,-0.09035587839748159,0.020377782693166053,-0.7013348939393855,1.3308043967040737,1
3.8586968594270963,-2.2753683248966055,2.288528114059418,1.7265275678396281,2.1295343526426778,0
-1.5606584348463601,-1.4730285788882256,0.9281962655850777,-0.41733198241732455,1.257838596436306,1
0.5546217495042939,0.4436436287114436,-0.297683084983691,1.6918126554304318,1.2751121081134824,0
-1.6171745960901545,1.0410282093777026,1.562830645643358,-0.10414104501115594,0.10393729554078197,1
-0.24220943908711226,1.7583035346475324,-1.498769858531974,-0.15581324999709284,0.17041771007145504,0
-0.9460612457274022,-1.029060043891162,1.4662744927211737,0.6452303195341985,-0.6215016054788871,1
-1.995798627144226,-0.942431548319729,-0.8693197325289062,0.21240420597672266,1.9050755181737158,1
-1.6567423748335564,1.1377357148730216,-0.7654562111072746,-0.6986540028424177,0.5078397044334961,1
-1.6316587750489298,0.2571313703511419,-1.7278936551314195,-0.46758374694808147,0.609345482798374,1
2.495271650226692,1.2576336129149126,0.9042786583873712,-1.0374695639572977,0.6808673454323332,0
2.0501233179033447,1.4087823849768142,-0.21175407545774172,-0.7879206355438605,-0.955368761626223,0
2.48083273120673,1.8821157658840553,-0.8236468760534127,-1.056036414940736,-0.8159611220270041,0
-1.8109629732216737,1.0584764944877527,-3.8506244408719965,0.37566654354102136,-0.14228349288391745,0
-0.9578615170448731,1.759365440623248,0.6494769212197805,-0.32761178463090096,-1.9188228657495567,1
0.9515797798132491,-0.20685003317953998,0.20673074095822297,0.029643565243166806,-0.7406152709470982,2
-0.3080830689601373,0.8808853871216032,-2.5781534078580925,1.4002753663913963,0.4877554799556651,0
1.0409471668117496,-0.7568733915031209,0.517121066896762,-0.7247534694586993,-0.4405452255762449,0
-2.1554100700233283,-0.5406329274318432,-3.274678766272818,-0.4717433902723395,0.5504534502629786,0
-1.1741636164745386,-0.8482935784569671,-1.1548465979537388,-0.3753220722114397,-0.31654465128759934,0
-3.3804832223932286,-1.0456882710207862,0.3893731361111893,0.4100816301985054,0.980134075868377,1
1.3211066242542757,-0.5779136873214928,-2.5555128181790936,2.230651342714259,-1.3096369985225746,1
-1.1948827982168582,0.08370652811025067,1.2270822339161136,0.5205940472051431,0.6040500947133733,2
-2.849458351543337,2.1517894031170894,-0.15988195078321735,-0.7309930592416438,-0.23345082951466886,2
-2.1210670751683263,-1.4671364439049337,-0.8451908910510686,-0.05512575935696496,-1.0072949132644278,1
1.1667961311636001,-1.1503543262936902,0.6197299829198922,3.2266718746293237,-1.6714759223277669,1
-2.268970909365412,-0.15535197565693218,0.40963147000461536,-0.3636868364529845,0.6788319399613068,1
-1.2107420601388912,1.8608718721301465,-1.07010221613302,-0.7609269172106774,-0.21453583832896972,0
-1.3263181112633904,-0.5780837531581117,-1.5791523639650256,0.32881863493617763,-1.1027001533174394,1
-0.7677145359977056,-0.13455691988182567,-0.3556448230389154,0.08181540063202924,-0.7130741884641414,0
-2.7473534650037665,0.2670568028707,-0.47059264137595436,-0.5373164721232228,-1.6796079968891988,1
1.393419432574538,1.9028620338887818,-1.0318899012215421,-1.0855306993260052,-1.1021561767758088,0
1.2978000543124706,1.5430624144414309,0.11272646930368231,0.8305698657276983,0.5555836204331063,0
-1.4817449973045067,3.1818132634192664,-0.3329923513305039,0.7239875016012821,-1.5213551134795067,0
-1.991634410981754,0.16543995499440978,0.7974717972581692,-0.4722256983497859,-0.33375632288266344,1
2.0801448794948945,0.838964923127458,-0.20644755616162774,-0.42817466551358,-0.07377649130784426,0
-2.0154362019620233,1.0466348441984414,0.2337636013660284,1.0037344051341077,1.3396225480997535,1
-1.3013830645696651,-0.8729902812114028,0.5607431792079289,0.5254484742768714,-0.45524138987907165,1
-2.081729595886955,1.3423698916886546,0.493817930163582,-0.4655950941277263,-1.0420526999280444,1
-1.0070858596970529,-1.556075849236717,-1.0079366098775329,-0.8477900603243211,0.5237786344855279,1
3.4418571229363635,-0.4003602411259533,0.5411116221036646,-0.6828686827629225,0.6070654506604745,0
-0.8699859361195964,-1.3455324585902773,-1.3477529111940882,-1.2848936369542778,0.09504501835024264,1
2.1514840162782756,-2.6883045555541414,0.8206142897222759,-0.3020865251892126,-0.7285240453877339,1
1.8435324296415139,-0.1290949717241902,-0.5792695015590756,0.29386553124789677,-1.452065467413368,0
3.6181797514663705,-1.6472743340050564,2.4928815067804533,-1.0328955032665021,0.4394852233814869,0
1.7292342181250249,0.13386065790082471,-0.3510185970199998,0.034771801387922616,0.13014205507103888,1
-0.5600401404576767,1.127987525987248,0.2723464880126599,1.256659270732377,0.11329970759827522,1
3.98157972275245,1.2104031587176833,-0.8085168803886763,1.1952543316234283,1.117313739914422,0
-0.8872418613202916,0.27364936014218405,0.5545431829014928,-0.20027061695279721,0.14909302332771296,1
3.0124596311860854,0.4884820311447083,0.18551672499844205,-1.6741021954961224,0.08978761917645295,0
0.4334521366364161,-0.3663895144182827,-0.10706980954990881,-0.27571537889288017,-1.7592232029518806,0
-0.5261596114403018,-0.33644993002788337,-0.495184003612119,0.4756524082920782,2.254292549252707,1
1.7066649451453983,1.0090881178437319,-0.2543270317418014,-0.16181480959599073,1.476752553069786,0
3.460812099546733,0.6963614315369913,-0.07688694315621031,-0.30330770762940945,0.7852596276540824,1
0.32881234474716037,1.7033683053600228,1.5626941543844965,0.640227419283949,-0.15883684526989958,0
0.35828024926534163,0.3885256181079862,0.0810575727459956,-0.7662322427739745,0.33086908541065957,1
2.787874989778006,0.7494075293437824,-1.163527783137963,-0.2944120425004757,1.5037713175199676,0
2.3012732923109787,1.2191037121016528,0.759434248717964,-0.5771795425848729,0.5770013812559612,1
-0.5144434746505921,-2.845352312819337,1.1087167502262754,-0.40546144540890766,-0.5759699720279386,1
-0.794150818665991,-2.0377077060923146,0.11336108134897642,-1.3074117442916586,1.4547459600461712,1
-0.7954245042470738,-0.9557836004364723,-0.9281165994401727,-0.5328998562797538,-1.7195183756574979,1
2.86373094796087,-1.3160929885533637,0.3154951810084705,-0.7165740174034264,0.4971888281708575,1
-1.4460428808144272,0.0011689017000430359,0.4373842172324117,1.0795234363903203,-0.2554493897599072,2
3.0471809274412576,-0.15510242114130837,0.04903979822609409,-0.6411825807729593,-0.38390520100907827,1
0.7133040994847123,-0.6816691469475812,1.4140834082981253,-0.5311295472698149,0.7286884699642494,1
1.801085893543425,-0.20844007437185463,0.3607149847310246,-1.3248147097076244,-1.187305823307136,1
-2.601470711244616,0.5288641946083407,0.9889135553078655,-0.22582826195802633,1.2607787647905597,1
2.058123728605856,-1.06847005446976,-0.770230253077095,-0.9819967525721182,-1.5455414231585902,1
1.2815485384961816,-0.5754116989712726,0.7840009822537469,0.33435480024274,-0.5372452980367339,1
1.5129010553173943,-2.23948298991464,-2.9795439590098836,2.31929653382884,4.855893610875695,0
-1.3555955091375416,-0.5371243218903043,0.5670115160734646,-0.11194563408625528,-0.19504995307105938,1
2.969767455548226,-0.15343349006215257,-0.6859120470267526,0.43257370571299275,1.433267191767419,1
0.8844978271131057,1.2389610425552628,0.6899919632615626,0.5232347893816419,0.9057542303894701,0
1.4898732589549988,-0.2801484401401044,0.7865438820644005,-0.5640123520955447,0.5903336868277288,0
-1.4169196476457797,-0.38418334272954474,-0.325459930087417,-0.44981174442687977,0.1820019063932078,1
1.142721461379847,0.8799192383343676,2.152850655075439,0.49913324659468616,0.9008551883669842,0
2.633537248270332,1.0958993222327782,1.5150730203728664,0.4719177853635198,0.0306506069045762,1
2.051800752318846,-0.11214733187570308,-0.28396157108987624,1.0157858510040827,0.8443602611085053,1
1.1285590810504504,1.7767575556513753,0.15737549311738952,-1.0197240037356659,0.14567589141275977,1
0.16654065263351564,-0.062218672981963256,0.1645363977832303,-1.2297602207372653,-1.8350688673783957,1
-0.5673370988062555,1.8952491727234613,-0.23500900083122672,0.7113188850401025,0.1040139039985461,1
1.3163937778802295,-1.9703028266024925,0.6394366864586758,-1.4822229602172492,0.09494092164346991,1
2.6605795766711826,-0.23721808901570088,0.03037800949876164,-0.7654591575312437,-0.350236404206284,1
2.8164469545761075,-1.3305794456183462,-1.4898007905653405,6.945533632329121,-2.6961447723160403,1
0.43081667064828894,-0.36501229345321956,0.05978405706738022,-1.312013634649514,-1.722338126224183,2
-0.48518331847508633,1.9655451324518955,1.5263440616957662,1.6653788675452268,-0.566616093185621,1
2.783812456585245,-1.0903193572483263,-0.836382378562307,-1.0597666019294956,-1.155319533414337,1
3.172746524378492,-3.299927858291724,1.8075474945584467,0.20534819214281191,0.9826563040278198,0
0.8166830828779443,0.5041965551069116,-1.3756937553301094,-0.8421742114012167,0.8378654829601762,1
4.63071859833573,0.3240471155960083,-3.6561137203395924,9.541675681357438,-0.7749904944288039,0
0.3993101463661438,1.656802470843901,-0.7034724907206068,0.16242436064409882,0.9769954048512295,0
2.328857295471325,0.6487779027778628,0.5234147421407914,0.25581521238319616,0.10310523413159102,0
-1.2964999738553273,-1.7499725605061982,1.973125846019554,1.8938653749182484,3.3940499735501217,1
3.342869159429046,0.8580358468630547,0.8924487414023335,-0.21877575938575486,-0.04521470664624681,1
-1.504007608848052,-0.3128498949273213,-0.21730632958447013,1.5585419855232094,2.2815688327525754,0
-0.49508107813953955,-1.2480439188626853,0.04923651619901539,0.3843494691715964,1.7850971347520708,1
-0.9071184203609494,0.35441320771587065,1.2845518766632167,0.6029847630756391,-0.6625474468850493,1
2.181327544157478,0.4646862006759032,-0.6998788316358647,-0.9845924441600777,-1.2717500606200491,1
1.3814942035984445,-1.0942504463905334,0.4321322744186084,1.647830480398525,1.1996944456490837,1
2.4336969343505777,-0.8915071405388988,0.48150285888114186,0.12147768827077426,0.3373725881403598,0
0.5654439467181398,-0.4859564847350074,-0.3969630252493121,-1.0710518549834513,-2.1958463537992916,1
2.377040980088355,-1.4298057209511779,-0.5075375276156291,-0.08925120605355588,-0.6330486246284417,1
1.8743117289415816,-0.8020560653156557,0.05805955504997386,0.11353214438368163,-0.13877081383929796,1
-0.7998335858972191,-1.0895563309579148,-0.99803648911341,-0.7153930571571827,0.8071848256754952,1
-1.20017273418017,1.0270501606917766,0.27067845894217357,0.6610535515874894,0.15259785937648362,1
-0.5041389769508752,-2.56277945906105,0.5258694866133073,-1.790018648258281,0.011256391318672825,1
2.59631694566273,-0.9970164230887764,0.2425394371508386,-0.08436467010611709,0.6206933175999547,1
-1.4408969045567497,1.2759206026502379,-0.2296975940039313,0.29557222467513355,1.2091746311955125,1
-0.04065971231098212,1.779804519301912,1.5790588364594187,1.6172686048355545,0.616747156979677,0
-1.5021122750277875,0.8339015731144628,0.46663296324895315,-0.666420753142181,-0.012068344792463137,0
-0.41784501941710356,-1.032029177099397,-0.8197896373820704,-1.5688501830351904,0.49433073568662683,1
2.087276712417657,0.30989068635287287,0.14307348158366343,-0.1253467986301944,0.592888431196537,0
-0.24270624962826481,0.8379366352238642,-0.7151656250741929,0.6888635763795946,0.36710880390170414,0
-2.757185624358742,0.37609347738138693,0.13007159404534402,-0.13990680974575673,1.5475601425535555,1
1.3009774499497693,0.03550481150909287,-0.045160732294487936,-0.19955390676385173,0.5092516393429715,1
1.0830431183799343,0.38649911878926696,0.37239894637083387,-0.6531565418807888,-0.4019630624124729,1
-1.6216549521912387,0.9986510440354416,1.8521885799590885,-0.45715701040419154,-0.6879832205376862,2
-2.1467417363962316,2.095753086275024,0.16792691429124912,0.46737333434530665,0.0949590901898961,1
-0.6655856444562029,1.0004370624086842,0.8269179389981914,0.0003545498890799879,-0.9251177283517399,1
-0.7124156909565549,-1.7267510673288324,4.393011386669101,0.9310719961746552,1.8146562018773258,1
-1.626497164195349,0.303157704265639,-2.0205614169834343,0.2792562162596657,-0.9969145342660911,0
2.8126226157731504,-0.2323710164017466,-0.39435781608889453,0.36209703700475143,-0.27846856422912614,1
-2.1669215269160675,-0.3929187369382338,0.2580763361329101,0.15701271370542222,0.6916277589178969,1
1.3630327143192762,1.1986351425702286,0.5915282254582671,0.16544857311520877,-0.13929999488488445,1
1.872622082949171,0.6188097402520208,-1.8857115828187505,-0.06207541857125393,0.5482626546616728,0
2.030449311028442,0.5577279684507732,1.1855366093351614,-0.29029379139105727,-0.017920123388579977,0
-1.344288760340872,0.8658803429554207,-0.852779959183913,1.51751683198048,-1.019359930992355,0
-1.5086380072114538,0.1834417227694155,-0.6734732172049135,0.36377502106130355,-0.08474109662192914,1
-1.6099366384810352,-0.7930451236166384,1.1005551444204853,0.18533525035042997,0.48754448539955153,1
0.37324639636739976,0.9980541215391017,-0.7446942881052147,-0.9089683686263051,-1.005483219903535,1
-0.7132786566115705,-1.681063340116767,-0.14478843350065823,-0.11746636750516826,-0.5348756012104559,0
-1.729554351424316,0.8334924408932701,1.7378563282018666,0.10464152180889123,0.049893557382344286,1
-1.7727175783168325,1.0036920333253436,1.2475608563914702,0.015428195929763605,-0.6044013195404373,1
-2.130123585589337,0.46308497598637094,0.5956761557165019,0.26717272530948183,-0.8012250106721841,1
-1.179823142621739,-0.340191231619792,0.1977734675717325,-0.4898622845738482,-1.1798560564431253,2
-2.313190884698825,0.6095959793817765,0.5876462150738871,0.9798274609017364,0.15897335782448807,1
1.9316396780152085,-0.12443213119675171,-0.01830423237277613,-0.9489325591984462,-1.6637371965187455,1
1.8978391226995193,-1.0712751781685799,-0.6995036635264962,-0.9465423946606956,-1.0735584120459776,1
1.230585746167284,0.5636584732738475,0.2652284943184541,2.678171848156667,-0.6304327198245188,0
-0.296959932514012,-0.1843008503647002,-0.47188784176867876,-0.09600797697223615,0.6463620265084311,1
-2.7486190252200005,0.4422761565547994,-0.46037326036759163,-0.2869193516608624,-0.031186753117592787,1
-2.536554832400652,-0.7294143019638695,-0.5614704872897571,-0.9045496488697377,-0.25974202003284347,1
-2.480731694274265,0.24687585940936704,0.23265647737586773,0.1459526367721835,-1.013756899724174,1
-1.5715252680334209,-2.3055745633350284,0.4702177495322391,-0.6129241093099671,-0.1418200795226467,0
-2.7324044782185233,-0.3721739987601673,0.3777017998536683,-0.8681571814307131,-0.3093345655777503,1
-1.5318265917139262,-0.0649078974172097,0.6753450002865468,-0.9432825625553569,-0.5200704754037587,2
0.5746878450080624,0.7182652402094237,0.5739019228368314,-0.8151077510359371,-2.0784682115367517,1
0.22601431532609537,2.7518588056268056,1.159534845701305,-1.1359188702529204,-1.0676717763095247,1
3.4731938574810015,0.7428830035277905,0.10096820129595666,-0.26910891056564235,1.6035500859452572,0
2.745897963589197,0.1863941692310138,-0.2512588795522051,0.7883039391934686,1.3226265315005696,1
1.4193938914485393,-0.02461036504819159,-0.6337264158567137,-0.39268494266194787,-0.4173153608326678,0
0.2518043946083945,-0.7161743440293759,-0.2342222541670817,-1.1767241050271948,-0.5365168056854656,1
-1.4041254247798234,0.7908538209799845,0.22528440389301127,1.215404715302961,-0.7069891682900374,1
1.3189379349177481,0.08117286763910347,-0.5689449734270718,-1.4678347949995312,-0.7396501430614081,1
4.336173368519221,-0.2022746020899262,0.16469760108200873,-0.5031944307060306,0.5573105408405463,0
-1.114098753028597,2.8034324237556665,0.717479939385986,0.009668863622648722,-1.0243296121926118,0
-2.7563343139530785,-0.4476973823346693,-0.37262742507875846,-1.3934617373447291,-0.07409926314154211,1
-3.150073551036955,2.2544178830290376,-2.0183159890814295,1.0133746292125092,0.317951957116525,0
-2.1741391451680676,-0.7529593188601743,0.11688367565270151,-0.8258136923847137,0.3907861277858348,1
1.2002209111311437,0.8678450581591031,0.5481772450550051,-0.30400914756006053,0.24486341661593847,1
-2.2325588154228644,1.409172025034138,0.14561237538808425,1.3037699237768552,0.8960922818764269,1
-0.03301648716490597,-0.37366210014228657,0.054928207920085376,-0.2990613931390586,-0.04729909337922672,0
3.3274630286151603,0.08872437845320724,0.04565645682469628,-0.7490018658467793,-0.383205197784741,2
-3.5661807307582736,2.261581845012673,-2.347743408020715,-1.035497422184438,0.3138238623907237,1
-0.6445878355162732,0.43076994764204535,-0.3563306994621356,0.9991166002249485,-0.7140776592216918,1
-2.8979485217071015,-1.7152239803538547,0.7243553727464364,-0.8052590050602867,-0.7188851308317548,1
-0.5856320507327037,0.20226311997726432,0.3168946189763562,-0.791279636598101,-0.3212401519879129,1
-1.3300354425016292,0.012433898729116613,0.3587364016624118,-0.2733803358793727,1.482806378200693,1
-1.6861624920604696,2.8821292483823293,1.012374545391235,1.3336358389886378,0.17062323157079015,0
-2.786804742320398,0.355814506536423,0.9316811008137397,-0.039572312493401554,0.7644365628816207,1
-2.298436811261215,1.8589633423245808,1.0760628253830227,0.7533225370234458,-2.024114489108351,1
-0.5950345507214605,0.9324796555957088,0.9706834078140354,-0.10529188060483154,-0.8941201433424736,1
-2.5946871223064925,-1.7840436161187179,0.2517986162676528,-0.34612847143165815,-1.296099989267382,1
-0.06604586549490504,-1.40486616748568,0.43214088391125494,-0.07394688582147552,-1.0286725889996569,0
-1.244806539426233,0.643047015775837,-0.36698051369708445,-0.372821811683512,-0.6214289521033726,1
4.4567290245400795,-1.5878822286598353,0.5839552543224621,0.7088252152878478,1.8253388506304788,0
0.8889332836374534,0.7089683504046423,-0.3145753381187207,-0.33483215588899967,-0.8480249289265259,0
0.5670166936055686,1.1780940879085975,-0.47603987348698945,-0.9280815735660483,-0.6426041362119542,1
0.9314701616833713,-1.6439282102751356,-1.0292268092843564,-0.5662716910464428,-0.5736823282910568,0
-1.8458400973155176,-0.7498605961928483,-0.6000865285276448,-0.4909904767214656,-1.154781070356624,0
-2.2684301243176157,0.5050196355423733,0.4060533137819403,0.3909853137265584,1.0830640026604366,1
-0.7991420342629054,-0.7991089699073345,-0.2843664142318128,0.5495065142646218,0.4856343281299427,0
-0.38704875362447516,0.07736863214575432,0.6550204875140773,-0.7932802848028595,-0.5121958930338936,1
1.2778506115560344,1.5456704157598853,-0.0831685219160973,-1.9707070237560977,0.08836391967019137,1
-2.205179396287495,1.2312733751527052,0.8731078490208186,-0.3420260354750623,-0.22051839677702417,1
-1.3744687434011087,-0.6329518776380879,-0.5757303137013883,0.6441934702242375,1.706518372753253,1
1.921173452668926,2.2707928136458224,-0.4587583623869534,0.7100339678886146,0.7607795850106153,1
-3.391510737560485,1.9708795494432636,1.1865690528301225,-0.14575010657111526,-1.5437087817645907,1
1.4370174098423882,1.3437116159174147,0.1022191534957494,-0.938216333547902,-0.7714199840385243,1
-1.2898406446019166,-1.7280978133140679,1.0160819650728812,-0.07950621571697569,1.0894229603256056,1
-0.48946318315870185,-0.5395729742740648,1.817406643259388,0.31474205112569753,0.29261465327453534,1
2.751345251198572,1.7072417261830624,0.22465764612765546,-2.0957519828205053,-0.4762422513263177,1
-1.8292833300978677,-0.7769848250255931,0.22226788835972514,0.007219561672038961,-0.9463723875138298,1
0.3931243847014618,-0.007744396368901842,0.6829751103984705,0.39510156631242566,0.15806920777386463,1
3.7823213270840923,-1.4997019633953763,1.6747598372147876,0.24403734216568784,0.4571106965413031,1
2.0884139506774764,0.332786652642956,-0.06230765828292849,1.1826346021134155,-1.530424047871704,1
-1.702686150421173,1.188499795421383,-0.21861441272182233,-0.8803211302646583,0.4794846770262932,1
-0.35249657677551066,-0.05485920335064936,1.7251841132028514,0.18644350856414382,-0.4129454741914723,1
2.606933385061711,-1.3493504287053446,-0.44838769149072194,-0.6168996592438691,-1.1271573575454235,1
-0.01196721086796272,0.5631629464975436,1.6612411053265934,0.3967535565076506,0.976805950235073,1
1.201611580535,0.5950116869390574,0.9338752217886583,0.0574639668822364,-0.34658919746491423,1
2.1389398605893817,0.7767110125005737,-0.6354563658025163,-0.28321030371870537,-0.1381621936013358,0
-1.278694932828605,0.27188563588305115,0.9973281796490789,0.40539720823843023,0.38139232616408963,1
2.384471445486704,-0.21989887198516067,0.28913730031401946,0.3703661571043588,0.8051564955853044,0
0.1552910052742684,0.13148482969015854,-1.0364558451899555,0.5579907153772509,0.3083915500823018,1
-1.6756238558935066,0.8245745440689256,1.974675521270735,-0.2657005642727049,1.0766785980260583,1
1.1494413360885414,2.0366962483001356,1.5070741828845517,0.8037417978314597,1.1611583709751203,0
-0.37019555768648926,0.11694538889039625,-0.4938663499953341,-1.8819703723895482,-1.4439635569969214,0
0.5072166341260282,-0.45490992052543805,2.5932402548667044,1.231341462930328,-0.29273364564782806,1
-1.5327890756719502,-4.492280155676653,0.4382326328171465,-0.5218766224360072,-1.6089694812281075,0
-1.4995502759102486,-1.1148169938165176,1.9573974805638654,0.5038255245191521,0.46270175329709456,1
0.02362329064348791,-0.45186396375760807,-1.7512655801610832,-0.7167337193313275,1.9034343361040331,2
-1.2782350480148434,0.08961826245897551,0.34400909134600116,0.27955106727333773,0.04030015727188231,1
0.08221894562801071,-0.8854077708562108,1.9986980087491315,0.0612361798685706,0.19621939173326988,1
-0.1765953079533124,0.9969791919346678,0.5417689565678616,2.008699153846744,1.1213539819677534,1
-2.032257721128047,-0.8500478840651697,0.7361582669251673,0.09982826188276939,-0.6001371960434413,1
-1.127919422772537,-1.3677731274724534,2.494836254449375,0.369698355926631,1.6177018415898734,1
-1.448586073445458,-1.6226980836827396,0.46060521424881695,-0.48242726522475476,-0.5762002215073032,1
-2.809714796217323,0.5764110500103214,-0.4794918866231693,-0.433812660323426,1.2895167870384654,1
-2.1762209291529753,-1.0533328592885183,-0.035267681708887014,-1.058641472985677,-0.7152230818595738,1
-1.5110665967783514,2.840911913002325,0.444320538803423,-0.7440437271082694,-1.4065584261560118,1
-0.8965714223704525,-2.079867091180012,-0.6015413330835732,-0.5153592752545836,0.14732383902761154,1
1.5384043984916578,2.171668428432399,1.8606178671597677,0.588349102478205,0.5427950663194753,0
0.7202989683421456,0.9339798741532864,0.8718923725901733,-0.39930056894048443,-0.08348326951719519,1
1.3036148383673667,0.4205885555071611,-0.5742127473849072,-1.074755111976181,-0.44657814898629794,0
2.819441256043018,1.50774788281339,0.6694108720096035,-1.638874906198692,-0.21113853927725243,1
2.2005291200730617,1.307823295197686,-0.6492483277973575,-1.2230686452428665,0.4728772648567579,0
-0.4269414403118076,0.3845997639245672,0.24078586859651457,-0.016164173451581172,-1.0780396912323804,1
-2.226238901607681,0.33658264934021487,-0.9163753546779045,-0.6954070598885365,0.8962323270245519,1
-0.6549784224590638,-1.6700204559799603,0.8095692093106334,0.7656526982558242,-0.0438901607313924,0
-0.17839844898992102,-1.2639041986086264,-0.0519497175359585,0.12395741698380407,-1.2383261571063169,1
-1.1085296473589743,-0.15411653689457833,0.5846652056671824,0.9050014312089992,-1.5597934942879208,0
0.49311341873568143,0.9588694058518615,0.5393865852710882,-0.1453104236553148,0.6364927995426533,1
-2.575165643760201,-0.039213037563557256,-0.03342573238697861,-0.9361170880632593,-1.0201266449976911,1
-2.5356393478650725,0.47468482609612667,0.15041063525347315,0.7068312429125345,0.8864014074932685,1
0.9307560675336242,1.459682239245266,-2.477006042850805,0.26588536709641253,1.5951054969130447,0
1.703130647770903,-0.4492995772761534,0.8555655778831668,0.08071401518107268,0.16610276832359777,1
-0.7097072789448761,-4.0386327470923025,-0.4120337963659157,0.0059604834230561595,0.39164098955436777,0
-2.6968394720230835,0.44969699907050087,0.6395707366844129,-0.5252267378548487,-0.5549905013406631,0
-0.14316292175064632,-1.1075286114864138,-0.5334364918774879,0.1425092856562366,-0.7191616879076942,0
-1.319701842368794,0.82883246459562,2.357758430874837,2.6128150103798244,-0.17074993910085512,0
0.6805171317278699,-0.4029934490720016,-0.3622484311182841,0.6459111676987243,-0.4247826216821644,0
1.3381738835292576,0.7048988896074487,-0.6862485023667801,0.4063153392179305,-0.01364878114942262,1
1.8601731536580062,0.22078948838245066,-0.438465027005907,-1.0027677925654452,-0.39107102906082214,0
3.298161203019573,-1.309874519464031,-0.19454540280080626,-0.3594271201713666,-0.34798418241213447,1
0.15529054838779632,-1.1897999349321073,-0.017531522501136203,0.27021947945335567,-0.3677058596863365,1
-0.016601979474256404,-1.4064401408495844,1.1525541687507235,1.0067290914271356,0.6411270192600924,0
0.469465342210314,-2.018530202446213,0.25375841627958057,-0.3816169762787446,0.9101033919443487,1
2.430500507737011,1.470866179212743,-0.05709904826392189,0.5226332719378498,1.0811031670561715,1
1.3573241186355582,-0.20730236693308446,-0.45611581599991685,-0.5136425430639329,0.14218166613548963,1
0.2239972210798846,1.24055500203169,1.3104007283187804,0.6857556968966401,1.2448037940056984,1
1.8054530717076271,1.1292989726389642,0.46205097376142756,-0.47999458395399397,0.19432987772089025,1
-1.804067007961356,0.43447669155014224,0.4649825317756563,-0.3893782241680331,-1.274598949881958,1
-1.3053872818518344,0.7910935353706124,0.6982033042861392,-0.21043902964975353,-1.8051203089398349,0
1.8743117289415816,-0.8020560653156557,0.05805955504997386,0.11353214438368163,-0.13877081383929796,1
1.3202918889778061,0.2641367859328893,1.010467110418436,-0.1683844741992414,0.4391990947005411,1
2.042160690606422,1.1375432400698544,0.5245932790176138,-0.9183079983008551,0.15328186837766816,1
-2.515202699717185,-0.7282988064761735,0.9324466353339881,-1.4017248760369707,0.08823585837278171,1
2.9837167051672253,0.3333600145891312,-0.1783198436958674,-1.3417860446004677,0.3864818363902325,1
-1.4839009035041884,0.07228927746526345,0.5690816394206827,-0.7269738230524108,0.02279606052571318,2
1.735211410904773,0.47686392537102473,0.7588303435642197,-0.3992362496462297,-0.1353747489632426,0
-0.5586635719313736,-1.3267296993555189,0.9144871975474581,0.14980364469666432,-0.10852463901913717,1
1.5203834224309631,-1.1336752696059378,0.022511875180199443,-0.3850829063929088,-0.6573402923646394,1
-1.1177907971899772,2.268627942895821,0.035010845331904364,-0.2917892400139932,0.6709355890890764,1
-1.3500182727374999,0.42318482624118414,-0.49182334886659496,-1.2765297735595562,0.5219642351771896,1
-0.6275105771951298,0.10594066490198725,-1.1659128853203233,-1.117691384651284,-0.6823614778740222,1
-2.821543813883148,0.7368916081500999,-1.497716369014766,-0.5632997885154393,0.12874415776183296,0
-0.5097542708880105,-2.245313616201013,2.3881558224615778,0.005717795766436813,0.2666266038257988,1
2.555906273918118,0.7243754409142344,-0.484591399126363,-0.9245569508632406,-1.100925009506565,1
1.7819862085613623,-0.036712072752376236,-1.6122532922421495,8.42757053988124,-2.5992782737043423,0
-2.489355898917861,-1.9349942644774012,-1.6971087555353432,-0.7410428644188741,-0.649562153696322,1
0.7566921777089627,-2.363411649267659,0.20896531213301878,0.8580593958578574,0.870177067735887,0
-1.448586073445458,-1.6226980836827396,0.46060521424881695,-0.48242726522475476,-0.5762002215073032,1
-1.9275885049040586,0.19713545121228643,0.7831183649815592,0.7506753002180178,-0.5942025353863091,1
-0.46486869703857836,-2.864285582622461,-0.5238484318712425,0.8711467787127707,-0.5932099142552125,0
-1.7369948208102195,-0.5733891476392234,-1.0190271394123076,-1.466709793214913,-0.934040756958007,0
-1.32420251803282,0.11325267793762833,0.0038550419537525344,0.5489763542939314,0.5515955736718376,1
-0.1728668681838857,0.9282318330287713,-1.482167117061388,0.4389140158586672,-0.5842324396928055,0
-1.8417188761220737,2.107476191807933,0.9300213640352349,1.4541229454638962,1.0789806139266718,1
-0.6897524562640274,-0.8561010536238512,0.8183094816168177,-0.10351101211860525,0.9290531672256858,1
-2.15701517830522,-2.116413359892298,-1.5461752203061763,0.6801485516907586,1.1795457918889842,0
-0.9696119381930519,-0.3699514610381585,0.5229585882272283,-0.5452951523635196,-0.6220894479643264,1
-1.5258228929492788,-0.7676333071053106,0.44957037213989265,0.6520565647326955,0.4192955644841342,1
-0.5804758432574455,-0.7078957682740349,1.0932631985449497,-0.04942886002327124,0.32457126730952024,1
1.5106906738966592,0.2542330358699992,0.8185390575748015,0.43176816184710776,0.08854267894496803,0
-0.5194545297171587,0.40596648271773134,-0.34235652152385787,0.20814711493982604,-1.1319892506791667,1
-0.894223425712797,1.468242615658372,-0.5317816020981836,-0.4189313337078887,0.3637465594756195,0
-1.3335207182680688,0.7690336328245209,0.44058418007499667,-0.11663527137345946,1.061860344827782,1
2.787874989778006,0.7494075293437824,-1.163527783137963,-0.2944120425004757,1.5037713175199676,0
-0.8718337639890021,-0.16562481706375462,2.2179091221131575,1.771654991883562,0.9498661074762378,1
-1.4066362763248723,0.25625346040076363,-0.7433998801225147,-0.43717138555122986,0.15427559853228193,1
-1.1149438716107452,0.9595529113195813,0.2416079406687468,0.020150631386836218,-0.9451208748553008,0
-2.652661253697773,1.9642907932209814,0.6445593543313182,0.2676843814001371,0.9033226469356,1
0.21229095587348973,0.11061944702278248,-0.17070662924855698,-0.8248450029818502,-1.3961767151817466,1
2.6627434779613273,-0.6894573914253562,-1.5053698041771093,0.8930519921923858,-1.70102384412303,0
4.70524817733547,0.029979725680635946,0.5796725414887649,-0.44419107435806554,0.3370296611282001,0
1.8295265667247218,0.7775142715519237,-1.9895685245696018,-0.4211654262525615,-0.5171011773078459,0
-1.6756683100417966,-0.5496413244770914,-1.1092419270023404,-0.3167213102317463,1.6917273425172141,1
-0.8562231577367532,0.7634778746284265,-1.4681203289905658,-0.07912145548001524,-0.33606108112473054,0
2.058123728605856,-1.06847005446976,-0.770230253077095,-0.9819967525721182,-1.5455414231585902,1
0.053451104834908905,0.6508763814414208,0.2705706102574865,-0.8216107755713249,0.483474223000397,1
-1.0389612070624394,-0.15869720596700437,2.035172906246239,0.6616324515000808,0.12628114544821073,1
2.6018334462253363,0.8362718229814882,1.3241317501822345,-0.27341684738352123,0.3278972092853787,0
-2.438098982219369,0.3418982127027908,-0.25390107032291864,0.10174753543132742,-0.7355224832600966,1
1.471006679651131,1.5968603088135518,-3.1775707321354836,2.3133107578009935,0.6043752625573822,0
2.809302022693227,0.6389545061035654,-1.0000425270990378,-0.5239553065117846,0.11381922324474723,0
0.2327512366827999,-1.3434899831173528,-0.17848120736194076,0.5209695013540431,-0.61592437719218,0
2.7325740334672406,0.8473159232115616,-1.1236491319918438,-0.5139571872779864,-0.5445421282082524,0
-1.4319486562868065,-0.733947343791007,0.7305810957322236,0.13166138878750464,-0.8039417739951654,1
-0.46731392799664345,-0.09555114633959584,0.788978671321736,-0.4679588817657475,2.4405674384167266,1
5.137363370907444,-1.5633804740897022,1.384889846049005,-0.18495016837693204,1.0941761164450694,0
2.6627434779613273,-0.6894573914253562,-1.5053698041771093,0.8930519921923858,-1.70102384412303,0
1.7337686005686292,1.4079594918207297,-0.40161903110400987,-0.3239497430751717,-0.7239152268250666,1
-2.7307546867520585,-0.2677316276370211,-0.4168799460983667,-0.2792141593161089,-0.1763623763918831,1
2.6231296676235667,0.548425695697599,-0.9246406687408308,-0.93284802926974,-1.209078934417577,0
1.9843900864525041,-0.6879859910498368,0.013500858328287681,4.380803279759717,-0.6267560105950285,0
-1.6286859420431898,1.969043929894788,-1.4561690368561022,-1.3133196324598573,-1.5498218987529826,1
2.4852847994247194,0.029437322267133897,-0.5694155994574923,-0.43867855300205966,-0.32118109951065626,1
-0.2961117939511813,1.3763251373900378,-0.7210636708755578,-0.549655434821359,-1.9371942406359608,1
-2.0141424874939267,0.12274841407049032,1.1389103117601238,0.1670015594414212,0.13247649418151622,1
2.4336969343505777,-0.8915071405388988,0.48150285888114186,0.12147768827077426,0.3373725881403598,0
-2.350473913945847,-0.11169553202684573,1.0206025832784538,-0.4534159041098467,-0.24758155041281013,1
-2.35151901212312,-0.45491404306438865,0.6922251382461473,0.26135546246426566,-0.7024195505914954,1
-1.2676012451925827,1.2672820426808444,1.1954625708029134,1.1406294534637964,1.76289715323997,1
1.2734419324309558,-0.6596510356358118,-1.340123365479074,0.7420628195838314,0.42294361966338595,0
-1.477809072503074,1.0725018318668202,0.84701105755944,-1.1985920969208663,0.2685137202262246,2
-1.316875473032619,-0.07360878165469564,0.5755250563150967,-0.20420707902284577,-0.49585084538524166,0
-4.160785784532654,-0.16870193090814528,-0.3724689556380449,-0.6301870085000184,-0.7539044214829096,1
-0.21046331708275398,-0.75106434246996,-1.2277577918763578,-0.8494472196215276,0.4012319894160375,2
-0.2846508755555685,-1.9280093387787514,1.0796428086257366,0.9859932981470868,-0.35634963674396497,0
-1.7785838175158706,-0.27238296082686797,-0.005869278468155077,-1.1016650766452005,-1.6301996316235745,1
0.10313430159127725,1.5915405277594128,-0.32446271464486875,1.3390164205278028,-0.16730201861919997,0
-1.3245176913261985,0.28895605233730337,0.06410112136483775,0.0031201481031266436,-0.6966861000541196,1
1.0497177269929885,-0.057203917270339605,-0.418933363393463,-1.3377310393768953,-2.2236212409298823,1
-2.769606521476143,0.6839883668972572,-0.5176395399992921,-0.035297213561913655,0.012887060565741848,1
-0.03299738664561945,-3.477207673686822,1.8666253991836157,1.2108315045860132,0.04825830613638627,1
-1.8855615831790555,0.5190090865500337,1.7523625951528519,0.4986571000858958,-0.1602354395837332,1
0.05228504307030994,0.28650282094214335,-0.1709135864307275,-0.1830696031242046,-2.0395045824087608,0
-2.9890018640257887,0.5410607827419309,0.2823481416156843,-0.8548501622131278,-0.4076871337644634,1
-2.1420835689317,1.4530127577883605,1.1290107741929905,-0.659007048926325,0.2028612793663266,1
1.8031839992513041,1.121846374482398,0.2575479951053151,-0.7187853746082227,-1.3460743903138441,1
-2.6822058643841125,0.09021142272860491,-0.4985039583028889,-0.5010680375183552,-1.595137858555824,1
1.8341951285506175,0.3148543135462952,0.3836388368911472,0.015543331570244684,0.1938694400276537,1
1.3009774499497693,0.03550481150909287,-0.045160732294487936,-0.19955390676385173,0.5092516393429715,1
1.5932720614893996,1.2462509127065124,-1.1864391244182704,-0.9349521995176358,-1.5446411064433088,1
-3.264593068790893,0.6725484594583794,-0.7641398822357706,-0.2808778406425687,-0.4681500158187668,2
1.257834810699821,0.8343664880695834,-1.1076342944645439,-0.2518437598238335,0.3091578007585292,0
-0.15011964957874863,-0.4094351123863912,-0.18570048946841494,-0.8705893960842135,-0.8036008055391793,1
0.525624004603548,-0.6069751786751924,0.9034156654627932,-0.11640619884404516,0.4443813556108829,1
0.9442949785653759,-0.5330413358332231,-0.8019471417067218,1.4199389450154951,-1.8239408215405024,1
-1.7300480979486987,-0.4841779244763491,-0.5051655780510313,0.3199079400943842,1.61774778335999,1
-1.8176335863535449,-0.8540627382121794,-4.9912456663045575,0.08605109375817281,1.7206774867449366,0
-2.7112291025661555,-0.7888949551131295,0.8418974514230387,-0.6559381715515851,-0.8370631077063638,1
-2.330830775474268,-0.5765493539159979,0.43856116370011966,0.3702941885189484,-0.5288252439020131,1
-2.077663538316478,-0.9999811736329862,1.049737238385357,0.04098578861936989,-0.693275678626812,1
-2.5502018630752334,-0.7005897935811708,0.6976448432139771,-0.5376279050699921,-0.6691313613571046,1
-1.0277492434502218,0.6964332080309807,1.5922284136463576,-0.1589431812500516,0.8746257722537442,1
1.915573330455232,1.494888480196865,-0.39665020683162455,-0.9357304536264726,-1.0908059352563237,0
0.6147122227205946,-2.102421538027059,0.4050080130151644,6.138784334049446,-1.754170063027325,1
-0.4652971586579078,-0.8237518677810743,-0.4510619213722773,-0.35272450694740987,0.32077877665808635,1
-1.8006168224836996,-0.44296917382714135,-1.0262162149054126,-0.1279286702463178,0.05487587661796983,1
-1.4841864689747337,-2.163086296082071,-0.9689328379119667,-1.0129406469965638,-0.3173788635644584,1
0.2568476656219924,1.988162090908869,1.1821206151153967,0.11231803619235835,-0.81864211480968,1
-1.404910581201304,2.157588341045946,1.314121275496755,1.2814935305729924,0.42759804506253035,1
0.6718267080737963,1.4933841308746767,-0.03421940508591626,-0.5896763379259755,-1.5713450221904581,1
0.825090584247944,0.09113574277387104,-0.8905031499633522,-1.1171456090024812,-0.532059317124747,1
-0.580682738989493,-1.2268034733515087,-0.976359947950457,0.7498305240190459,-1.1439917346999318,0
-1.7248861962878108,0.310958272255071,0.6867460790373741,-0.45944927985030976,-1.5476603112377052,1
-1.2040829635284713,1.0290267858048243,1.631114497814145,0.03213679164899823,0.09049083926462373,2
-2.729932533974211,0.3493093253402755,0.2079187024087654,0.40718308815450066,0.032752599748382884,1
1.8788362262095488,-0.2295894917526433,-0.32695985015660045,-0.38933891801124954,1.324579655850963,1
-0.7595420769144973,0.8005911858886793,0.9749876426338961,0.6943534177856006,-0.7682477748180363,0
-0.5855768833331517,-2.2674951560580388,1.453792388115068,0.7191539456147994,-0.1469664253442588,0
-2.6071646001475384,-0.01181877974674407,-0.14685240614249376,-0.3495128787323448,-0.772193278904912,1
-0.22587983596353797,0.20456247348205397,0.002176421232819204,0.21864051628469763,-0.03772742718034435,1
-0.5155506608743475,1.5872388160525366,0.5244850657224102,-0.9172721637499237,-1.2960831837860154,1
-2.068650377732751,1.798399265401636,-0.35853636243521114,-0.7419987606135132,-0.6822532465699606,1
-1.6269253103250412,-1.6332493046508103,0.9325892141914552,-0.563387552441064,0.09495103220342999,1
-1.868713947757112,0.4174479125199431,0.5575697084878017,0.09332083305020336,-1.0180456840305987,1
-1.707332252040545,-1.0784195762260174,-1.950966331311085,-0.5025604522402888,0.27641925074085194,1
-1.4782322111489277,-1.7585446928423896,-0.7419640706705629,-0.4785192525232752,1.9306671301287195,1
-2.136854805099687,-0.9910024901202077,-1.6139270353579247,-0.45612561566881915,0.47235165878269203,1
-0.36366789954697376,0.01889663722236476,-0.16345185300935874,0.5232391253164883,-1.4256404097085122,1
-1.0215193519794827,-0.04486881974853083,0.3350095213748888,0.04248343830460698,-0.12835104594316554,1
-2.5195495238772194,1.0351035325232736,0.591963681200991,-0.3623642722919827,0.7481534500763819,1
2.8658449157081254,0.8450918116727573,-0.48893072435530555,-0.8480947426196856,0.08302378510741351,0
1.099565882913876,-0.8981712715671153,-1.3719889355505406,0.03382399353780094,0.9762662035527102,1
0.6779612557221698,-2.448306300364854,0.7777465801487601,0.404683455221858,0.8303250006238593,0
2.7365231339936607,0.561803815934511,-0.47767377455747945,-0.5351566215295666,-0.17126071413642913,0
-1.6191880495978714,1.2442973526234522,0.7468756914638359,0.11084712186455661,-0.14132442503209391,1
0.4659155083731791,-0.5226438266998886,0.7243289616025056,0.531190439923082,-0.5765619202683487,1
-1.1687612763671844,-1.2474540766957738,0.6435853589733548,0.7128296670281237,0.6162316029009454,0
0.08062276144854529,0.007853715147557238,1.149849400545367,-0.16235097481740948,-0.13357331321736748,1
-0.4593569398599976,0.1125571469260268,-0.5928556689566645,-1.1485987297089524,-0.5045423732434859,2
-1.879767347478296,-1.5267970237407955,0.14836183017389185,-0.06370132211238183,1.2860475268591294,1
0.9237136439007492,-1.7659110300696501,-0.03862077954460566,-1.4072652635046168,0.8728202465810937,1
0.03493274083514662,0.5649083852081804,1.6815675399765067,0.6123444237293777,0.8770187790708439,1
0.7403475000916157,-3.3867249755648925,1.4735933210982752,0.8703234455781385,0.6728565706760365,0
2.2532695110648775,-4.862655098238408,0.35922153843157506,-0.09912424510627128,1.087026219664474,0
2.8203053150047417,1.9453915309552374,-1.6316711880025028,-1.2014699291037465,0.5738870146650986,1
-2.6193336638303713,0.8106681607679085,0.08695770330447122,-0.7451568170819771,-0.05339364834593722,1
2.0121995834171513,0.342920744164108,1.9017270192478202,-1.1021648025516089,0.4734091773964699,1
-1.032946725446303,-1.3732304415156686,1.0586996372171202,0.2418406121305898,1.688907422416644,1
1.2522023806165823,-0.9218904429588092,-1.2622754361932091,-0.5162721247204503,-0.6776504758907521,1
0.5086993354921272,-0.499351895475989,0.902979883718253,0.4517719238630837,-0.665283148508133,1
1.5856549865984773,1.0958152204061384,-0.28577943537741957,-0.1174264422453126,-0.8185686775373634,1
-1.7101318286971574,-0.30934638412901877,1.8493205366631573,0.09242589550450257,0.5242089160381974,1
-2.0406199797392683,0.2570549173590401,0.5138181738252993,0.5948188917493048,-1.6867909281333953,1
-1.8607643223677521,-0.1591228776280244,0.07123115087661029,0.05895765087895242,0.7567731257832415,1
-1.383842726001252,-1.021402919236615,0.9148764708518835,0.5047594702897932,0.4388368800761832,0
-3.5137563386250337,2.3077890910658065,-2.1934347935995935,-1.5131325075942066,2.582745727322605,0
1.1319982520620864,-0.1436599952538565,-0.6508079235648108,-0.7844400914886553,-0.38349929753980194,1
-3.6598671947999275,-0.25628864707629007,-0.25399098054454905,-1.341236744138638,-0.3646969124799354,1
-0.1867855443532961,-2.097460507743955,1.100244838300138,0.331008650096842,-1.0779276391299888,1
-0.633607166759801,-0.574635283055157,-0.8522825871913654,-0.8327840348824078,-1.4781652655666668,1
0.9930360379629772,1.7049353619039906,-0.684645190521308,-1.0052332484412745,-0.9866041791291039,0
-1.2678034599500694,-3.3740932474910115,1.1306415029288808,-0.17646372775811606,-0.08242464873139822,1
-1.7542924822675503,0.934597348007562,-2.963780545240617,-1.0904489970616602,1.6246705631274325,0
-0.7575996768811594,-0.5977158396158135,-0.09375674879906944,-0.2685590953142259,0.08528816865680737,1
-1.6299957892124455,-2.102971342142152,0.826079037527505,1.2037700318294602,0.06836373699059232,0
1.257834810699821,0.8343664880695834,-1.1076342944645439,-0.2518437598238335,0.3091578007585292,0
-0.3703293619827799,0.054201641725863614,0.8073591215998975,-0.41515415847328563,-1.6905550959683115,1
-2.776193447334355,-1.8237941248288443,-1.1146514662752423,-1.2732853983327792,0.9669726942974024,1
2.7325740334672406,0.8473159232115616,-1.1236491319918438,-0.5139571872779864,-0.5445421282082524,0
-1.1778320804420044,-0.9268743091336984,0.10011929863098329,-1.3176956050686268,-0.07633909964094299,1
3.1924946217978163,0.14733073456445198,2.6487484847667284,0.42629309626667133,-0.06797150591239351,1
-1.0548892337587206,-4.981899644581359,0.3985966327397734,0.12588100128719057,0.4394669773283191,1
1.1003514419628269,-0.07691491296516872,-0.6309914010087205,0.8444067737008502,-0.25869175815901246,1
-3.44410577216046,-0.6790044043528809,0.5839304150773239,-0.4487108086796862,-0.7367020700122162,1
-0.8347923950223108,0.3920065659469884,1.0122802877947927,0.39113280424704666,-0.518044030772796,1
0.7385332913460038,0.35951279576230855,0.10494076275322184,-1.4695193099432533,-0.9005641146217236,0
0.5401384782072556,-1.5903295890968032,0.09895791334229782,0.006302718628203611,-0.2607955072925748,1
-0.867513872855492,-0.340543083733035,1.0275361490817196,-0.01822280517720646,-0.8164894082236718,1
2.181327544157478,0.4646862006759032,-0.6998788316358647,-0.9845924441600777,-1.2717500606200491,1
0.0674947210440745,-0.5326744093582997,0.6267207443445182,0.5770346524129324,-0.5779260802113295,0
2.857097172600566,1.8647907742863188,1.7000638841183375,0.6495933761121184,0.6787658975250764,1
1.5364203536869212,-0.6881394360945159,0.36150339432542716,-1.092234283827255,-0.8932357237531185,1
3.272049426034676,-0.18894218749013866,0.8104884971467384,-0.4387696075872787,1.2612214244590394,0
3.1914137042860062,-1.5566726753882505,1.2916876101524624,-0.3293307895149072,-0.1337810868880341,0
1.2399297718502929,-0.6277422422097162,1.36266759510402,2.2959536607363282,-2.3479919608674975,1
-3.134392583167339,0.9422818231234902,-1.022473191593196,-0.023077813401618755,-0.37748421259426385,1
0.43541956531569426,-0.534708808283268,0.8208132895701309,0.08530976802348626,-0.45521988096530636,1
1.9845069338800605,-0.13931339331611567,0.48160727913228707,-0.674472776070787,-0.9658766697677295,0
-2.7668131442655692,1.3334763010004942,-5.672270754504053,2.0661488837217012,5.055193104679382,0
-1.7616870315092346,0.5877477942463929,0.27665066402175514,0.44124323933449194,-1.0455566887372028,0
1.4850077402081174,1.3497484457999178,0.894876028800461,-0.2550919646755394,-0.0560657120380439,0
-1.56872052042556,0.6702006038380186,1.1613024669436989,-0.6368377793631737,1.0706056590391075,1
-1.0229333169585522,-0.9966758343467542,-1.1637812755047563,0.44199798639151433,-1.2540859490337462,0
1.0637532643667318,1.3591678398166829,0.9043207162479101,0.08966499987219129,-0.2648028259181426,1
-1.5495742003598292,-1.2206383969583188,-0.4016571064123984,0.2862599444388874,1.9778136656884973,1
3.123412472655941,0.49697957042804364,1.9171247958254096,1.0739682251710756,0.6516638323231875,1
-1.890942891777375,-1.7510678695063289,1.6743392247781883,0.8242591049928608,1.1569914439846063,1
-0.8497809261965698,-0.1559350709658992,0.9645923845910478,0.48547805212226075,0.38773310489437934,1
-1.3059070695523816,-0.9946902403990782,0.4967575565578563,0.4252180127207332,-0.6700283286138006,1
1.9766239180621348,1.0760485796776618,0.9220447962576888,-0.29900516385892045,0.1977004982759308,0
0.3317618018877303,-2.0437298617010144,-1.5563172050978655,-0.970890737219848,-1.0158172608072442,1
-2.4517158019238066,2.293612972235236,1.8785753735801718,0.5291397555726739,0.029842876728700535,1
-0.13640460101103347,-2.4902485546399102,0.5785958616420176,-1.17839695285576,0.25355828047433665,1
-0.47153949426326647,0.5074498273391022,0.2355188029914079,1.0084437080593958,-0.8004129859325024,1
-1.7599915508861619,0.642045363261908,-1.439166948890877,-0.9520596418720424,-1.5127287227526407,0
1.240077729241777,-0.052351559198008046,-0.8333911778075064,0.5953794993447767,0.4456408330834979,0
-0.5753117050873433,0.5380013149822845,-0.799644582328068,-1.2961787199589812,0.32465397641567295,1
0.22906699271874062,0.28280309840516915,0.7404785489354266,-0.0444085766185923,0.754804949580339,1
6.538542677229779,8.074636496242624,5.658821141047126,-4.176287246595889,4.66295533203241,0
3.057668030650886,0.11397062674602507,-0.09458625215907564,4.288727727996031,-2.1720449925220127,0
-2.3409059429352745,-0.6673044891347139,0.293751705085164,-0.18559160049338191,1.1762759397014582,1
-1.9911500545707448,0.7117199819564597,0.22088532535889804,0.6438072371975363,1.438866859514043,2
1.0309173266301785,-0.10054957286986403,-3.0157449580725624,0.37987184542399854,3.9325215400990023,0
2.8243663370206815,-1.3256370591265485,-0.24152310325758672,-0.5487803590162957,-0.16187655244208393,1
-1.9892543385513024,-1.132483554744967,0.31961487873161903,-0.8126619006231677,-0.457217583400704,1
-0.8305962490403909,0.5575464383100699,-3.243440471807557,-0.21546500403915744,0.4738431946230963,0
-1.3660615038394572,0.07743032126245847,0.3876346476013575,1.146107252181422,0.08862414084567889,0
-2.6009256953627644,-2.1772735351922647,-1.1610451403911073,-0.857069806165426,-0.4677498571217773,0
1.7914731137688638,1.0842309697125558,0.4780400230733218,-1.2722730965446936,0.4662247206743979,1
0.673893629885603,1.5972171720191064,1.348798425433437,1.2186564948089564,-0.6352403894900901,0
0.1490264246210813,-2.2137262118104677,0.18296951389599736,0.5738162338053373,-0.9835977880032181,0
-2.2530218152847814,1.5606298609163856,-0.08506593023458009,-0.238340152672411,1.5799814244325938,1
-1.6947395081361238,2.016734312771012,-1.5425593583100954,-0.616615598571834,1.548139716075298,1
-0.6971388390949667,-0.49430247437654734,-0.4956569265932275,-1.003374927713987,-2.1595618228700872,1
0.7630546730423908,0.544218693991596,1.0348054608011907,-0.5503774078195479,-1.1714736135252146,0
2.761965146943349,0.8994170668508797,-0.8108322318865893,-0.3606464889967057,0.3382771580835929,0
0.4441306772507675,-0.1023043548248182,-2.781997526412562,0.8074308354185836,0.839842675800677,0
-2.242484697237487,-0.5089652795848443,-1.082995777999514,-0.2565801024875177,-0.0001773946856121691,1
-2.5450904901407077,-0.017240627120698033,1.2681505708497196,0.9446583539772782,0.6064894930630231,1
-1.9343291763754114,0.7542006172543458,-1.7040913340563455,-0.14710730093100843,0.2104940781800063,1
-0.31087125266219806,0.9725325995247306,-0.09743391448017094,0.4271518478193324,-0.20327059466096517,0
-0.8366214267706231,0.7626400767264885,1.5827172311244189,-1.0936409678396257,0.12216834932674654,1
1.9440633424047868,0.15458850667138793,-1.4534122063894712,-0.29535150713235486,-0.026882187737127954,0
2.606933385061711,-1.3493504287053446,-0.44838769149072194,-0.6168996592438691,-1.1271573575454235,1
-0.1728668681838857,0.9282318330287713,-1.482167117061388,0.4389140158586672,-0.5842324396928055,0
-0.898137381614439,2.7978535549660233,1.099523978744923,0.9386473615225467,2.3542869445124217,1
-2.706434499195011,0.518148615348518,0.9585026860131963,-0.785748206779405,-0.4456161437563642,2
-0.296959932514012,-0.1843008503647002,-0.47188784176867876,-0.09600797697223615,0.6463620265084311,1
3.6580817087601054,-1.8480676014630215,0.4160973275572088,0.346982549146333,2.2678923378554523,0
3.5582905956441344,1.4845188661080646,-1.4859572881874399,1.0428308704944282,2.7770519880720506,0
-2.757142772214691,0.634217996385291,-0.4096124885805426,-0.044655844295049554,-0.14650327832144486,1
1.4237205922137046,-1.4827691045187696,-0.8241693161365118,-1.2850923726963328,-1.3898224482163621,1
-1.4732261467073302,0.29969149885585483,1.5611639268234414,0.5658339502830579,0.9015410524898823,2
1.6833477028248869,1.9271084397208529,0.3421383585064588,0.721954341268736,0.6453404484516977,0
-1.1860248492524843,0.0879076739494532,-0.32227107873979366,0.1742327168837082,-1.0878435239329882,1
0.9540411009015569,0.07032545284124428,1.353860222485478,0.9218449890496391,0.2779008227257486,1
-1.8196843185970855,1.4591701504566472,-0.9542554621172373,0.8681137989458927,0.5539648767412961,1
2.058123728605856,-1.06847005446976,-0.770230253077095,-0.9819967525721182,-1.5455414231585902,1
-0.8433341092591852,-1.72540152340089,0.6478411065058287,-0.815101736405351,0.05703173770951437,1
-1.124639543439932,-3.9676236064487433,-0.49244772760735017,-0.5327470658416766,-0.3286213451252946,0
-0.10491597661099861,-0.5243265417230775,1.2319178817120502,-0.3514703934411191,-0.2705121478567794,1
-1.169244902736127,-0.8449627969255599,-1.42325781518813,-1.4171554380227798,0.5885957470360154,1
-0.8695505093593566,-2.011755695827738,-0.03539748256679939,-1.6464192509426538,1.2342208108126855,0
-2.1229916601013175,-0.8291923487350356,0.16762179642118752,-0.7887198844756781,-0.05196371450999037,1
-1.1891800214560202,-0.3414053726467355,0.32403775105063515,-0.5193397973820805,-0.13924171176619074,2
-1.637184205849068,-1.7021734647954736,-2.6769212501433555,0.24576748742488613,0.7763373480488241,1
-1.857770525562107,-1.1923039165211147,0.44677128462580995,0.3395590770449082,-1.9358891683847865,1
4.330282057907345,-0.7173532630337985,2.0781070981722514,-0.9202294211423072,0.0858990220290805,1
0.8900119210595029,-0.5839844579840131,-0.2730985485569411,1.0387872322980878,-1.5258888199081444,1
0.32881234474716037,1.7033683053600228,1.5626941543844965,0.640227419283949,-0.15883684526989958,0
-1.7243521312642442,1.356678335141886,-0.4743895190389213,0.028525051420311674,-0.6395300172899712,0
0.7843571531788616,0.1701969800445674,-1.389287174531174,0.220714480160757,0.5090217764594476,1
0.4904656153916823,0.4181246868893076,-0.2814725948718435,-0.006508978318424464,0.4671206331022618,0
-0.5498188148076791,1.800562405340668,0.09474982835290685,-0.4469422076501042,-0.191006227967873,1
-0.37475266507795396,-1.7311308207556038,-3.7169155164625627,0.09540884666608147,0.4078038968194261,0
1.7091429599526722,-0.9939663110730451,0.20322786887583466,0.4871500349609441,-0.3304972161130158,1
2.4450466345448953,-0.8417237558119156,0.02936396586266374,0.8011315122304213,-0.5367418471412045,0
2.4500970934724275,0.23304202378321698,-0.5353207298018562,-1.132487032416946,-0.9782793929449333,1
-1.8665634229190753,-0.0822638945889279,1.3708483214598401,0.8890742407194641,1.7004029984906832,0
0.5670166936055686,1.1780940879085975,-0.47603987348698945,-0.9280815735660483,-0.6426041362119542,1
-1.2103402610219425,-0.25394242594536204,0.5668268197347968,-0.5897770708159336,0.4480232126563396,2
-1.601752615253022,-1.8433071739462146,-1.4199058824301765,-1.2032832169338479,1.564394591463039,1
0.08952070771356975,0.6089264671035876,-0.9429844384500953,0.8568739642362104,-0.303399028652433,1
-1.9222667017839952,-1.6520361162916826,-0.12689448590298363,-0.19635215725224053,0.6986670625830469,0
0.9277690263642694,0.5990252531759457,0.029767425994492218,1.0211581139411081,1.3407152142331547,1
-1.7839585912235043,1.0660427436140882,0.21999566904973183,1.2007627898670843,1.8832940849117346,1
2.8126226157731504,-0.2323710164017466,-0.39435781608889453,0.36209703700475143,-0.27846856422912614,1
-2.348623905135949,-0.3543058632734518,-0.6990583092210244,-0.144019573085747,0.3262015102048644,1
0.19401891682352004,0.41926237501998104,-0.6866300843914681,0.8268370780879386,0.6433574642321197,0
-1.1457778779594918,0.33027810073869635,0.34819098427904677,0.32547047276990887,-0.07105062311681197,2
-0.02414665383791326,0.30933751683081706,0.8817059985056773,-0.20568063342974374,-1.2357846156209935,1
-2.342135654877768,-0.624432496346236,-0.5206675448211293,0.1955853318755929,-1.9683884155688567,0
0.7559792613583279,0.01919363903269389,0.37508905525968766,-0.4563982833807783,0.109197203788629,1
0.3125280190971038,1.3479700501265253,0.10945138996307952,-1.2826118012615453,0.11873617699330571,0
1.5299083637407307,-0.09619710513193477,-0.23773888204686394,1.1305836131090876,0.741058669327331,0
-1.8478482393801203,0.14614886346961334,-0.7830055085835225,-1.670346309997987,0.3372142249403776,1
2.8092506275890115,-0.7179272630930208,1.0390629822794384,-0.42295373272720055,-0.03805447431939335,0
1.2471686825966373,1.6070151687728151,-0.018892930290605785,-1.0014614832686528,0.004812109970239524,0
1.7131688208549176,-2.5068923477238596,0.7297592195694536,-0.18735046642307385,2.024402530002759,1
-1.8875439798570934,-0.8419475978155155,1.3092235857179797,0.5042561379281065,0.5986724519346797,1
0.7672896919754985,-0.0876859453379728,-1.3102152986048763,1.0084831212878596,0.2677456074847131,1
2.03347558705371,-0.1513819191921022,0.28403173875259147,-0.6305096734008344,0.05799770489349413,1
1.2836935830306917,-0.9981715149210628,-0.6504856589787897,0.1796875178663684,-0.17211574676455935,0
2.8545638585969892,-0.8739329271557515,0.5303900030090899,-0.5857191223165218,0.023583557172500522,1
-0.3000759237005105,-1.2921796580097147,-0.8320509002622251,-0.9659307213705856,-1.0336614543219407,1
1.7240413207964447,3.1738069541490854,-0.9730157099484485,3.08489219805498,0.4815629527182991,0
-0.3792445655496067,-0.9247258430835127,0.911570585767153,0.8117603371915452,-1.28770631586583,0
1.365958118094526,-2.107309380311024,0.5527165638987693,4.740955079021115,-2.4835969993207305,1
2.319999226636716,1.3333992503168846,-2.104766454616488,1.996372602174527,0.46120098354292605,0
-2.4182614197892702,-0.030864476711693813,0.5387247025549083,1.1995152102876765,0.672813782730421,1
-0.003976176565976715,0.9909561521539857,-0.01914479958651664,-0.046338053843394504,-0.18031987993303442,1
-3.724817416054832,-1.541472554367862,-0.2798324851367659,-0.735264424825132,-1.0617170705186787,1
-0.21872479153964805,1.297504945125505,-1.675389436839439,-0.43504628386056216,-0.20690270697267815,1
1.7268299234942341,0.488950416887455,0.8793681987531489,0.11819033244931751,0.03794866270149522,0
-2.287261277279378,0.8197216945757972,-0.2522626500174432,0.21827088610672116,0.09906105908968862,1
2.6605795766711826,-0.23721808901570088,0.03037800949876164,-0.7654591575312437,-0.350236404206284,1
-0.18872683160941175,0.7857740339404268,-0.7594913360052735,0.6717206373493357,0.48849202323690555,0
1.8862832312951536,-0.011739369403507024,0.9272663635247588,0.3566213097534643,0.0028916573908463346,0
0.0903332601544958,-2.6754674172312463,0.22410269816304007,0.2829477007598145,-0.012441934218227186,0
-0.4953852199001828,0.8596079147796306,-0.7358070931750831,-0.37634770751063573,-1.5138374908113554,1
2.2294539107395823,-1.6035286652039678,-0.8938679282935422,-0.7952204078820677,-1.3963397335702412,1
-1.4140264492302046,-0.48071780982600565,0.929648089806235,-0.00797073316681852,-0.41218824804049264,1
1.3616861998254837,1.1964390217578356,1.2142305920381726,0.8470196474172037,0.5125706498053023,0
1.8834488236734013,0.5204113447463748,0.5744154186862183,-0.529907748601804,0.31182387142480195,0
-1.0287998460357575,-0.3511803131693588,0.6438688111284431,0.6412163622245046,1.0713363664898843,0
-1.9761491698289189,-1.0705179973606644,-0.9978798555096761,-0.18051605209657934,0.07918340197864206,1
1.6489022204169346,-0.2929127667951376,-0.5380166420635664,0.5941384851135506,0.06429851047621676,0
1.116808870457368,-1.8167968969208732,0.5268623748956892,0.21497431841369816,-0.29177294525126307,0
1.6506754400336312,0.6712990995208892,-1.704578941461158,3.8311713315063924,-0.9227659474429628,0
0.05809660303309553,-0.18201540977877959,0.8728378905622877,0.30571711421167264,-0.9447356236630116,1
3.5847810505218467,-0.48864922963911794,0.2558542251915647,-0.0928510233645721,0.7489926448309697,0
-1.4382581230848575,2.593898470356123,3.3098489824000734,0.7694292741149019,2.050366439493724,1
0.007079784550671409,1.1310741058051903,0.7872336038063968,-0.5137422754134626,-0.8793364719318836,0
-1.6582185314759221,-1.5539366256367801,0.15529739361993242,-0.73073473822574,0.510638015569234,1
-1.1915527219002637,0.32785045784427197,-0.9960637928470508,0.43394832439813885,-1.2535856240748184,0
0.31113751730590194,0.1485066172957632,0.6360269648547741,1.307115021632311,2.9277940923954278,1
-0.17100571809185805,-0.9827485406690423,-1.6288762160592545,3.556374431985549,-2.1536145450474047,0
2.2108854333176176,-1.180724093659585,0.6444752519643322,0.4044022421048236,0.43489359902391655,1
-1.3813319969061795,-2.1245071040582846,0.304998147152066,-1.5879973740804536,-0.01992737899106155,1
2.572684586921864,1.7582475739762147,-0.5090250054432284,-2.4355706552696437,-0.5054503028968411,0
-1.9983266013323948,-0.4084120271083224,0.2331161573775494,1.0530375262640213,0.2910893049896165,0
1.3680560306635452,0.4755847282170902,-1.0782806818747652,0.47601868529211006,0.5640065000196373,0
1.7052413759634713,1.1104839016717432,-1.521200799181939,0.9562117251951376,0.4666284065938209,0
-0.6587675402865957,3.4117951010375727,-1.3096199113295177,-0.267233289115938,0.12792733672234327,0
0.1576803474039335,-0.3621970445726146,-0.15961966332308367,0.4493454238458584,-0.21027422896771075,1
-2.778079811353707,0.47362553807211977,0.3447110192767736,-1.086627880871423,-0.38234618247753416,1
1.589668542118642,1.3017290468377996,-0.587689033273196,-1.1470514529274622,-1.734490619140874,1
-2.0941207897663,1.716368856296173,2.272110314303243,1.9464163422860392,1.5842473987968093,1
-0.8099419789532297,1.1119988032138,0.4003882048233267,0.4904915614101938,-0.5474804771819989,1
-1.336106913858717,0.9730935832934079,-2.944249244205363,0.26425307499282336,-0.06446781959912198,1
1.4797717361076093,-0.809158271665703,-0.5886542642651292,-0.07963576508708564,-1.3390410964082775,1
-0.2669043012033984,-1.0288919414746935,0.9012808121811432,1.1475659798758309,0.3425458151811975,0
-3.1521716048310093,0.2359158116139733,0.3184757059428426,-0.9214078084537853,-0.5035192388594745,1
0.9079511042082846,-1.1250233895632897,-1.271363267356099,-0.6012948747687541,2.121165502538041,1
-0.21377115934606386,-0.0012687660039098821,-0.5977966073441521,0.32749338073989814,-0.31423701737980153,1
-0.5041389769508752,-2.56277945906105,0.5258694866133073,-1.790018648258281,0.011256391318672825,1
-2.575095618124175,-1.0266715366566144,0.9852579970778279,0.29263305076952734,0.6194970445689095,1
-0.5131584128838034,-0.8040049816807341,0.8990180458822308,1.146164200494719,0.5677209872658425,1
1.8841654756553403,-1.3937467537429362,-1.3266112084143324,0.28268570335431564,-1.2748595273444734,1
-1.7723981599738607,0.3034942224743505,0.25551187344651394,-0.033997624463421805,0.21345441699614395,1
-2.3412264672688057,0.7779408416970737,0.03277309389278483,-0.14287458166503791,0.12537839301717255,1
-0.1267077030849885,0.5701793600058873,-0.1218633662755034,-1.2822882178080863,-0.819785806029964,0
-1.8064937943196757,2.17453346000521,0.2742951122761238,0.2921660674872087,-0.2347324670313775,1
-1.7361569700262325,1.2242619421017862,-1.0930122355348049,-0.4677867787027732,-1.2126249298215555,1
-0.7502175143854996,0.8876185616452834,2.156314367520945,-0.4895230641367591,0.7323614100483568,2
-2.849621315735602,-0.3224091069346861,0.1377446808617079,0.6018405922386343,1.0839135392775958,1
-1.235718075040425,-1.430156262274009,-2.1167935264956452,0.3149838064646551,-0.29603523632160755,0
-2.8643101822310206,1.7832596562528462,0.6935736680035681,-0.7427580544362076,0.9160350574104008,1
-0.8994865282896196,-1.0954912068399512,0.772269950507302,-0.32278946711240836,0.7771649043092195,1
0.5851785777772308,1.473734055353673,2.15524990121856,1.3288959892725054,1.1984495139623086,1
-2.1229907930854943,1.2613699242737455,1.4901107061596255,-0.5193370443071684,-0.4618371935310328,1
-0.15808763488567643,0.6471078562432396,-0.08427236382480158,0.3653289369414497,0.41292333106088797,1
3.298161203019573,-1.309874519464031,-0.19454540280080626,-0.3594271201713666,-0.34798418241213447,1
1.230585746167284,0.5636584732738475,0.2652284943184541,2.678171848156667,-0.6304327198245188,0
-0.5904771344779759,-0.14476555334259233,-0.151767510996178,0.4522510176244215,0.23406546428954705,0
2.0611181919203543,0.26883568626841786,-1.2910875985213528,0.16035744934140855,0.49981926203646004,0
1.0947678990656553,0.8889671347470743,0.8679109182715277,0.3660045409103632,0.09481625037102791,1
-0.6658477449755672,2.08488790099861,1.0971591315084082,0.1013858924109009,-0.7753414480968911,1
2.756121775083473,2.267472478411659,0.2252933219662679,0.1761490004573813,0.7042845316452168,1
-0.6018023291472755,0.7719478463313858,2.8904918100475467,0.17692801311505005,0.43598634080679843,1
3.1109513045119255,-1.0025122205533215,-0.5302715601538485,-1.1633248196458645,-0.20080507972825418,1
-2.205768487364296,-1.2784340810416595,-0.42507269347381316,-0.10761827449255257,-0.19505084335666154,1
-0.30995700230983164,0.029461153024846833,-1.3001785213754786,0.4644822252382437,-0.08255780722259684,0
-1.4619012077546838,-2.796697412696549,-0.2174249037124509,0.18365381364581787,-0.5972092056213093,0
-0.8194815021261552,-0.49510494840822233,-1.7329300348618455,-0.08419774144471125,0.37181568573699375,1
-2.4582781218519334,-0.01216125171437396,-0.09689724869512106,-0.6880281864843332,1.0073312667928702,1
-3.260479921667395,-0.8061260095624904,-0.19509038322298275,-0.04369184397487978,-0.7185803623833497,1
-1.5783176232954033,1.5172451543998826,2.062143399214299,-0.12554253670952456,-0.19694062423271108,1
0.5625295307826285,-1.2886460360424044,1.6393368615588242,-0.12546596763313503,-0.682544509394266,1
-1.890942891777375,-1.7510678695063289,1.6743392247781883,0.8242591049928608,1.1569914439846063,1
-0.973288379161044,0.9655476893024462,-0.9099406708425732,-0.4657612209682373,0.7120750592739888,1
-1.1226444851225936,-0.31435896024108934,-0.8053876383859659,-1.3440831443278494,-1.1293280277664746,1
-1.0209783855880676,-0.8938530088626294,-0.40850918290833227,-0.44852329360870113,-1.320021611742998,1
2.5354200814382644,-1.835517301375459,-2.85321606173674,2.357536355813163,5.484260299882994,0
-2.4179129769370378,1.0363846890931518,1.1008311591383801,-0.04127023531293673,0.14826787804822092,1
1.581186507706831,-2.0413010065068145,1.8261698368351678,3.042353116868641,-2.0880936291699195,1
1.4553740881085973,0.0996801784683146,-0.0019563854577524325,-0.4230224587075612,-0.4699806190593243,1
-1.0288441035497802,-0.9947447351764763,-2.3359331864752995,0.06926610519500735,-0.9174286406615624,0
-0.053239570380525236,-0.08367947359376537,-1.1852964630068101,4.339815633166902,-1.2029916793291984,0
-0.6715078933230414,0.9999552960198935,0.8283523639220918,-0.0015563166866139166,-0.920547487740049,1
-0.29263925444965644,-0.5507805575371285,-2.7874873106420677,-0.3248095176303746,-0.05180136203772836,0
2.2294539107395823,-1.6035286652039678,-0.8938679282935422,-0.7952204078820677,-1.3963397335702412,1
-1.4856898828725023,1.5030276125612854,0.15777409951758095,0.13652897450016505,-1.5974391466392395,1
-0.13958689105010047,0.6738992441313997,0.8342037757449318,-0.513629479627234,-1.5427799026657092,1
0.8454794724890037,-2.9257242534321235,2.0089221568972357,1.0791223879040108,0.4262217040413491,0
-2.7413547957881774,-2.031915743553594,-0.4368793039398897,-0.4874319879029448,-0.17982215605960775,1
-0.40273142126615263,-0.693719711706901,0.3104753147515607,-0.5696223238241035,-0.41575752429520085,1
-1.5730742552448254,-1.8932176474106026,0.14581568075650508,-0.4697272467619413,-1.0373018397927372,1
0.5416775382854465,3.3692641274173676,0.5950558513809963,-0.09066932595296742,0.768924117929914,1
0.12367084260649452,0.9915748865827031,0.21779331698706222,-0.16246632024988736,-0.4113963789122984,1
-1.8199553685762366,-1.4873866671240492,-0.08279806140543869,-0.31198379128727116,-0.34328978804581034,1
-1.7496487520944295,-0.512719715165082,0.5110682948085172,-0.6656888750083082,-0.32118751622275693,1
2.1491396362637496,-1.7269936745457046,1.926423887727746,4.081684207572303,-1.9365616224106983,0
-1.2689220042331273,0.799025020334317,-0.6857684914901615,-0.01432256302121412,-1.4840481241341126,0
-1.781937879289263,-0.12131880909303909,-0.18719547058177294,-0.6766955018463054,0.7042513518141621,1
-0.8567911566363002,-0.4004338828059275,-1.2574796014706335,-0.19577721929096328,-0.8731565411783554,0
-2.2212554234595916,-1.1999549584300182,-0.9111161761267978,-0.5743521855870517,0.002843045483946402,1
-0.2493432436939316,0.23593329916272673,-1.064385027908437,-0.5424250977102844,-0.8039881458153338,1
1.2846125450794472,0.9567255570036549,1.5208722276508464,-0.06536877368123604,0.07682924902475531,1
3.556225390211266,-1.0422730722285862,-0.8129751995774848,-0.39276495871817524,-0.0019891222757515113,0
1.9268848747122203,-0.08800639174287592,-3.221536480793475,1.8261246392129422,2.3772664335281055,1
1.4185384889348673,0.6710435078109452,0.19138306552847512,0.10097210847893734,-0.18689827007367382,0
-2.0645468063531647,-0.1639142432307036,-1.0734966942033228,-0.4639723175646746,1.3694888410409927,1
2.7688016675859957,1.2833880348154947,1.142990623187045,0.21462138656446755,0.7168698571702684,1
2.074095885346785,-0.11950783644684915,-1.5214897145918524,-0.4023122685975333,-0.7685396245145844,0
-1.5041274324336342,-0.58687932367968,-1.347168120040562,0.4930755820957589,0.1826358507938224,0
-2.3855368579093277,1.5346703660871368,-1.1267718567040004,-1.1440999111756252,-0.49312402920871323,2
0.7539777815052314,-1.7849491305968084,-2.637620598791802,-0.5107194070456005,2.2559315501045485,1
1.2100864201673218,0.3297493636573723,-1.1124121224829815,0.65258371685101,0.34836266826523055,0
1.4011493159921442,0.8383346196032659,1.2367011338854754,-0.07947452721449134,-0.5682160867728268,1
1.558042929677867,-0.29412754037898176,-0.3904454969410933,0.609582381929357,0.12241551756587948,1
1.6829469843839078,0.13936685451820316,0.05123134324519472,-0.7663011921503654,-0.31714258195926354,0
3.1932932269228846,-0.77295838452319,-0.24014870969692634,-1.1287531260155208,-0.5291795790847367,1
1.7251176095664937,-1.1169299084972142,1.6355567001747378,-0.5185669775095517,-1.0780326373302298,1
1.6058000052992933,1.3153630008261181,-0.20862375817952364,-1.0187415786827383,-0.5109900716596869,1
-1.3801167936072254,-0.3332274748055341,-1.0917872610842851,-1.0422528842353969,-0.6163789675352741,1
3.123412472655941,0.49697957042804364,1.9171247958254096,1.0739682251710756,0.6516638323231875,1
-0.34557333272769797,-0.03916404033901577,-1.3399575237701642,0.015046419024536831,-0.6351505780622284,0
-2.198401597417097,0.5062218240510044,1.8718272470158401,-0.006103941720798358,0.7818626895011953,1
0.26786420294921737,-0.45429949821521587,0.6129571772374741,1.7806797539636394,1.3570534376818522,1
-2.6916515864594106,-0.4509963117581931,1.1987311833315766,-0.5304689322022832,-0.8966671277506035,1
5.328340709794466,2.4179229653934873,1.123577718975185,-2.0316787048227387,0.11555004916110796,0
-0.3962644159810049,-3.432389965858139,-0.12235343907822145,-0.670397947196547,0.5758890573747932,0
-0.8699859361195964,-1.3455324585902773,-1.3477529111940882,-1.2848936369542778,0.09504501835024264,1
2.975435578004863,-1.2564914839272776,1.0738987480332587,-0.6488566717925405,0.35453844470676005,0
-0.8994865282896196,-1.0954912068399512,0.772269950507302,-0.32278946711240836,0.7771649043092195,1
-0.7799461412355685,-2.742785822183174,2.287989891776958,-0.030545325291216292,-0.8076638725859957,1
-0.5651006555573403,-0.6657259325344437,1.189532067840479,1.0675184987141995,0.5536802683935387,0
1.467788829652162,-0.010102174468570835,0.6290351894957421,0.37012842409181607,0.14679818434699637,1
-0.7214590149102489,0.39999590755035486,0.6576208419295062,-0.0806472147212017,0.10053322606958921,1
-1.5760411127002774,0.4709781469890884,-0.98895704172901,0.48086127083017904,-0.9900256170558465,1
-0.37727681816338926,-0.958105270829937,-0.3183130866406949,0.395165364016793,1.0336163477449911,1
1.804760007472663,1.150878653253386,1.017799187391868,-0.3310337752990933,0.34838961528903123,1
0.15040234592415735,-0.7532892211864947,0.784455023941008,-0.27077559169669607,-0.5819696137947277,1
-0.4150610711850514,0.7237629978248737,-4.154664215439066,-0.015600111917008407,2.04990604021545,1
-1.1304005372840709,-1.7412838358254636,-1.7627696381860383,0.1862173344810671,-0.5506169785166837,1
-0.9990511423554465,0.3452177081490715,-3.304709824344266,2.20118511229657,1.4379347302094783,0
3.104019829839687,-0.6065309341411445,-0.19029534241569607,2.645011471631389,-0.04480522870188142,0
2.173331977938829,0.655550461734325,-1.8312345344050196,-0.11719087757351043,-0.44533876081315754,0
1.5932720614893996,1.2462509127065124,-1.1864391244182704,-0.9349521995176358,-1.5446411064433088,1
-1.0657185897220791,-0.9449739744421821,-0.13935646123499412,-1.0738579037398854,-0.1818867987537067,2
2.4903916064415923,-0.031624119465785513,0.24376433614387744,2.24558443179137,0.19979349720957423,0
1.4381444723746841,0.5800119296416787,-0.1493339278879977,0.3443520727345977,-0.06678551156520482,0
0.6474469742990285,-5.57795528363468,2.3290358580812627,0.4645178037118122,2.844346985291812,1
-1.5291884993334237,1.976951121426029,0.5932273445931999,0.5259652953164199,-1.5340934233525856,1
-1.8518213982328642,-2.284736504899863,0.1254130030225423,-0.41125549140857187,-0.64105606207803,1
-2.2042066415726014,0.13090386241846705,-3.3101118600434805,1.01444903905777,0.5638625935733281,0
-1.0649843738464229,0.5909932357634315,0.07274299819239159,-0.2922255216428711,-0.24276600736086915,1
-2.3200142246860986,-0.3204351429990512,0.7979749798079121,-0.9414378151041939,0.23997779531617977,1
-1.420400952795548,-0.5648293335757385,-1.5809593713740488,0.36720652676559284,0.5877655466208124,1
-1.1860472011926775,-0.9570663652638236,0.5921363448816375,0.06701344603882303,0.4708611512637083,1
1.3565337640166757,0.2799039571134519,1.1496562827450023,-0.2406212473750408,-0.014896016064564097,1
-1.6266940841547333,-0.7075758104746765,-1.2239697063343957,-0.11199020893125228,1.97451429012791,1
-2.619612587238817,-0.2292876480941569,-1.8874769907329385,1.1572098744141686,3.100460629504946,1
-3.2419364062481635,-0.3859677338830045,-0.8232791380938429,0.40341521856560647,0.6849572901850781,1
1.4512268241953599,0.7492187350529901,0.17885745192658256,-0.7126569461356864,-0.7033502115558198,0
2.5360609929076756,-1.5504724500228617,0.2571561878128782,-0.3750698668983754,-0.7610471996208902,0
-1.6728118967562757,2.532292504161703,0.2650047660732843,-1.6242278792192673,-0.03914352810835852,1
3.123412472655941,0.49697957042804364,1.9171247958254096,1.0739682251710756,0.6516638323231875,1
-1.2569156867629259,-0.7173759519351562,0.2479838372168,0.6268938533357225,-0.324422740462107,1
2.2294539107395823,-1.6035286652039678,-0.8938679282935422,-0.7952204078820677,-1.3963397335702412,1
-2.1475482315834427,-0.21347670827243248,-0.8283530737510423,0.6281253597652772,0.3378249069738043,1
0.4744781408248905,0.6249303400434468,0.7297322738252376,0.22331236128889745,0.021295826864487093,0
3.1523268818161934,1.190860676176574,0.7476703751140902,-0.9507953764098444,0.8592081458465378,1
-1.1827107962321266,1.4206434497912992,-0.040702600894474486,0.4123833575919288,-2.173220785880575,0
-1.5338467042290838,-0.23130678691870807,1.7414184346545212,0.708335575085708,2.0463921938497993,0
-2.6847603767565924,1.144422155767705,0.5729364226751048,0.23985961668955338,-1.1006050491662065,1
-2.0650200800265894,1.64071824485446,0.1400872773585475,1.1558406786628566,0.2352768289190256,1
-2.0233647083411643,0.9278174052170322,0.4644345859173116,0.11808726195046487,-0.8550802433336672,1
-2.7966524596855695,1.057139478215949,0.2384399180221767,0.46459586577657086,-0.9401607359299813,1
-1.8404990127484044,0.7224571415525811,0.653922517565535,-0.40944124408123816,-0.27635872928240207,1
-2.834450185983935,-1.5288013282841746,-0.1332748281065581,0.23760641353380654,-0.014824511095565054,1
-0.8353928637355028,-1.5222108733837199,0.033412160238334834,0.5206850648155227,0.12316298360705136,1
0.9807801726710624,-1.3450449827089834,-0.8060303378283314,-0.8797478272618092,1.3994707987632038,1
-1.7452478345832665,-0.5536002622992652,-0.19266896550141602,-0.9023669942785184,0.7908254126181018,1
-0.892206315585859,0.5048413575909483,0.8161128677857838,0.5519054646025615,-0.2222804279058319,0
-0.7280155418442831,1.9656922272266988,-1.4482058224715952,-0.114118502123877,-0.6365635245100476,1
-0.9930607553018022,-1.5553686933088706,-2.0256335895949507,-0.44477646024878364,0.056116114075329196,0
-2.2041691816908173,0.28850731557425874,-0.31179967635353306,-0.5968606481520314,0.4309499612155379,1
1.114063727408695,0.4585009612809266,-2.3010201371721593,0.44007932565844005,0.1738856489523985,0
0.9314701616833713,-1.6439282102751356,-1.0292268092843564,-0.5662716910464428,-0.5736823282910568,0
0.9079511042082846,-1.1250233895632897,-1.271363267356099,-0.6012948747687541,2.121165502538041,1
-2.3277662119784033,-1.1926304979578242,1.3119165370333739,0.8713583480717694,-0.06835968266189474,1
-3.204829598588396,0.7970074800035876,2.293375116698863,1.4301757746153918,1.9476886940837037,1
1.864399989669926,1.189026672502716,1.2556797311721166,0.7808194722755647,0.45485753253618066,1
0.6254318247019265,2.5792913807090465,0.03788403597039845,0.9882389635703743,-0.18891735290684825,0
-2.134571390821552,-0.008985289552372561,-1.2131957084666058,0.6238920335208439,0.3698421957986575,1
0.08445445052268573,1.9044819902415089,0.48388600403027493,-1.473075769909921,0.6432739740729719,2
-1.9951920341400387,0.8778455850513757,0.5043313075543959,0.18538736044977813,-0.6491207232869288,1
-1.6945786270485685,-1.2144741025216386,-0.35732988262932613,-0.4392949086668801,1.2161740035667812,1
3.298161203019573,-1.309874519464031,-0.19454540280080626,-0.3594271201713666,-0.34798418241213447,1
1.589668542118642,1.3017290468377996,-0.587689033273196,-1.1470514529274622,-1.734490619140874,1
1.3231974430129592,-0.2650573659523688,-1.5919593529473832,-0.594552890236188,-1.5319029048802129,1
2.5665827843977858,-0.9616374139985276,1.2436950245310001,-0.557100316701119,0.38607335828990935,1
-0.08187986127746796,-1.4883987014827456,0.48880975453357683,-0.2831812190477574,-1.032911821279033,1
-2.6282382590863733,-0.8812674496172582,-0.03838176371660289,-0.37828241347047736,0.5958417898062484,1
-0.2833665569519724,-3.3179912208989313,0.2969295675838564,1.1954492657373925,-0.7996869200634028,1
-0.635571722478726,4.107552358355777,-2.228889773342551,-0.10444154456187546,2.0476173211896294,0
-2.3489065849167368,-0.1492668408746604,-0.35228829595364286,0.6115227415540248,0.7212926172675345,1
2.3321450391343093,0.9525459875870278,-0.5412887777408669,-0.39034339034608323,-0.06931619706693432,0
-1.245975426234279,1.3785403324207348,-0.6776653149235934,0.21968165824134825,-1.0600350050683947,0
-0.3183918867002607,0.6387011497951909,1.121193534821494,0.3400170718412721,-0.3800483306428558,1
-0.21203340051853195,-2.2079646803301247,1.2494853598441207,0.8783620615074128,-0.2755409424387976,1
0.8709288523100894,0.8383206703923481,-0.005848210945378597,-0.384943614140089,-1.5744792739014324,1
0.5863572020413549,0.8459066012660201,0.33622524829530825,-0.26663089189889655,0.42708660469436033,1
2.058123728605856,-1.06847005446976,-0.770230253077095,-0.9819967525721182,-1.5455414231585902,1
-0.6663207327393992,-0.2809616422078357,-1.2344511813928956,0.033992019122429766,-0.3549462550439354,0
1.0793971473311559,1.6349579680247868,0.22652583103009513,0.8093148414476775,1.2372643679088062,1
-3.315357068353225,1.6748753830925935,-3.1085741460289356,-0.6254403762128566,1.709826920829057,1
-0.055785560655907694,-1.543822248894341,1.0624318197645009,1.1844037895590303,-0.8867413683618748,0
1.523386293068405,-0.51299813146625,-0.6464096159664172,-0.09693629474424242,1.3576905709974578,1
-0.4162208044470426,-1.4052238175975367,-1.7422463221770303,-0.3464193432050184,-1.2382657945169655,1
2.800788193543597,-1.6947216966063483,1.1704779609078908,-0.4782184865149184,-0.050117586421718985,0
-0.669844459949606,-1.558800673563867,0.5011137467506432,-0.40547859522935903,-0.860478331343539,1
-0.08509475534992142,0.7166770258514803,-0.9578245722279298,0.06692457131034912,0.2762873711890881,1
2.2691281353653348,1.7391879686673384,-0.8918904121962462,-0.9087706517235512,-0.49278753311180373,0
0.3810317150756197,-0.35970670728491116,0.022276484165153473,1.4297064307593532,-0.1395498759375382,1
1.025501820705544,1.589513865689422,-1.2254942345827553,-1.02266951904436,-0.5297820026710504,0
-1.4234012438424686,1.2076776084672833,0.7626218586889312,-1.1441901057595953,-0.9136862965932867,1
-0.4822850278063078,0.5548203391392867,0.782940101638446,1.577600621413877,0.262179387507806,1
1.60151165152953,0.6668280875314455,0.3145999978573081,-0.3538890786590334,0.6771870817250163,1
-2.631780103172207,1.4006010206815807,0.3295653968658622,0.5584292603475307,1.0939043109126145,1
-1.666788224938252,-0.9451455410538118,0.04550832670063779,0.5067707963784015,-0.3348143372043845,0
0.07673215025459972,-2.16257806364945,0.25655170822719026,-1.3723964604533214,-0.5328212165280753,1
-1.0791107831040103,1.021321160106925,1.288209895140585,0.5714030885279644,-0.6006348675057879,1
0.09055041954958294,-0.5042051562981655,0.8295476945444353,-1.6218317228348669,-0.4452634168644866,1
-1.5127809055926646,-1.4896053965929275,-0.4063421520004811,0.2653065017191694,0.9498099988615265,1
2.0041085285429925,1.5063763439026792,3.214137131511155,0.5627402867146899,-0.03684042726658843,0
-2.0356723692476426,-0.6247094674137039,-2.3424808805286306,-0.6466769464673772,1.5493317888696965,1
3.8215047344095656,0.40591056522076546,1.56654188475269,-1.8974101251573687,1.0919123914154767,1
-2.193906626600995,2.0891417692566647,-0.4489319148931297,0.9263785701855453,1.0028655676237255,1
-2.1426960199314955,1.3926383024956839,-3.0903853290249312,1.6414710766536404,0.7631071657175903,0
-2.5171419854810644,1.3131161114160248,0.48387683289354255,-0.39729898209216874,-0.6135359814383826,1
2.857097172600566,1.8647907742863188,1.7000638841183375,0.6495933761121184,0.6787658975250764,1
1.6953701607891982,-0.53762103129919,-1.3198405623290757,2.383395123152515,-0.3609618548000426,0
3.1109513045119255,-1.0025122205533215,-0.5302715601538485,-1.1633248196458645,-0.20080507972825418,1
-0.20625791982451552,0.9416371741144972,-0.39363674381938474,-0.47045994728959784,-0.23412553734402586,1
-0.39786922470235037,-0.29659004936974037,-0.676199722546152,0.3299312871870631,2.654500139522998,1
-1.014461308866054,-2.811193732095733,0.30722341298792705,0.7293273535136439,-0.9695016498040275,1
-3.1928382752460696,1.5681105419874928,-1.7866336510640743,-0.05163496973060797,0.4168502098730413,1
0.13349399835824646,-0.9773110891244275,-0.7107001954767391,0.18149582159276906,1.9923710273988067,0
-2.5065127273641994,0.7074242552835458,0.23414613077399263,0.7500633972484085,0.38383244733202104,1
1.5945292012911132,0.445464948447483,-1.7416350062703185,3.373401407470263,-0.3098828976367596,0
-0.417490273925878,0.12337466743021755,-2.442689214185261,0.3025074583330642,-0.9191113921851186,0
1.463766652383315,-0.5815449881535717,-2.966361529775115,1.159697449730808,0.7716944663190964,0
-3.9103714281946047,0.9429621843684388,-0.18585041207425046,-0.6069610938861505,0.10257824156754353,1
2.227514358779743,0.4061227837943332,0.13835273841363332,-0.46745152512692767,-0.5050509507184856,0
-0.9466460882593993,-0.2585828177654992,-0.07087714037256772,0.03991231786734675,1.2168204664392324,0
-0.0596516300645236,-1.2398548519056949,-0.8579165664276819,0.10063384494888238,-1.126025176617215,1
0.5541622975700936,0.3504816019510205,1.6710501258547392,0.47622702250421617,0.34817563571945676,1
3.3274630286151603,0.08872437845320724,0.04565645682469628,-0.7490018658467793,-0.383205197784741,2
-3.1326421369835384,0.7682197560059417,-1.219739426826708,-0.32580738057373193,-0.746314250860841,1
-0.973288379161044,0.9655476893024462,-0.9099406708425732,-0.4657612209682373,0.7120750592739888,1
2.1229088038774115,0.9070452911924703,0.009881198757914062,-0.2815214728535983,0.3061575132884376,0
-1.211385620653982,-0.2783704636486522,-2.132820277427022,-0.07808410097089262,-0.3932731853363237,1
-0.5804758432574455,-0.7078957682740349,1.0932631985449497,-0.04942886002327124,0.32457126730952024,1
0.26412578069234577,3.983728817421901,1.74599405712054,0.6492410461905281,0.05811584454481355,1
0.44511902299334455,-0.14436145913471773,-1.7281307804118453,-0.6475749421512078,2.303027305450031,1
3.204776354299198,-0.2075230079528778,1.09907318065299,0.22478230612034475,0.3064557450357555,1
-3.5951745367751564,2.226115074223255,0.050367199476763276,1.2432673624381472,2.7146895102628434,1
2.069388272753632,-0.6149380198222747,-0.4425085612069359,0.2568836480688256,-1.1068495907886513,1
1.1055185549091597,-0.3032338221070774,-1.358140338816957,-0.41805720482481445,-0.4642831738469391,0
-2.767762941311947,0.7511627352036055,-1.9847088411481044,-0.0018188176080653326,0.38335746848111213,1
-2.68403927848282,-0.9676247791971394,-0.24410613252207958,-0.6056211155811817,-0.9821646540200566,0
0.9807801726710624,-1.3450449827089834,-0.8060303378283314,-0.8797478272618092,1.3994707987632038,1
-2.878143107750733,1.5894228189402058,-1.6319684922131652,0.2540458490574418,2.1712360832419155,2
-0.027432107747819588,-1.7442750958941422,0.8323251487890204,0.23643542420933228,-0.2533834305087927,1
0.6997475975694148,0.08765194189445666,0.3876569217911831,0.6419557006466513,-0.07601970660750423,0
-0.09238625551759734,0.6389397193889621,-1.1515584783743773,0.7079325265872632,-0.7096084596018907,0
-0.8367748157188394,1.1529407030866972,-1.7725243124148575,1.460889801100615,-0.8630543091080373,0
-0.31145937235156995,2.2080637871280193,0.6979466650438659,-0.42763257004146227,-1.437777598826898,1
-0.8813513519192808,-0.9598358511425753,2.4339379705321376,-0.04306039295678965,0.18022807075189895,1
2.7847595770672346,0.5652434198799446,-0.4258641113933472,-0.331880185736377,1.3268453864461764,0
-0.6382454702335074,-0.8848866356279361,1.5290012380454963,0.3921537313291627,0.7535322697542292,0
-1.3132678917997664,-2.2898162564358784,0.8099637051772752,0.18342503570442317,-0.24489834337992827,0
3.676943505025829,-0.545233290638013,-0.9304218828220264,-1.1353742626913295,-0.2928547678758945,1
2.1651597798125755,1.065345815254545,-0.9516682088211096,-0.6087549042319642,-0.2569738738090031,1
0.5821900037812348,1.1744053241353878,0.5707517353654072,0.8996277424101935,0.4873736967838778,0
-1.200092538084354,0.8022696665765379,-0.559706196092958,-1.327834775599855,-0.7718037275813536,1
-0.7842262101144666,0.6466894169546041,0.9621785996233365,-0.14770743704528144,-0.3370312055851226,1
0.6676487665686862,0.5913311764064837,0.6357863088799128,-0.15722775989372573,0.6810567056559392,1
-1.5318227046068797,-1.700661027494771,0.024583256281490964,0.5717459866803091,0.1948072652534347,0
0.30944136816417966,0.5988122518697174,0.6818788925379576,1.515422427177905,-1.7733114349893875,1
0.27358088835722977,0.8029247758287446,0.04172170738489914,-0.8119958440345928,1.0538689444707532,2
-1.2071315949708603,-0.8743934249066526,0.9715849370762133,0.08364425313808357,-0.44376591859417214,0
-0.2369305663234996,-1.8395997439641725,-0.6726679364571067,1.086968531836303,0.2429099815238699,0
-1.1356367070822486,0.2544095305353149,0.4433247323383366,-0.3292505142973624,-0.5925657876766077,1
-0.25301059112635316,1.0377378025433197,2.7210556957598793,1.62485129641344,0.7257099453359596,1
-2.0690783475009535,2.064095952762314,0.6034757188902321,-0.7232190966886108,-1.2635464775993108,0
-0.564281042237821,-0.3904317611725604,1.8743317221793359,-0.39534298097343634,0.19982767480019722,1
-0.14427521089022702,-0.4466007189449227,-1.4901318167803361,-0.08661464154906508,-0.19772317159066505,0
1.8769947529167668,0.7688429205805357,0.8656506588734255,-0.9694199032392377,-0.5091821404429956,0
-0.5053103313010184,-1.4143702332469716,-1.1278615610739144,-1.4668498690370144,0.5086564834283976,0
1.3623692621510934,0.598999320570508,-0.5865279623640501,-0.5082320075786056,-1.1316086162980514,0
1.7165697008289795,0.5809731414852894,0.6128971649668405,-0.1758133605952777,0.02773091103274793,0
0.5554364968239414,-3.6649187474528198,-0.9724933531675253,-0.7710766730135147,0.7379752737396899,0
-2.2715646658869946,1.7305912141225226,0.43213836220782625,-0.7695315027281742,-0.39977711870863397,1
-1.9760936174976174,0.1793500440464161,0.5617308448634803,0.6503816252979441,-1.4517372786773752,1
2.4852847994247194,0.029437322267133897,-0.5694155994574923,-0.43867855300205966,-0.32118109951065626,1
-0.057025244274418366,0.8326482234104593,-0.21793118569816794,-0.3132592627000517,0.683339733226833,1
-0.9598717013405642,1.5594883189923014,-1.4306902555358478,0.568274610719947,-0.15921642620820364,0
-2.428582776612906,-0.717884816053693,0.26393489658680885,-0.2801616324411508,-0.09345965422028353,1
-1.5405199167633563,0.3808648610152961,2.702755035685267,1.8807238296603,0.448363989815996,1
0.0037990589479246725,-0.30455696256614095,0.5191590850590243,0.3403622187119616,0.17823385164121236,1
2.0801448794948945,0.838964923127458,-0.20644755616162774,-0.42817466551358,-0.07377649130784426,0
-0.7727194824633111,-2.319649658393408,-0.18352274239279787,1.669057841266759,-1.4004030060174815,0
2.004119724590525,1.6880599217751724,-1.568783440250143,0.32475898168747597,0.6684219049560848,0
-2.9210059487831566,0.5042475122721121,-0.8329720490349625,-0.741598243850733,0.9369173040251647,1
-1.0191323464740776,-0.8127882091296367,0.7182785981373102,0.262449166816904,-1.0408611460975619,0
-1.4438381170739225,-1.2703362017262378,0.9994554796992516,0.7167595120399984,0.5662963535573048,1
-0.6018023291472755,0.7719478463313858,2.8904918100475467,0.17692801311505005,0.43598634080679843,1
2.035896088834853,0.48065006526936055,-1.5612573073714848,-0.8496919523047708,-1.0489539878790213,1
-1.369842779486624,-3.7991640796538584,-0.5210771498095303,0.1520069811928747,0.12448830427761426,0
0.523701763774629,-0.47808696293225006,-0.40730061435405335,-1.8810417780183761,0.9433940930094984,1
-2.592972774834861,-0.7907082108856552,0.17678252096273778,-0.15500360300691418,0.9648262957621822,1
-1.2646179908423938,0.3310625633891597,0.5598557831494295,-0.6656912403696912,-0.882573691150001,1
-1.5307762572840315,-0.2148744351466348,0.47221035276173245,-0.0675092556141471,-2.0264712255853814,0
-0.9583184684656748,0.13984163340163402,1.3163344970093533,-0.30812029615706865,-0.17251352264782796,1
2.453538888549844,0.2199338145533841,-0.4404504196374839,-0.5454370694356894,-1.226866748345013,0
-2.164140608547203,0.07025303902647685,-0.32674361302010196,-0.8393744563228185,0.305654873884186,1
0.6169984919859556,0.8100088101323712,2.5475595600351824,1.3042357191879332,0.16059474123265752,1
-1.3300354425016292,0.012433898729116613,0.3587364016624118,-0.2733803358793727,1.482806378200693,1
0.13438416131179268,-0.1619878591154811,2.278955871468245,2.3393396117514262,1.1996786116366398,1
-2.9407635546814572,-0.5110756135522412,-1.4252500726876727,-0.3329983636650252,-0.6317503799734481,1
-1.8244278734569779,1.5017944904647988,0.9731696740070374,0.7266631133443985,-0.058006889661048104,1
2.646128962345858,1.4965630324239945,0.0824465345132037,-1.6491733707216036,0.3320522787034752,1
1.4302656701352168,2.257882148805751,0.4251242868973982,0.7183898989298879,0.5421226392773713,0
0.5017383862188696,1.624668282672575,-0.6775461819880674,0.16886253000223692,1.0619617273557365,1
-2.4075602313312245,0.7215737181744407,0.17014368293244053,-0.8142070294581201,-0.6188968967531073,1
-0.6972438140035842,0.7023085417194305,-0.04491456392390714,-0.19357166004810544,-2.337656186473393,1
1.3730855778559312,1.1469390488969111,-0.7380806548217124,-0.25083911549949606,-0.6274657456464993,1
0.5490124642297431,-1.509765268314662,-0.28428486826433597,0.7590673683700734,0.8570372656036438,0
-0.1987933082579251,0.06497100056887135,0.6057030951493398,-1.6009400398906763,1.5410724398396431,1
3.498626089322561,-1.3319081973830391,-0.0992476092420654,1.3397470322858664,0.4723961574498866,0
1.6605439321320976,1.112604074489781,0.9551980543583402,-0.9576607013792096,-1.412735760405963,0
-3.3057785808977327,-0.2736382156684942,-0.42519915444134243,-0.5634228817408176,1.1254896817418805,1
2.605461244954907,0.1892274659495837,0.3667102785078609,1.3259434772815557,-1.1109899938600372,0
-1.0209783855880676,-0.8938530088626294,-0.40850918290833227,-0.44852329360870113,-1.320021611742998,1
-1.6501435467673764,-0.0420137010235327,0.016731310626110506,-0.21265327348660099,-0.9373479811471592,1
-1.0369015551498664,1.5955717012291466,-0.2937191623206083,0.07903428304339019,-0.19062812534903176,1
0.890530020827796,-0.6584840652451734,-0.5549172098056754,2.5992088984287305,-2.103155809005527,1
-0.6207264294685468,-0.42497739787506944,0.5004325684236302,-0.5562484316114402,-0.37628130972673074,1
-1.2558205680539936,-1.0654310612188769,-0.25614382612435516,0.6680829009179653,0.6186259823844511,0
-2.329916836248243,1.0086992058525677,0.07240080616813152,-0.6583227635322411,0.7027210924555936,1
0.5810220553255828,0.2870376014677901,-0.4654581724497502,0.05867535962633339,-0.7830882968705791,1
1.9382778929538331,-0.6806407075132265,-0.06844772003297485,0.016577248195825824,0.41897057774518787,1
1.6072132613358092,1.2294577956269845,0.9437610074085424,-0.6979168064847375,0.2868468901775937,1
0.44587627073273345,0.9545977700485647,-0.35217627272078,-1.629131423329181,-0.591123931058032,0
2.2005291200730617,1.307823295197686,-0.6492483277973575,-1.2230686452428665,0.4728772648567579,0
-0.9140925177399271,-0.792062159814944,1.0537858152935233,0.4701331672068401,-0.7340623788521962,0
-1.211385620653982,-0.2783704636486522,-2.132820277427022,-0.07808410097089262,-0.3932731853363237,1
-1.6635242678989093,0.760632568893759,0.741555815402153,1.4871121734595816,1.6914168988488965,0
-0.7565884444153473,-2.712362140620405,-0.793425272273359,0.2606756134850183,0.07095992405430691,0
0.19182504638531142,-0.8349544854046912,0.5341888144220728,-1.7457792321753904,0.022228727717682674,1
1.3573241186355582,-0.20730236693308446,-0.45611581599991685,-0.5136425430639329,0.14218166613548963,1
-1.5702758896773292,1.9121690225808303,-0.9895501208301196,-0.6469859514294228,-0.1755177503153584,1
-2.1286985424186238,0.005304879642835656,0.6995320621602283,-1.0957840325232058,-0.1292024253168764,1
2.5435725345456834,-0.7912476078837758,-0.10474066936165209,0.14972885871753217,0.8918700282486252,1
0.6213510893168304,-0.6623456188808766,0.9111327128903932,0.7574883095241312,-0.4930382280626879,1
-1.0381552591265666,0.42954136053235703,0.7045135856125847,-0.8544534123951669,-0.7432042987968283,2
-1.0215517142274593,0.8297877043849753,-0.6180213009482781,-0.12971240841539103,-0.21586500792521496,1
-1.582899462836557,1.043990733588832,0.8033428934839755,1.1203032180969703,0.4146471330976973,1
-3.1998574875712236,-0.3018850707898753,0.22347063131692815,-0.8881892746860222,-1.749089648666963,2
-1.1959335839027045,-1.3747133635224826,0.3971287294809937,0.1276319871818926,-0.5048911279340826,1
0.7649479004576877,-1.3907337506694915,2.1228922106287063,0.30351268019181155,0.38155233024272034,1
-1.0385900588912635,-0.22665007038487103,-0.3666591746151841,-0.4484713060276623,-1.0539321819117957,1
0.3317618018877303,-2.0437298617010144,-1.5563172050978655,-0.970890737219848,-1.0158172608072442,1
0.7644428829068737,1.0235208529143869,0.4637490726787117,0.2795642424864882,-1.1669581014402295,0
-1.002444962107207,1.107015462505569,1.125373689325672,-0.16431526264373167,-0.47055164151416234,1
1.60205973866569,-2.8943588279845733,1.1296444768589708,5.316698061088859,-1.5553633739303747,0
0.6691539880092208,-1.1649047304522273,-0.4470856507349087,0.22795479487684167,-0.8528102145119058,0
-0.2122745248743631,0.8513575256292379,-0.5981888061034346,-0.009628336199223639,-0.30242129585362915,1
2.173381671933601,0.13858277351700368,0.23373807598082,0.36150445489122357,-0.04801956797677306,0
-1.764969539953412,1.136124985268682,-1.459789268133625,0.35570780494992715,-0.0847204243262144,1
-1.4754795687547635,1.0406765976120649,1.0609982210569662,-1.3429757440018413,-0.963161305471396,1
1.311262949361639,-1.3743429914825238,0.31007982120056343,-1.8819934454739313,-0.14310807372864023,1
-0.9207840578104968,2.641663273742662,-0.4023610991512143,-0.05603132019398134,0.7150742902642822,1
1.39225875381841,-1.0769504438734019,-0.7785225553120197,2.1603238748809463,0.0965669037597664,0
4.936214866339766,-1.5544373982651554,0.6450748815470615,0.5510310402030526,1.5885188155944028,1
2.0974477824645414,-0.3817562502074489,0.18162086409195438,0.0889740076689617,-0.4506904834017825,1
-1.9660045521946328,-1.307803322230437,-0.3205109353645669,-0.18339935641547372,-0.1374580058807614,1
-0.38142291176809767,0.13208906688870667,0.20586746065172762,-0.412620221237642,-0.6158780133505062,1
2.1895009921481905,0.7856983385135892,0.03537144538327112,-0.9150525980324803,0.1338910709010429,1
1.4100184819989314,-1.2252412725980701,1.2079435590047878,-0.24778166847700728,-0.8791838420551297,1
-0.6568176800096369,-0.4646682504387599,0.2717692059557315,0.5370573562651051,0.08922412897439035,0
1.2827974362362178,-0.32328539994593297,-0.957681852240916,-0.10374413781194287,-0.2534688590413141,0
1.2100864201673218,0.3297493636573723,-1.1124121224829815,0.65258371685101,0.34836266826523055,0
-1.5982039555305045,1.9925997930077024,-4.3758627819176095,1.178419633653117,1.1017647698076882,0
-0.8682512795629526,0.8025853402122523,0.686377344554712,0.8116682930054486,-0.0678109632743704,1
1.7603710812974662,2.0190015706395603,0.651418260103809,1.2352673828244443,1.2720774795774554,0
1.4237205922137046,-1.4827691045187696,-0.8241693161365118,-1.2850923726963328,-1.3898224482163621,1
0.9136564267848579,0.20759741342962976,-0.3259555684659898,-1.523829666567868,-1.6872513341414155,1
0.8557303903943397,-0.14029474984441023,-0.965772180707702,0.718706464717203,-0.35453258027508916,1
0.09055041954958294,-0.5042051562981655,0.8295476945444353,-1.6218317228348669,-0.4452634168644866,1
-0.308404541724984,3.366469005877092,3.782221719314203,0.36929682425612176,1.5936761399769144,2
-1.3657648330213286,0.2891251367559836,0.9506119002100131,0.47929741977310736,-0.21532217779467452,0
-0.13232300931853594,1.6035833343018977,-0.07272047562265072,0.7531213198634198,0.10433720142552746,1
-0.9498021382555274,1.547496044834997,1.3749857889621848,-0.45964411248429904,-1.091546210748762,1
2.4330239378420364,1.6288798755105183,-1.0508092166757992,-0.43397125187997804,0.18642052912096407,0
-0.9004719031700333,-2.94307186568825,-0.45782027434134887,0.22999680004888132,-1.4829638207925384,1
-0.06272705306137293,1.3131055273167669,-3.9713750890212154,0.3654876337857951,1.8580162199296024,1
1.3581467634609345,2.0933844133686104,2.21089948889804,0.5506795652908344,0.30792630871751914,1
4.242972764380074,0.6497187021694943,-0.10822981194902395,-0.8331282504004633,0.6948716480589122,0
0.9863728970551771,-0.4433676758251922,0.819455330056124,-0.6840874588336997,0.24460339831171976,1
-1.0138379301195852,-0.5856278876869746,-2.5214983706575884,0.0120234432607148,0.5167825822780505,0
0.08595044035180216,1.44768851242759,-1.3222056385923782,-0.7593435079309018,-0.7426542463788677,1
0.5075211743716955,1.2771140292923344,-0.6831535412732727,-0.6780692230447911,-0.8650802286155598,1
-1.658508585310473,-3.4847637583292514,-0.3140344118556102,-0.5645923878366642,1.1590290668844747,1
2.79330787176857,-1.2973710857487755,1.0762145626808788,-0.31155720447367313,0.29221103463230863,0
0.48835067253266906,0.6474424162187493,1.728268390875437,-0.7358658494773977,-1.0596626080400224,1
-1.8952150105274803,-1.1740083511642028,-0.18021473279816053,0.5548997325903328,1.7228486682583806,1
-1.0860766827182575,0.8843997430424702,1.322092824906274,1.0877694263520905,-0.6504027422072169,1
-2.1752668629886336,-0.9271727043644359,0.632260554687946,-0.07012159027492562,-0.39489140139341644,1
0.3264333011057962,-0.4042463145675549,-0.596888210296766,3.183989883271595,-1.2165737792921236,0
-2.130932932658318,0.9528454607580197,-1.0434835731702898,0.2996613804381526,2.2895542691977857,1
3.152163445012833,0.9655441319604535,0.8080025392731507,-0.435385419579498,0.8161974350750122,1
-1.9699054630866055,2.0214882005591486,-0.5666421531110887,-0.6654410893708091,-0.3363189325166063,1
-1.688228680490167,-2.431983617886811,-1.6414485934877292,-0.3675282299130432,2.018875676987631,0
-0.7870971710217456,-0.19403006523982952,1.1983883212098394,-0.8019846570657744,-0.05177528437435402,1
-0.8588043094094834,-0.9221015006751127,1.0134161618024402,-0.01410076054711484,-0.83380829815449,0
3.0222434070871533,0.9466548572258868,-0.33486128867716175,-1.1511644983024498,-0.08270206451503452,0
1.864399989669926,1.189026672502716,1.2556797311721166,0.7808194722755647,0.45485753253618066,1
-0.1760421768053484,3.4673252831349486,2.036119286939427,-0.402296126428713,0.5701524273360853,1
-0.6039228134454411,0.679240710336696,-0.7685788845001776,-0.5669197132607785,-1.2608747586663582,1
-0.7192625109810431,-0.4797710621617211,0.7925131347762115,-0.7563297882475598,-0.4983558949823136,1
-2.0285078976203277,-0.427166364862671,1.131549842548727,-0.02489445672318628,0.3866660718905148,1
-0.7528172192417192,-1.747395649726867,-0.10041787138161773,-0.5169397679122031,-0.9620418461210162,1
-0.5039601424808173,-1.5042677094307786,-1.0856496920935392,-1.0796114790052456,0.46109072417870217,0
-1.294028863185262,-0.6117605179605505,0.39319286270600967,-0.5958656356126901,-0.5098675727391105,1
1.7737306793327325,-0.8363764575345292,0.9261166622396758,-0.6178669266364044,-0.6846403135341643,1
2.0946348895966502,2.3353426666321524,-0.810859113778559,1.036458795202756,-0.13896694872535886,0
-0.4783260508479387,0.5243925572558267,1.806111035389036,0.4710593113961033,0.5717178104854481,1
-1.2981320193692985,-0.6382765681813183,-4.417227694281063,0.6903611966963968,1.5684409693875936,0
1.458296185769586,0.6727633483776961,0.6367450126882154,-0.2143069216662489,0.2939988626318526,0
-0.7748118042256287,0.4607580331428487,-0.8642372961431789,-0.328344524581812,-0.08331369148069719,1
0.6595510496213518,2.5380948701228996,3.5041138338661213,1.1542782305266415,0.5348209989595332,1
1.017169942727291,0.286148846086472,-1.673407586795059,-0.39665837204406695,-0.7065949016188622,0
2.895080637788232,-0.608043845040507,0.5137356708153706,-1.3166592004290587,1.049477628171605,1
0.2969958598809446,-2.214537696192927,-0.6956721628611595,-0.7968328002917757,0.3455535242109815,1
-0.5315009227355474,1.489543074238305,0.7337962136693235,-0.20153272194362842,-1.247921308367067,1
-0.921259380478273,1.6371846221495079,2.2788455324143673,0.26612151247433163,0.08914605077000887,2
0.9930360379629772,1.7049353619039906,-0.684645190521308,-1.0052332484412745,-0.9866041791291039,0
2.4643057970207307,1.3765446845519798,-1.3237011081049093,-0.06607104983807631,1.9554457784933714,1
2.588746762217644,0.26170475820683603,-0.6608465330515157,-0.07483576459645282,1.298345794338833,1
1.4850077402081174,1.3497484457999178,0.894876028800461,-0.2550919646755394,-0.0560657120380439,0
2.5880438967604835,1.1768197206477942,0.26705617159981654,-0.9867258317329451,0.16132597553014044,1
-0.7306819784952392,2.795049434336416,0.11528902255959832,-0.18524342528290869,0.5031161092180738,1
2.069388272753632,-0.6149380198222747,-0.4425085612069359,0.2568836480688256,-1.1068495907886513,1
-0.6005247598497084,-1.3919137571080147,1.3023957881397883,-0.341519329334958,0.8363518464579113,1
-1.7405225046815238,-0.450046016699512,1.3108509161372903,0.9882067611293095,1.1703948703018427,1
-1.8461011182204101,-2.151658232409791,-0.07843063473938444,0.4010283417670934,-0.3630463888062127,0
-1.020510096556627,0.12155925598213044,0.5653281046247106,-0.9487740055523517,-0.5832237757100759,1
2.248326227167241,0.6203339922228629,2.454319136865679,-0.10443470340052155,1.122559666049978,1
0.6169984919859556,0.8100088101323712,2.5475595600351824,1.3042357191879332,0.16059474123265752,1
-1.4117884630209467,-2.6033825261864703,0.8960136578053843,-0.05485502561075498,0.1468680586434838,1
-1.3522052309075376,-0.6648750708224453,1.0677377560992216,0.018569901712464764,0.28923536223927343,1
1.327586471158919,0.7030390271807003,0.9174996348300362,-0.5057515521359729,0.7343829983741597,1
3.1930476257209603,-0.2218637604970406,-0.406893112759983,-0.6249777800395734,-0.8974571861826939,1
-2.2442823318875105,-1.5580189129539574,-1.38753182411525,0.6535524515889081,1.954511380762836,2
-0.10886944437718402,-0.21401021607378304,-0.024044801575300288,-0.9336632050434039,-0.8486454656467005,1
0.2384253575797604,-0.7419129552153246,-0.25583836751536904,-0.2213590433291696,-1.0174601944654433,1
1.58903953344064,-1.0608270008585077,-0.16170607398365028,4.75982361743668,-1.0601586017783804,1
-2.505982854249619,2.151526320952841,-1.4696371472171121,0.760465822707744,-1.197198599251297,1
1.7882483421327307,-1.3118866443617403,-1.7754193120364328,1.6437122219028655,1.5990050683841108,0
-2.212166467154337,0.10149688930278838,-0.10294526060041036,-1.3575638523620488,0.19630985602753426,1
-1.1448882665506732,-0.663888595922792,-0.23571678436360843,-0.5588604133285184,0.07678921045480099,0
0.207091380907954,0.7765706073603488,-0.1298609280504179,-0.027812362877331707,-0.4084353684701504,0
3.4731938574810015,0.7428830035277905,0.10096820129595666,-0.26910891056564235,1.6035500859452572,0
2.432793271908019,-0.4064718784221276,0.07540093311477673,0.349989493413051,-0.12317520186232322,1
-1.1628944792946,-1.2974177861712064,-0.44245908415753515,-1.2100360970514865,1.5050562942368977,1
-1.5021122750277875,0.8339015731144628,0.46663296324895315,-0.666420753142181,-0.012068344792463137,0
-0.4407285060002894,0.7664399754416603,1.961226996167005,0.6571493479269608,-0.1444155808279296,0
-2.739050779207743,3.439568442247477,1.0733528229350418,0.08303348509676413,-1.9488522489211495,1
-0.03670802767528152,-0.8067779898287578,-0.03601200058049928,0.05583128322418687,-0.14789668189863145,0
0.5670166936055686,1.1780940879085975,-0.47603987348698945,-0.9280815735660483,-0.6426041362119542,1
-0.045493079001779575,-0.8022565783885642,-0.6412198496288379,0.060004861496828106,-0.26090223837135795,0
0.6785460955159197,0.6577613321663854,1.0302479996313474,-0.461304330381687,-0.9863971849352886,1
2.0832058362531245,-1.400948528547759,-0.4062213070510931,-0.3574670511796366,0.4817985364528375,0
-2.065182056019563,1.416993196517112,0.9300509248471477,1.6705889751197531,2.2233880088145277,1
1.2683747444171372,0.9546682838678616,-0.4192321675920032,-0.2038570608773726,0.3006353992149724,0
-0.6054207293547839,-0.06526375878391807,0.033874470729412846,-0.4939267853711258,-0.8057078431558449,0
0.8037516010661895,-0.8919202802798405,-0.00586144760060179,1.868778131952121,-0.1667511636410286,0
-1.3764238896239351,1.7221367979600026,1.0884766593402309,-0.7420155425572565,-0.5606832291180872,1
-0.5741781688722418,0.9928727857163895,-0.8084427164163939,-0.9302290753127807,-1.2252594667334622,1
-0.16616412224590688,2.491510726196004,0.8153647571383182,-0.4956558460653878,-1.2622896214423474,0
-2.2134750375194074,0.927013874848561,0.3296031732187289,-0.4293276609754411,1.1955373653244024,2
3.207277049825787,1.2899054593071242,1.5926443580676974,-0.148970444224016,0.8064561542252364,0
-1.9538233868894062,1.4062628961237384,-2.833082271592046,0.11415058937279492,-1.007440222356522,0
-0.9509814868022961,-0.36754915465043836,0.3462085501487615,0.15491691411724784,-0.14262929309840316,1
2.8290231365778884,0.5096425146262403,-0.8317822365119055,-0.5038726153065074,0.36313612627509534,0
-1.218915732171635,0.7795842767797725,0.008369567273880664,-0.5773812695537973,0.7393061518540212,1
-0.4113604256263998,-0.966617404935041,-1.4758234904282512,0.7616706836344739,1.6491656098066731,0
-0.6044717514983089,-0.757722720210663,0.2340952314735669,0.35591969563548087,-1.5121146890116084,1
-0.2976457842673774,-1.3953618752046997,-3.2849790855156833,0.24406058240637393,0.03300928620450593,0
1.440594682975083,1.0907010617095474,-0.4007649744386409,-0.47441011582819137,0.24115159241250173,0
-0.8609226102653044,1.3323928042255173,1.6784090854540235,-1.2003950878145317,-0.5996505405925922,0
-1.1195580900395106,-0.7876314683285209,-1.2370597588643137,0.423120018531375,-0.6922942261741424,0
-1.6498733166938575,-0.4553884767700574,-0.35294937634429474,1.420020433310648,3.3904105059620764,1
0.9777278655708933,1.189192739648638,-0.8923622626783734,-0.6207461710799099,-0.3500312078536112,0
-1.435952131681411,0.4827987497229421,-1.4675164595705268,-0.8289181993475268,-1.761591399184657,0
-1.5964291652873916,-1.3514403341456465,1.25674892273173,0.8490942442787711,-0.2278108287146705,0
1.6829469843839078,0.13936685451820316,0.05123134324519472,-0.7663011921503654,-0.31714258195926354,0
3.450789698620349,1.1544246381496748,-1.2262473412984372,-0.4198823844433744,0.16008022123704227,0
1.1329019239431837,-2.174754283726056,0.1482882996909439,7.410302044360318,-2.4730963262117136,0
0.31668235654336174,0.07712516553045098,-0.6383140552873308,1.536316650347117,0.18729490823067904,0
-0.07108861995839119,-0.799000868590344,-1.3514844917182698,-0.46580260178588284,0.6967738427705298,1
-2.040180890083861,-1.3872237551998143,-0.5141155608503988,-0.6785573318149885,-0.48454532594871236,1
-1.0978997289419596,-0.5999275958036557,0.7348108868067105,-0.1647761056030964,0.6211970213887918,1
0.32928411816702574,1.859104411805125,-0.2981287891934368,0.5826631881854877,1.0084753113349199,0
0.054793531906466166,-0.10899175591176205,0.4452207247636489,-0.2610582128424614,-1.5646506515270027,1
0.08595044035180216,1.44768851242759,-1.3222056385923782,-0.7593435079309018,-0.7426542463788677,1
0.1062481863636075,0.52736271561223,-0.9633848558612201,0.5571716138710653,-0.9271623339670427,0
0.02063784701371327,0.414705885858438,-3.288383809478889,1.8730809358764755,1.356578168304604,0
-1.465909685932898,1.8468277422136299,-0.8265648735024212,-0.8780626914332375,0.20162076606793675,1
3.21694662682265,-0.45447514829415414,0.6719690134953556,-0.2755334780630644,1.258654387837193,0
-0.7888529211578449,-0.22293125312405082,1.7138212860155322,0.9862558197423885,0.2875832940975851,0
-2.5095434298630597,-0.3013224803776861,-1.3248811889600534,0.21345096790932258,-0.3159061539243321,0
-1.1937360695657138,0.6271551641623152,1.052291109415923,-0.37801971415430535,-0.005767066787272083,1
1.8581290866172666,-0.14557644454165036,0.7201301868817738,-0.4198187134662546,1.2077873547476818,1
1.6030110717352946,1.3787691203305725,-0.45648312533005575,-0.15738250754400904,-1.0433270632147371,0
1.1345223086702996,-0.744942282211516,-1.3784103983975686,0.5117068860111612,0.11680630657098916,1
1.6720823944790402,-0.9925439712625641,1.666458022625788,-0.2992535018753024,0.7592335789268947,1
0.5197315669119652,-1.488108448906781,-2.722278820599739,-0.49789277091562584,0.26376569740536177,1
-0.23889621734977629,1.310106885017396,-1.3959305467739942,-0.36149696828492517,-0.4442312469871776,0
1.94900527268105,1.1903496606653965,1.066318941556328,0.5565355232989722,0.5397174587166785,1
1.9717603808178528,-0.44059727380763536,-0.44753103281211726,-1.1605048659319328,-0.6474056218929198,0
0.16746887673346325,0.2377843438421662,-1.1923308285227487,-0.5090456414160368,1.2778717989375021,1
-0.2980122811052252,-0.31337435672408515,2.61340516668105,1.164969157525029,-0.3952030320272871,0
2.3244497849909895,1.301183634363406,-1.1494682197693131,0.04957698899801041,-0.16353042928341122,0
-1.8832307501435732,-0.7246857017051992,-0.7187087699818007,-1.2896017486386622,-0.5543597109653733,1
-0.1267077030849885,0.5701793600058873,-0.1218633662755034,-1.2822882178080863,-0.819785806029964,0
0.0875817320981496,0.6747359129537113,0.8999839229259194,-1.0221018533909338,-0.4374474880231737,0
-3.1589648210510037,0.6112520014146238,0.18999624595471826,-0.5378883714468149,0.8946450001048126,1
0.9935545275574871,1.359300382700433,-0.7885129508046335,-0.23343363998875288,-1.3282494323588656,1
-0.38040580959793097,0.8269387678133845,-0.033200118139537535,-0.0908306028021176,-0.125469948013518,1
-0.4074672888016751,-0.12093449300605531,-0.6206789945066297,0.2883641750010395,0.5628116210477412,1
2.388926796967316,-0.7128163565687902,-0.4113656524882665,-0.04338471217154454,-0.19413543057662222,1
2.4405799151861283,1.2298790445298713,0.45667970291281823,-0.154154833181904,1.3058590021695422,1
-1.6935881923411458,0.5378235297240114,-0.1705152922063774,-0.3671393570277324,-0.0608884615668057,1
1.8091197067839675,0.5924037570268477,-0.22538491361920046,-0.15016854736421606,-0.7999681379724354,1
-0.7110639449519025,2.21274625422437,1.126855265116886,1.8941829355913313,-1.1451483155800914,1
-1.022460429114727,1.6035544194088238,0.4171966356883773,0.912041395864461,-0.29745937783370413,1
-1.7167586612454315,-0.5480971946057104,0.036466205009930586,0.0032308912957577274,0.15813013874213244,0
-3.6547886465763555,1.9517049014938928,-0.9422811413496318,-0.4188757562267213,-0.45444361954833606,1
0.0700181657377911,-1.6850917532964633,0.6691743270617383,0.08748311877595273,0.19490089773101496,1
2.4046348544547125,-0.10653653456606285,0.19259471242318607,-0.3845350112825913,-0.03438059513033666,0
1.2138708145930455,-0.6833002471354778,0.29192858652132614,-0.36231992972802574,-1.686122481571195,0
-3.891738838757334,0.8733283034504986,-0.1714665680011871,-0.6047586495706622,0.13233099345159655,1
-1.7735306687824475,-1.8751457495245003,0.1773850707037595,0.22181144060583513,-0.4121672396171749,0
-0.8595275402495717,-0.11326484213466877,1.1240274112633761,0.4394906722861594,0.2946185436401069,1
0.8025309436918401,-0.02339651194890228,-0.103601981580819,-0.06459977931065933,-0.014867927001346797,1
0.7839138882856205,1.6143224791451376,-1.5392872690113477,-0.87527395441987,-0.9510581546512765,0
0.020875477052577876,-2.0271910856185538,0.36194127452112845,1.2196909535949725,2.172185763308015,0
-2.236719339982499,-0.02381552836833614,1.0350991525493627,-0.5967223566545119,-0.07049582702097287,1
1.2502804111926835,-2.73563886805121,4.875117925984353,-0.3205081181129277,2.5685565529909304,1
-2.1504692247747075,-1.1900460845690939,-0.8737732442442451,-1.4961614335974842,0.3275989626104005,1
3.025647171279849,-0.12043137995180936,1.6741952296124767,0.7494849324525671,-0.05369747028647244,2
-1.476916409755635,1.8336256716497858,-0.8224330387652954,1.3122700959544453,-0.48730010892651315,0
-1.8973942274340225,-0.4042941285429654,0.1611173674832836,0.4547006592625028,0.23083694911118643,0
1.2277432452992374,0.706054961750007,1.085254070509638,-0.07150718899301352,-0.4459150853835478,1
-0.986559560015378,1.4901130928732733,0.5095330037322537,-0.01741916347317032,0.48953844458268153,1
0.7674529507797143,0.8453121287420909,0.017397545850535566,-0.11447228828709348,-0.4405500390696268,1
1.5232741101191167,0.716499050044465,-0.4980308355328088,-1.7218136967669613,-1.226608122782797,1
-0.45813590808883975,1.7496231056871696,-0.08921668693868927,-0.7610927127233343,-1.4560968088870763,1
1.8435823084198435,0.9485987477648121,0.38968755240795455,-0.5543259317184968,-0.19079238442780375,0
-1.935076502170041,-0.6219838366284675,-0.44462717467558655,-0.9130518453499764,-0.23387382882336674,1
-1.7646479022981107,-0.03960147533612588,-0.36149775630159403,-1.3619083598056823,-0.3090783375409168,1
2.588746762217644,0.26170475820683603,-0.6608465330515157,-0.07483576459645282,1.298345794338833,1
0.6769063023441806,-0.4564384247874109,-1.235683517450224,0.02714981661056394,0.45584105160183624,0
-0.06092336016688935,0.007795224667528835,-2.2115931264954196,-0.16871017664058455,-1.0215256460586783,0
0.5784587226010983,-0.3615809926464669,-1.426436714001198,-0.912044163785894,1.768329985306113,1
-1.7338875164076197,-0.28188365708975255,1.1617671350762762,-0.9042949585605649,0.13702797397228073,1
-0.25301059112635316,1.0377378025433197,2.7210556957598793,1.62485129641344,0.7257099453359596,1
-0.676787992098857,0.4422231173634624,-1.1912794335703292,-0.09870499571309466,-2.009218476540972,0
-0.530692780124813,-1.7492810668073981,-0.16514623653185076,-1.1073042581001558,-0.07775141654877421,2
1.5932720614893996,1.2462509127065124,-1.1864391244182704,-0.9349521995176358,-1.5446411064433088,1
2.453538888549844,0.2199338145533841,-0.4404504196374839,-0.5454370694356894,-1.226866748345013,0
-3.374493327973168,0.02921828169521814,-0.21537676454868207,-0.1410291918111894,0.23586813252528072,1
-1.1670078017062138,0.37977753301637035,0.16065209623870652,-0.5611354519664533,-0.023930169291786384,1
-0.23061868187731283,0.9465994218207602,-1.493787648659997,0.20018927864476707,0.9493067578270847,0
-2.555410556004229,0.6806901526401298,0.41710976201021743,0.6544285602281907,0.0041832904598625995,1
-0.7502175143854996,0.8876185616452834,2.156314367520945,-0.4895230641367591,0.7323614100483568,2
2.3603129835373435,-3.022648446043555,-0.43892628090024094,0.20157182411726815,0.20773115014539006,0
-2.7819304450676325,-1.85627710277522,-0.6850513715876276,-0.4916087187823298,1.8206941418038585,1
-2.6671026404948726,-1.0796448504365628,-1.2607532480935881,-0.27900852588571246,0.6178074451594829,1
-0.7519486898014196,1.1525931835439411,0.8487544084934222,-0.27827367054549607,-1.2799367029940507,0
-1.7278964873252132,-0.014498797557900477,0.568654446856204,-0.4267128492395093,-1.1107050721991785,1
2.800788193543597,-1.6947216966063483,1.1704779609078908,-0.4782184865149184,-0.050117586421718985,0
-1.1857835780519503,-1.1339611660462228,-0.3872506314210317,-0.18632737347886244,-0.9618417078071354,1
-2.164140608547203,0.07025303902647685,-0.32674361302010196,-0.8393744563228185,0.305654873884186,1
2.606933385061711,-1.3493504287053446,-0.44838769149072194,-0.6168996592438691,-1.1271573575454235,1
3.0471809274412576,-0.15510242114130837,0.04903979822609409,-0.6411825807729593,-0.38390520100907827,1
-3.3638485692002758,1.8588230483415045,0.6851897013655228,0.751877549350907,1.8128427592613958,1
1.9922894670182936,-0.4446416834861721,-0.6015095821069185,0.15694098689229705,-0.49942890988124417,0
-2.273650946664429,0.6241331169306487,-1.0013728314589003,0.7418763330719155,1.1079281262524048,2
2.654143959679865,-0.7746705338396784,-0.6523543604076257,-0.7658504049180036,-0.5340614471997425,1
-0.9953039798286903,-0.06873358739705814,-0.7541231099299595,0.8865243915201455,-0.8138821371741332,0
2.058123728605856,-1.06847005446976,-0.770230253077095,-0.9819967525721182,-1.5455414231585902,1
1.6114492483138578,-0.9725082553603281,-0.372678067945924,0.10721057403296674,-0.058536800281579655,0
-3.091483124572957,1.0307873180205214,0.4917627466244403,-1.428601023095684,-0.6293871751589201,1
-0.8190014838398145,-0.2627205210697118,-1.047462172208374,-1.0896687812971348,-0.4740401410340187,1
-0.4684075410738158,-0.09810207948784341,2.793919389940287,-0.042959647618810964,2.251346182473959,2
2.606933385061711,-1.3493504287053446,-0.44838769149072194,-0.6168996592438691,-1.1271573575454235,1
-3.6547886465763555,1.9517049014938928,-0.9422811413496318,-0.4188757562267213,-0.45444361954833606,1
1.784190233493508,0.5474923034301505,-0.8084572180703675,-0.6105287667356744,-0.5906693253605626,0
2.4421499746362314,0.9375035918730775,0.3098539653733394,0.437990929477915,-0.037809276770016796,0
1.099565882913876,-0.8981712715671153,-1.3719889355505406,0.03382399353780094,0.9762662035527102,1
-1.0604147874726586,-0.05074792881064484,-0.03387983837980613,-0.7170859970744953,-0.2621410672616218,1
-3.0659882049479426,-0.0010297079896830943,-0.39036080164885706,0.35235982920912434,-0.044510709227098204,1
-1.0028361459534354,-2.130585138056939,0.059686329526440256,-0.2863600227208631,-0.3676462196510678,1
-1.7473020197608344,-1.9407714221243664,-1.2602052363783782,1.2954293118407347,1.109195762692316,0
-0.02387666822160923,0.2427087237361775,0.280657756356851,-0.0433109524922838,-2.237888265014185,1
-1.4595622324320083,-0.016015564864765325,0.6490306383479858,-0.13891087427891988,-0.21603640410787747,2
1.201391239484509,0.6619248407149538,-0.8578212098609097,-0.7989062482037145,-1.0768574138497777,1
-0.7645758850302344,-2.479171941429483,-0.08061933933784139,-1.2258955358609886,-1.2517659589445183,0
-0.3596402026455712,1.6990419501791618,-3.8191847555829397,2.5655920743592815,4.074920153629348,0
-0.7941798626570874,-0.0849463192200022,0.4144432011907872,1.177998096214075,-0.8002458445212964,1
-3.44410577216046,-0.6790044043528809,0.5839304150773239,-0.4487108086796862,-0.7367020700122162,1
-0.12885109716125998,-1.2314750647593828,1.7156636429562273,-1.0741208837826262,0.052385184136206076,1
-1.688228680490167,-2.431983617886811,-1.6414485934877292,-0.3675282299130432,2.018875676987631,0
-1.984309214208948,-0.07439273120663138,0.20095345607744272,0.03435745558121825,0.500384757150241,1
2.23783731488475,1.1673305714893338,-0.7946977212555366,-1.1235105234032303,-0.0891521623150317,1
-2.238755797494178,-1.172681303394163,0.8545171480416989,-0.361628447419847,-1.0374229475289398,1
-0.13273691950208302,2.0630299180810825,0.43564384496427716,-0.48054136529715347,-0.9397707335224488,1
-2.5954961398733936,1.0697645847094048,-2.3075537291446757,0.027631285741691165,-2.2622354708076142,0
1.6950645515436376,0.391781357680581,0.7796877807620856,-0.17459386760736678,0.10123470775247514,0
-0.6659493485078327,1.6288428376224975,-1.5848062379894403,1.3818822531403194,-0.489522485309665,0
-0.27554023027308266,0.8629475523350071,-0.09361037478252869,-0.9883701907781667,-0.9964897939420226,0
-1.1753943664309507,0.3894428197660146,0.5675426926884379,1.0880980889006524,0.32746971500339306,0
3.3274630286151603,0.08872437845320724,0.04565645682469628,-0.7490018658467793,-0.383205197784741,2
-0.15011964957874863,-0.4094351123863912,-0.18570048946841494,-0.8705893960842135,-0.8036008055391793,1
0.8902294317418985,0.629414599463586,2.647325214077026,-0.6462923156813635,1.0799657951540043,1
-1.141198461563395,0.3263221516590454,0.4385893320917301,0.598710583346324,-1.0728249489658803,0
-0.029222969492875516,-2.518971425870721,0.3636182328509949,-0.6246678415921345,-0.6250988223754166,0
1.0858428725292353,-0.5113424368870422,-1.4963511318008045,-0.9194508519510067,-0.9160014735794484,1
-2.0268662326178206,2.0371783613747736,0.6394153299692629,0.8859778016002708,-1.7767392267763709,1
0.9858770729397116,-0.11345925807967285,0.22426420310987122,-1.0048899955851123,-0.5673973218571002,1
-0.5673370988062555,1.8952491727234613,-0.23500900083122672,0.7113188850401025,0.1040139039985461,1
-1.6810959168616764,-0.037885035085281044,-1.2685693350614098,0.0751247422143934,-0.30596375627041594,1
-2.147111844635833,1.3516017203293433,-0.09547368594679619,0.4348268392112036,0.9502268848491927,1
0.4645194957672539,1.153062822403408,-0.06439739552562752,-0.5238117761543128,-0.4012492500161794,1
-1.3695855740861864,0.7486220808090972,-2.5692065929485493,0.46379958227862467,0.5872370017088115,0
2.618754267860064,0.036067749148181776,-0.29407054232740765,0.8434508311902258,-0.130238681295692,0
-1.3920455132763445,2.1964370421999857,-4.783904383807299,1.0551129838068753,1.264861666133475,0
-1.3904695334815529,0.8401377087301807,0.3807787381741119,0.8949154497061435,-0.13533867565408908,1
1.4730038595033217,0.910886825154128,-1.1636361061544054,-0.33011046081030865,1.2423366281106365,1
-2.4420524418150613,1.0515044092840145,-0.49178278302760875,-0.4378493568185401,0.09115868407950042,1
-2.077663538316478,-0.9999811736329862,1.049737238385357,0.04098578861936989,-0.693275678626812,1
-2.094730400163834,0.6712784622315564,0.9798014688971913,0.1958957382098892,-0.7123938959529785,1
1.2649505133527341,-0.8403650004592725,-0.5675878418082071,0.6786497633047298,-0.09841126395221045,0
-0.5239024140070424,0.7283460221887799,-0.7631687930245961,1.4410529763216446,-0.6981541509892039,1
2.043211616598565,-2.2965816970275945,1.208398138991616,-0.26204774214094,1.2854781514285816,1
2.9076603950766744,0.7306306510525225,1.0730913902724089,-1.5479644439532734,-0.1069686967285718,1
-1.0325995849975067,-0.06983221357269914,-0.518216326446169,-0.9784850837229632,1.3728202886015577,1
-1.1259191134010207,0.9765540984524904,0.1946152893785342,0.2686565786888565,-0.06575030665745078,2
0.489293040431888,-4.71379633298268,-1.419622971838017,-0.28428512676350076,0.28453884049551686,0
-0.398775818452467,0.533702342730188,1.10413176934571,0.43484485417231833,-0.41253769117524447,1
-1.2959242447341408,-0.7632375857089065,0.7972276580924631,-0.21364319882944416,1.0763377239272605,2
0.6692960253988486,-0.4091720673059182,-0.11623244735651501,0.08950564797118254,0.776688383883725,1
1.1724941405841478,1.9939584236621475,0.7604586801336533,-0.3233534331002611,0.036589778997214904,1
2.5995811892474476,0.44980656340427694,-1.093735067131387,4.468170396216624,-2.8164907293175503,1
-1.3522052309075376,-0.6648750708224453,1.0677377560992216,0.018569901712464764,0.28923536223927343,1
1.474766554019996,0.01929778238770218,0.7327863800305309,-0.20556272449414803,0.10922012494434437,1
0.7441685393539955,1.0333008101556687,-0.7322641563865583,-1.2460582698543077,-0.04487425210843723,1
2.8427370127053915,1.7039592815917879,-0.163535966426123,-0.6809256348180853,0.7070894497199799,1
1.4528142001543347,0.8492870987893353,0.2028127302690508,-1.8166787237098505,-1.1229828291360384,0
0.26783137315905425,1.5944544861028067,1.9014315499635412,-0.41697029671918184,-0.9878010198723502,1
0.8925773924573787,0.21459431017679903,-0.9779585932427546,0.25642057358530107,-1.4755323635168611,1
-2.114526644692998,0.6210793283698857,0.04802384615847068,-0.7331582132326956,0.11141557111756323,1
-2.886624450195278,-2.0814529221564513,-1.376271193098118,0.2168407812569329,-0.0889824726799009,1
1.1724941405841478,1.9939584236621475,0.7604586801336533,-0.3233534331002611,0.036589778997214904,1
-0.6320534044796302,1.7072942365629742,0.8580284657219203,-0.2973985192708572,0.7337231068099753,1
3.6424900650702674,0.28602134263827483,-0.5108548147252469,-0.10313947738509509,0.4676068158918126,0
3.3894622501191125,-0.48430416296163337,0.399328192013444,-0.4831595742772181,0.5647814247206676,0
2.6886440002872782,1.3104798740260595,0.04693084603792375,-0.6420470457960308,0.5905102969098802,1
-2.0034453045208673,-2.2129359556877706,-0.20794835501895634,0.14969872646917268,-0.4980952962936538,0
2.6150547762930922,0.12866777593674822,0.3455482827249582,-0.6267667509271058,-1.5921748875624162,1
-0.8604415691844349,-0.2614195840881208,0.4032751700807793,-0.658134260692196,-0.4384280006716364,1
-0.764507798857083,-1.5329330115629105,-0.5441030672806919,-1.2583809566565736,-0.11009197779567802,1
-0.579289281177415,0.7833153752051065,-0.11143255368223103,-0.3099818668150347,0.06505317676235926,0
1.6118960917276453,0.23983308439159517,0.8447049690036156,-0.19823539584589114,-0.12424762679343707,1
1.0093580826477835,-0.557239890484649,0.397672634998229,0.8611125178152462,-0.0653718396222097,1
-2.173392881121808,-1.6250947360029013,-0.32603101649885835,0.687607771381415,0.6771381385854479,1
-0.38058407148749585,-0.027333590254898878,-1.0208943252054106,0.39167728453173917,-1.9178514798672608,0
-0.10540321714617133,-0.4388630108458481,-0.8314053754765725,0.04123314150032136,-0.9834745866651163,0
0.01741992063320102,0.14144992113285584,0.660033356942428,0.05982020039894763,1.6043406802577775,1
-1.8009982908816757,-2.1579028394286577,-1.3138606602307958,-0.9168112015096392,1.4699838479512364,1
0.3095636482728021,2.2230267460202247,-0.0350742019404802,2.2882968560283277,-0.6531142922949911,0
-1.8179030781144474,1.3440648715488925,1.0103133758576623,-0.1602507719773275,-1.1890520552934976,1
-0.24711650110354494,-1.1064706087530765,0.49189655209947764,0.8543258115827848,-0.1721942673796224,1
-2.092410983362987,-0.944834050099773,-0.6305834243752118,-0.6524450657580069,-0.41310575774488273,1
0.9662909187651083,-1.0783379160879683,-0.014336509979646632,-0.5091084288876674,-0.22174842682699147,1
2.4407889533034393,-1.5079426759843437,0.3125417082998113,0.0027018357074016985,0.4842857602674878,0
-3.1829747876527588,1.0372689178935333,0.33254747475117813,-1.101181721613859,-0.8406472034909046,1
-0.38040580959793097,0.8269387678133845,-0.033200118139537535,-0.0908306028021176,-0.125469948013518,1
2.0331372343858565,0.6849533734347479,0.6038721989503545,-0.4969548560853265,0.06393767529137169,0
3.1949165282074743,-1.11745462891898,1.2286631687245424,-0.41592618622544875,1.26795097936151,0
-3.4414936016030935,2.215597541414398,0.8652508900419356,-0.5722514409866422,1.6825395503212741,2
-0.9684901191960084,-2.5814321837592082,-0.4214968936750139,-1.1028993567472523,0.37847540403831964,1
-0.3310031645198042,-0.48410722758926295,-1.4821582475830188,-1.1983300798964536,-0.39716449934634157,1
-0.6824358685299056,-1.2621524782088858,-0.3362331694509717,0.08571938303638682,-0.027649679053415598,0
-0.5773241465643065,-1.354263025976777,0.4027754194431965,-1.328664343814064,-1.1418093191142284,1
-0.9142912906425701,0.9309050390699586,0.14172991982536667,0.6259341708825602,-0.6515722397076877,0
-1.481518507406454,-0.23797648495029441,0.4739925911447941,-0.6892193992642266,-0.1413822556285707,1
-0.965935798668946,0.7519879379524199,0.3805536673357143,0.12951298384797327,-0.22881317057246658,1
1.4078151005445148,1.608180383291267,-0.7440591321412021,-0.3915374540484301,-0.7360835616508548,0
-1.1171902512771428,1.2391066037903462,0.49586748468466474,-1.4957941034261235,0.05523186432278039,0
-0.493360255241268,0.18168012686270055,0.24441912796912466,0.7919221682344522,-1.1231151400723105,1
1.704313495348229,0.5187498207745146,0.5749105479788087,-0.5063865891997985,0.5039245631177925,0
-0.2445446691660213,-1.506599167677615,0.3961526630790743,-2.0434836800557146,0.17538021991102418,1
1.2603848455126403,0.8829610397398435,-2.166086332310782,-1.369451163371092,-0.6826602466582895,0
-2.329916836248243,1.0086992058525677,0.07240080616813152,-0.6583227635322411,0.7027210924555936,1
1.1249164411930994,2.0008325485012817,-0.6314257909913158,0.687612690913092,1.204045110620409,0
-2.3147679653170417,0.7322592145432848,-0.7859405687949151,0.043672939992411675,1.4395584177928487,1
1.089482838222434,1.5746905047761084,-0.9350884779935875,-0.8260364015928665,-1.1773181319168116,0
-0.270115621398257,0.7459956261491776,0.23574088011813651,-0.34183287348925945,-2.103985678544517,1
-0.8664559658144453,1.3731920417606307,0.6095486725108117,-0.6261163004999053,-0.9556763314503391,1
2.5761836519174413,-0.8819529293057412,-1.0012806943265993,-0.15462937591330872,-0.8011776583265864,0
-0.8370585895131014,-4.8757599003458525,0.404742514325158,0.5709426920616049,0.023212708591743972,1
-0.6842747347603308,-0.2493855251889109,-1.2300613989473237,-0.33904213709957265,-0.7772575221096316,1
2.6744577335627366,0.4303640284472367,-1.0997333464173025,4.4967171421734164,-2.703646787929852,0
1.4179540906066987,-0.6155046094400113,1.2321005830139307,2.5718298090544214,-2.0322441592575995,1
-1.7754535438016799,0.0877620115198621,-0.23485740301518535,-1.2626018483652097,-0.21713338953949002,1
2.000746894462444,0.7566337713756462,0.9725841187499391,0.6885940942552193,0.3490254863817971,0
2.6042171684278377,1.1031812347560441,1.7103803363087202,0.5004969161925342,0.01217399630444461,1
-1.7413130814021658,-1.2208104153450536,0.9405746480324497,0.3941282707406822,1.2224471787037812,1
-0.39173108219373454,1.0996002832088803,-1.61813219575165,1.9146590912587114,2.3428945398994787,0
0.6811823456278137,0.8261600460233864,-0.7285478969500333,-0.8213892230516119,-1.705030966879785,1
-0.9057253498597706,-0.5597292595045736,-0.7301118178194874,-0.19494179009680204,-2.227109892892542,1
-0.5097689154914768,-1.27178209052759,-0.9500526355739148,-0.9932524755740966,0.878837202517594,0
-1.5672214303238727,0.8943769180954528,0.4592623055249067,-0.1321148484034722,-0.20400933265194743,1
-0.026996294281358073,-0.31016031526936527,-0.9868687330875985,1.606416800951341,-2.0361791767616646,0
1.2603848455126403,0.8829610397398435,-2.166086332310782,-1.369451163371092,-0.6826602466582895,0
2.773971194716141,-0.6124001133664081,-0.36493572464662716,-0.4023506810983127,-0.22191441011738536,1
2.0742203076352466,-0.15356560116025825,0.5828217246790526,-0.5197157615209766,0.15247639888495165,1
0.4602290225423027,-1.9778925572431945,-0.12632472223889693,-0.8564448988233561,0.4472848571329847,1
2.9262620416518033,-0.6707278369807068,-0.1614796451197447,-0.49643207120140254,-0.16805348008277052,0
0.7693683551093347,1.6133625041883655,1.3275169280436974,-0.2863434562843798,-1.7355045468739965,1
1.4817762361839037,1.0433239287328646,0.44162104929259405,-0.3730117171706643,-0.03375566093374274,1
2.3008066476720304,-0.6931342710902352,0.2477486233582857,0.018790364027454962,0.31399295311131764,1
-0.545808797461576,-0.43174477643927905,1.65033073624501,0.9223714856614083,2.3874939789066407,1
-0.7648287715201467,-0.19692197833386324,0.0960686497021463,0.24512389929686834,-0.5100212909461782,0
-3.807156397314684,2.9865562189352595,-2.140254671429622,-0.8900367173816189,0.5276637471715048,1
2.058123728605856,-1.06847005446976,-0.770230253077095,-0.9819967525721182,-1.5455414231585902,1
-2.53799210625379,0.6180068026854982,0.7306961314069274,0.5126054957413454,-0.9677337903032518,2
-2.2808774504711367,0.34974719264904236,0.0031928740770077674,0.769537725781458,0.11973390443542142,2
2.8126226157731504,-0.2323710164017466,-0.39435781608889453,0.36209703700475143,-0.27846856422912614,1
-0.14727534793930364,0.9070110337525892,1.5522299940146447,1.2378548925200872,-0.25302092644838287,1
1.3353670372945954,0.7423238500845867,-0.8168444822779175,-0.8188239818896186,-0.9803222503953558,1
1.142721461379847,0.8799192383343676,2.152850655075439,0.49913324659468616,0.9008551883669842,0
1.60151165152953,0.6668280875314455,0.3145999978573081,-0.3538890786590334,0.6771870817250163,1
4.689265348381686,-1.2957291370955129,0.7659157645931736,-0.6507984056987758,0.5323968299922278,0
-0.7689682679580363,-0.6338080073280355,-0.33186439397142586,0.24888102446900526,-0.45801868267653956,1
0.09122353897965174,-0.09778879208125663,-0.13297267830657866,-0.9356059014458041,0.09160053574417636,1
-2.005286540985576,-0.11522636292249523,1.4153904791646719,0.5744236130472642,0.4888788342715737,0
-1.9348848636013676,0.429425277045908,-0.32660780976801607,-0.8647604190663051,1.0186020770890492,1
-0.9478309948437794,0.3571350138286338,2.975737558736652,0.435466927832435,0.31082323143690505,1
-1.4611616522218793,0.5485973367167815,-0.22205282241006774,-1.3448482209255188,-0.01762642442143766,1
-2.497382458924111,0.8875856052586336,0.4097952366173,0.0730333234815567,-0.8614735387116653,0
1.4954792570571813,1.6546762166849602,-0.49307556578784584,-0.9549415432696672,0.03682939468594151,0
-1.608926195667242,0.6004421393902046,0.0710120415059708,-0.7232088440596195,-0.35259062274068653,1
-2.619612587238817,-0.2292876480941569,-1.8874769907329385,1.1572098744141686,3.100460629504946,1
2.04789578462499,-0.687244952788233,-0.3286742135906316,0.20556196575338434,0.35461964434444004,0
-1.294672328465777,-0.0008008948778731425,-0.2180535940392672,0.11376981102047352,0.27325703769621557,1
-1.2936934231178912,-1.2076230674044734,0.6174028705351792,1.1497227564705392,0.4198270626079106,0
0.37058445025628806,-1.9547276663204023,-1.2281787682714973,1.1566002304645358,1.142841512551998,0
-2.0285078976203277,-0.427166364862671,1.131549842548727,-0.02489445672318628,0.3866660718905148,1
3.000778241711469,-0.9601769977565325,-0.7914118331399893,0.0203293275436634,0.23977328526755656,0
1.201705403503161,-0.32406422317219563,-0.5914417676922032,1.5487686835762924,-2.031109169664604,2
2.2167361649935224,0.15274965827046352,-0.06077803299400761,-0.8728953544962454,-1.0671994684030062,1
-0.32659779429137414,-0.9933349907913058,0.7073336724163717,-0.14238521275711008,-0.14327630516876283,1
-0.6305550054167632,1.9682925419848043,0.04079867542433898,-0.4801068003225256,-0.24116283136814384,1
-1.1778320804420044,-0.9268743091336984,0.10011929863098329,-1.3176956050686268,-0.07633909964094299,1
3.0471809274412576,-0.15510242114130837,0.04903979822609409,-0.6411825807729593,-0.38390520100907827,1
1.776982520467871,-2.353877484719303,-0.4302420362774474,-1.2223321705649866,-0.2856905477597547,0
-1.3589462293244126,-0.18839027705652447,1.1858533342396227,1.5463431250091666,0.3004626763835885,1
-1.0042548986096003,-0.23015444714958735,-1.1146508860575468,-0.7108808435914034,-0.16377843612210657,0
-1.6656387316829773,-0.24498802253113774,-0.012376600045351866,-0.161257608111731,0.36059680199454075,1
-2.6696523586989307,0.6832150410433859,-0.3034703327488447,-0.4670849570547769,0.5083794747305366,1
-1.0883712180001097,-0.8193413037696456,-0.427788830429053,-1.8940304134891757,0.002007419513595141,2
-3.2609304277006994,-0.956666159336417,-0.7269101619947141,-0.6584873404871167,-2.2133710967598805,0
2.6919342853776858,0.29973809316116756,1.2314375884688256,-1.7374122852720661,-0.3178816548806147,1
0.1861418958274838,1.4503280902115798,-0.0757466759905895,1.3091660029101586,0.4992565828093952,1
-0.8401542403294028,-2.373493693846045,0.6315262275299601,1.5011695328145083,0.08082339211426824,0
1.355640897725353,2.2132664963560154,0.2579105941613387,0.4236330662127848,1.0558944498727916,1
-1.5343099508428815,2.7535346145031503,1.6825965487481476,1.2205222185756666,-0.7446760788380877,1
-2.280640255488121,-0.45183438644086893,-1.1397986132091351,-0.7541769657634554,-0.7541641145953762,1
-1.305992920937052,-1.0827335557138786,0.5115571471046779,1.3462433165839298,0.6114242979014892,0
-1.8901345390862347,-1.1419009431931861,-0.20242810098955205,-1.009283802689374,0.09554590294207604,1
-1.9571464108907664,-1.9440144968155677,0.3395350463949818,-0.21172191592019182,0.340439394804048,1
-2.268596320272753,0.4567269889589641,0.7241688043700856,0.9374470455918966,0.5627510495607975,1
-1.1793068885477065,1.2808325731161578,2.256766984812672,0.4831287390284627,1.4986928215532975,1
-0.9656121595924156,-0.8816297687407896,-0.14267377436689882,0.42636289234369273,0.43621576758625347,0
-1.4259208072561318,1.8912967822200122,-0.0429640399375587,0.04076326212319357,0.11981261581702893,1
3.2296345090250944,1.1479437160263533,0.04405077520205965,0.12718083232658256,1.2480444467582215,0
-0.5995175866952949,-0.6085870883418757,-1.2969444977285185,-0.7153017701740602,-0.2657614929780869,1
1.2780585984316586,-0.3089128815321741,0.7474073513157972,0.14333829942869253,-0.03697615740093027,1
1.0727218740402373,3.583772679682014,-0.17687919044852443,-0.7618518723803411,-1.8726409740908947,0
-1.6648527786956346,-0.23103342147136474,0.6515134841090318,0.7951060109889664,1.2644765473799793,1
2.549310209640277,0.1573380609300012,-0.012360735138551165,-0.42197841779127365,0.38599243685334994,0
-0.9316480339291962,-1.886084255969703,0.6121005313473163,0.9449648583898459,-0.843385935186934,0
-0.6386809241396617,1.3862326093683894,-0.1556962782449243,-0.42914855378440675,-0.4166184069542298,1
-3.116404703674294,-0.0918619245782353,-0.5924464555850191,0.46284333067216127,1.3191837984961805,1
-1.2094760074861366,1.984935735475703,-0.7243828128449167,-1.2274687987708361,-0.13868116464671465,1
-1.0050407456081236,-0.40948631368068267,0.43113597688538935,0.09730065118452724,-0.15111163873881023,1
-1.8946961860320606,0.810819527890069,2.5463850536906296,1.1724297490307247,0.19295754699701484,2
-2.6193336638303713,0.8106681607679085,0.08695770330447122,-0.7451568170819771,-0.05339364834593722,1
0.05676291398437569,0.1583246890926143,-0.4745386947313593,-0.01019602811566974,0.6284967950824759,0
-2.246899506099821,0.29038404806384743,0.5816520896313387,-0.26276959779923226,0.13846684845170068,1
-0.0625324609623528,0.30847993850041855,-0.2992604281789154,0.79194877994276,-1.9806232355313154,0
0.036286200925973705,0.8614150178210402,0.6225304622972505,0.6908247098576102,-0.7354996393691687,1
-1.1949787878638656,0.5009399829467583,-0.3264593934016815,-0.37513068736000815,0.8833515528264202,1
2.349034953670611,1.2815597607299047,-0.10275243353730536,-1.4641004595567109,0.25757908562785414,1
-2.4617589175773777,-1.0353608892113202,-0.9681675615535514,-0.5384900353477299,0.13677473229177112,1
1.9379261612676426,0.7857666172849257,0.5346937079103902,-0.32845195441585834,-0.21803527483419763,1
0.08225173928597401,-0.45060541552589467,-0.10406834366399947,1.5788880322765162,0.25005147732865385,0
1.168810854847895,0.15123410266869758,-1.0988161110470616,0.40745200606276666,0.6323219622737128,0
1.4539803858159566,-2.5027628565562168,-3.2529865270152363,2.340833569672821,5.864496139249554,0
-1.3425511741871798,0.04228731672595867,0.24586213646518779,0.43330907375086564,-1.272699527770318,1
2.1895009921481905,0.7856983385135892,0.03537144538327112,-0.9150525980324803,0.1338910709010429,1
3.012051904456579,-1.8682844144977504,0.7942673329275455,-0.5468098309658386,0.06736330833694841,0
-1.6738020641847142,0.19293340835241177,0.9653255109874491,-0.1714655856343508,-0.2740980557851592,1
-0.1390761893042536,-1.5348837290728299,0.27395261500053897,1.2072779963686868,-0.18695719206532269,0
-2.0645468063531647,-0.1639142432307036,-1.0734966942033228,-0.4639723175646746,1.3694888410409927,1
3.0308179217113778,-0.6570929196350557,-0.4413414362668603,-1.071042734561238,-0.4968126767275296,1
2.559918151194164,-0.890684219148765,-0.6962106620673673,-1.5172264541367984,-0.9332666528763132,1
2.5563339720571854,-0.9563378614418075,-0.6817081526974734,-0.8501886639403117,-1.0629274847311074,2
1.545115187030392,1.65262620970669,-0.13407685630942687,-0.347061546655042,0.2967554625058131,0
0.5372277717245107,-0.035317924945084546,-0.7726518542157833,-1.3024465933928326,0.21869094120786017,1
-0.8695505093593566,-2.011755695827738,-0.03539748256679939,-1.6464192509426538,1.2342208108126855,0
-1.09149920450493,-0.7809111579688188,-0.21855121699948465,-0.5431691367914063,0.9870371802987423,1
2.2294539107395823,-1.6035286652039678,-0.8938679282935422,-0.7952204078820677,-1.3963397335702412,1
0.2601142238323167,0.8173292856637399,-0.516090924644897,-0.9811149580169896,-0.8045317236192313,1
-0.5846085165524967,1.9782042696454334,0.7607909683595914,0.4748598336252136,0.10155246960443201,0
2.701409051604041,1.2172439559786314,0.06840829807738556,-0.6205989040654957,0.5860248586002053,1
-3.3236582096554588,0.44036975029704006,0.5638038225209127,-0.8153342364964143,-0.04074307052066898,1
-2.008758504932651,-0.956506293511774,-0.29734280432424565,-0.7319846111649151,-0.5951091831160575,0
1.0755452306924265,0.3379023842598655,0.01825251137903249,-0.266620867693656,0.06203850360615101,1
2.437234036566111,0.6617523560916627,-1.2963704313693363,-0.1044562385611463,1.5180869277899869,0
-1.2611911680214805,2.0656150457550813,0.19642264357158315,-0.1936270256894872,0.6945426698449223,1
-1.4230436309666732,0.5231160732003035,-1.1634813617773017,0.48240739017889295,-0.7831255589880921,0
1.54453448506031,-1.0626187409346164,-1.1267964252744422,0.3633521190733361,-0.657029327829695,0
4.2615485628258325,0.6359591847969263,0.14320883045783894,-1.9439343450439202,0.2724745329629688,1
3.221119261025754,-0.026757248728641096,-0.7108593072427661,-0.9990752916028806,0.2417065785790077,1
4.4567290245400795,-1.5878822286598353,0.5839552543224621,0.7088252152878478,1.8253388506304788,0
-1.2913876156325976,0.2547219835615645,2.479221576758119,1.9523096080881315,0.4534206919980551,1
-0.5529496370062399,-1.4027704816761493,-0.1818309154379164,-0.48229198871399426,0.6419877989677886,0
-0.1544183246536522,-0.01760494278107792,0.31447998991979165,-0.17552731902944438,0.033972473374319516,1
-0.5390533258637635,0.6919539605461182,0.4173049232560949,-0.6909405684090243,0.2953351929291231,1
3.3400436216308074,-0.3956530631559964,-0.7549268895010034,-0.9083903409501353,-0.18349591470536003,1
0.074712932682052,-0.09719229172135574,-0.10047109394464022,-1.3347399387077448,-0.048082650077934753,1
1.0958585043650255,1.2550640984215617,-1.3034574566421013,-0.002693628164268259,-1.1736338109271105,0
0.22697573408732535,2.8867699931294815,-0.04461020050825751,0.6509538002424601,1.1690827190050788,0
-0.5097542708880105,-2.245313616201013,2.3881558224615778,0.005717795766436813,0.2666266038257988,1
2.2282632969611553,0.5251310889783111,0.9118097808724722,-0.4516093477525861,0.23170020200452252,1
-0.541735936496027,0.6804961220246872,-0.6834415979573655,-0.5178216583281153,-0.11747299567463111,1
-1.470703732714906,1.5657398835386314,-1.5773401618649043,0.7657215025197014,0.6340208514292537,1
-1.451204539395835,-0.557281757262509,-1.0002804041176525,-1.1999025960813159,-0.3285547008923825,1
2.9357239233764596,0.015586383385014743,1.437599278178323,-0.025964929069204497,1.3026819456642265,0
-2.7413547957881774,-2.031915743553594,-0.4368793039398897,-0.4874319879029448,-0.17982215605960775,1
-1.0606226960670075,0.8829992821446528,-0.9657579845991557,-0.40632701518558545,0.8034271467467052,1
-2.5538720557459027,0.10647816388379581,0.5352370251275562,-0.026996672598843665,-0.6992279444281299,1
-0.17076935803928003,-0.290583575579322,-2.6040793109321365,0.963887289573576,-1.052521806034833,0
0.11486353406397061,1.6528307070285975,-0.11354838856497677,1.2789239428586268,0.9160354445652679,1
0.17629923417694204,0.9414130819895148,-0.4015136142237091,0.31947313431599933,0.2677792070862863,1
2.0199379792383025,-1.3725644954427865,-0.33392308097620055,-0.30540652009588437,0.4770116487870452,0
-0.4714757584257515,-1.0551302164649756,-0.3828437978415937,0.4477389241244142,-0.3918662391965989,0
-0.7679371943155507,0.5654742400610197,0.2367988024944056,0.19603845853478757,0.023999129501840116,0
-1.3922262465295723,1.8267903494210718,0.2602767269678774,0.13322459997314348,1.0152767874958002,1
2.4808209754232418,-1.0735354030726454,1.1117665378247001,-0.33675205321804635,-0.3683313447564288,0
2.2043588460225285,-0.1659786165450396,0.9082663242934648,2.3301519654156095,1.4307732577535683,0
0.5813660701343722,-0.08529187942886048,2.1213328612022457,-0.045845679797564265,0.6197084373750404,1
1.5173857871640632,1.1598371566067258,-0.7276988621751086,-0.8338157008930027,0.27088472401833297,1
-2.0877109369382225,2.1337298336802535,0.5890918748171691,-0.7254215410040991,-1.293299229483364,0
0.5572486276642065,-1.1677346801320247,-1.151794979304059,-0.3835210730307562,-1.3197079325739967,0
2.142806623996412,-0.03983861968158609,-1.1970893143793386,-0.8685415591441907,-1.2416072935683435,1
-2.4298310804785657,1.278868477914489,-4.204922568402266,1.0323375309203726,1.1096749468327505,0
0.7603058069012959,-0.08686627714527959,-0.9554995042628203,0.5305992171750413,-0.9247490161862001,0
1.0965708378305699,-0.06277753041173087,-0.9153376171666713,-0.001924557668841118,0.3636956846291742,0
0.5418303177438423,-0.2920556456597471,0.777833320247637,0.04436022441063186,-0.9708740640507826,0
-0.05413073116538761,-1.3338745631642535,0.815550131902888,1.3150241904769002,-0.2796246024590622,0
-1.617424513900456,1.552843233350563,0.48008718900280234,-0.1297591969760188,1.387123461567379,1
3.342869159429046,0.8580358468630547,0.8924487414023335,-0.21877575938575486,-0.04521470664624681,1
-3.2355160635675686,1.3277243939917747,1.8812878787770742,1.1189003854898656,-0.1612543095969482,2
0.18907486682404243,0.4950756578777646,0.7492321176862415,0.3575716010605553,0.7911773988625973,1
-1.3230495837491303,-0.9061656174278768,0.9641801579899945,-0.027133061166224385,-0.5849156945381383,0
2.0614640309393595,-0.3396856683741797,0.16779824068297736,-0.5008365444159464,1.3599451795053779,1
-0.6015677055568387,0.3419995114335459,1.5143874320649837,0.5996691824801765,-0.027311657424157993,1
2.2995575735987104,1.0042039866013723,1.6321423307356795,-0.6020923451272835,0.22249425934295156,0
0.01718598477722276,0.5856355519678743,0.841971434480571,0.34131751802332916,-0.3981255797450565,1
0.45025412668623704,-2.098022497473157,1.0127704606816843,-0.4489895118865462,-0.1436659020154748,0
-1.3813319969061795,-2.1245071040582846,0.304998147152066,-1.5879973740804536,-0.01992737899106155,1
-0.4044806743670396,1.782757960099359,0.12351147174597896,-1.0615755915815313,0.3101938677255853,1
-1.4564987773670017,0.7656725831777019,0.141573066184244,-1.3765425422536262,0.641877454959506,2
1.4381444723746841,0.5800119296416787,-0.1493339278879977,0.3443520727345977,-0.06678551156520482,0
1.455374088108598,0.09968017846830919,-0.001956385457741646,-0.4230224587075645,-0.4699806190592816,1
-1.7998901203076696,1.9009645369092023,-1.400745076659886,1.5487525679883176,0.5700098706546382,1
0.015954305459100253,-2.8709028119488234,1.501109961585372,0.5825392848415226,-0.272900760452229,0
-1.6426763924738537,1.8308095153950708,-1.314415276525083,-0.5662171980717872,-0.3925407196930186,1
-0.30534915597820234,-0.5900210073801648,0.09135504879701078,-0.5453809251879995,0.18203260516566255,1
0.19182504638531142,-0.8349544854046912,0.5341888144220728,-1.7457792321753904,0.022228727717682674,1
-0.752929618503608,-1.684358190757578,-1.0997119176392787,-1.7199400758338363,-0.3180932205139406,1
-2.0145267759249834,0.8446128357947256,0.661552775233042,-0.15636898682402456,-1.545645185786363,1
-2.906456762369666,-0.6682002056492994,0.4854168327939023,-0.5223762300008612,-1.0536174544312642,1
0.033372402104719506,-2.4873080077200194,1.444373419135933,1.235862708360462,0.20917458648289475,0
3.8586968594270963,-2.2753683248966055,2.288528114059418,1.7265275678396281,2.1295343526426778,0
-0.7923495797455156,-1.0920323861837218,-0.22695056937559202,-1.3196413279166679,0.13554886315548012,1
2.3493515572740096,1.3261827756690328,0.8000039237884555,-0.19387243152191228,-1.0082174932340688,1
3.033423916428346,-0.5646579239835349,0.182633829434475,-0.45381914763908504,-0.583752839105013,1
0.9941972916682258,0.4092480102088467,0.23364651609347944,-0.0455763706229054,0.5168811399716162,0
2.1308050552675932,-0.2162528370896133,0.20405984798996532,-0.04603309561941937,1.1319391100882845,1
0.18868183379353565,0.31617602043674636,0.8243541066404823,-0.07703070088450005,0.5354060899901913,1
2.5931729873610796,1.4900802561142512,-0.7013709919036396,-0.7445249866540549,-0.8072713402909729,0
-2.538182113314488,1.1047374134412133,0.5775798371279279,-0.36456671660747125,0.7184006981923293,1
0.03893723041366225,-2.0893716261416033,-0.9326159866436864,-0.9298759345885568,-0.36022552934541163,0
-3.2355160635675686,1.3277243939917747,1.8812878787770742,1.1189003854898656,-0.1612543095969482,2
-2.2886136646637714,-0.9411139465144582,0.6265976883681414,-0.3519113775040192,-0.24221625595603063,1
-1.6126425776549016,0.14224168095827436,-1.5525874111010598,0.5153191063932246,-0.22578300023197936,0
-1.9132847940443332,1.3712441872244825,0.6962381393891863,0.6812376925099514,1.4295857156027791,1
2.8836822238444553,-0.32148390856010767,-0.8633910819237471,-0.059581232704872686,-0.03654717377612822,0
2.8404618829289756,0.20640636781772978,-1.643624597870586,-1.367633258039351,-0.9469202671716532,0
-2.7189083392654965,-0.1905153842549259,0.6352879000228613,0.7265931852299178,0.9698456414070562,1
-1.1764791731781525,-0.42626890552411384,0.5516840694453912,-0.34902225862955694,-0.7980102678148266,1
-1.5975841221157232,-0.08239379079232295,0.8471956821284029,-0.1985053273017912,-0.44344464586891186,1
-0.957055658722341,1.366699782392286,1.3127361943915192,-0.04396655487525004,-0.9262967800218677,1
-2.159964501644716,0.2907871434530449,0.7028151384426954,0.5592798733834895,0.9704857418703465,1
-3.468387685615189,-0.4155713311062896,0.6416868262337173,0.1583091105710393,-0.84479653028759,1
3.3274630286151603,0.08872437845320724,0.04565645682469628,-0.7490018658467793,-0.383205197784741,2
2.412407765051802,1.0640181885830144,-0.9733937083160614,0.06155378386833207,0.17437796770721048,0
0.6156522368661498,2.8100752695139555,0.05787003538668498,-1.0539478200895835,4.87603881486132e-05,1
-1.7678947771887958,-0.3076613655631219,-0.21211846342190088,-0.28308943909676276,0.5716056330516646,1
-0.8727588942720912,0.546315858784081,0.6573596705205622,0.3253066600474569,0.4099864527557962,1
-0.5128410726215055,-0.5648146246754026,-1.717176136497322,1.0646020360812263,1.269238202989665,1
0.16384715865406171,0.7140991948125248,0.4321411379134823,-0.4017583929739978,0.6464360296523921,1
-2.777546383951242,2.3839752158900387,-2.212771854596011,-0.7724273060507915,0.3586183207895312,2
0.04176600623377418,-1.9617479145810235,0.15151051669207233,-0.026839438724761168,0.1615634674422159,1
2.606933385061711,-1.3493504287053446,-0.44838769149072194,-0.6168996592438691,-1.1271573575454235,1
0.1509508164712131,-0.18171367082005746,0.9598693937689532,0.49629390062001644,-0.39603459835556293,1
-3.2180812742260922,0.24679658609032795,-3.9117429184564263,0.5982970983557879,1.0229328199629644,0
3.2296345090250944,1.1479437160263533,0.04405077520205965,0.12718083232658256,1.2480444467582215,0
-1.443637853698826,-0.5826653561834566,0.11805295306722405,0.34667975241501364,-0.9947214664383492,1
2.22111577809954,0.03429218713611956,0.6463654579583242,-0.8373186772511104,0.5406285005751831,1
-3.2905930527381932,0.18772102704644616,-0.6434287779035844,-0.5710433892162592,-0.9216804738679015,1
0.5784587226010983,-0.3615809926464669,-1.426436714001198,-0.912044163785894,1.768329985306113,1
-1.9154000980680443,-1.038385590821805,0.6054328491430534,-1.0493682076401076,-0.4632333780615153,0
-2.2793033129244646,-0.21054136860462347,-0.12291973219573875,0.5953614086903671,0.7230179982857328,1
-0.27016885991273704,1.368037905798159,-1.4128637726765423,-0.31418407954902333,-0.47196800741880834,0
2.5395686254409817,0.4072202294245721,1.0464544920271048,-0.06342028814090017,1.1557592801508028,1
0.3403712314141444,1.7694917549759002,-0.024179172898139995,0.07248411722865399,-0.11527084226596328,1
-0.7306055651264638,-0.8855468083280389,1.1863239245363268,0.07789861782500067,-0.948937745710596,1
-1.839866725864621,0.17526077391604014,0.7197732210747974,-0.9231486889750101,0.3381467246738147,1
-2.115586465834763,-1.0509764104019998,-0.4196568392898604,0.32754436494510586,-0.5577414132269931,1
0.4322047699121677,0.18467308686916445,-0.18022529329409695,-0.13869409195120058,-1.0048019196255624,1
-0.9905284744193232,1.3610428429101729,-0.784500689231024,0.9651307159615774,-0.8974308140929113,0
3.0340360453176767,-1.0193313962484236,-0.6276773844622485,-0.7108816155868324,-0.12175142183104798,0
1.9549707496752045,0.30163452545882674,0.655619548179864,-0.12230493453621266,0.2145632667082022,1
-1.4841864689747337,-2.163086296082071,-0.9689328379119667,-1.0129406469965638,-0.3173788635644584,1
0.6426140899135595,-0.863088667201077,0.7492061222386797,-0.683320647334396,-0.7162313201486729,1
0.5810220553255828,0.2870376014677901,-0.4654581724497502,0.05867535962633339,-0.7830882968705791,1
0.08571429711135235,-1.2570575825333994,1.3918086618852854,0.6520767023744912,0.7214277894188585,1
-0.2648630728875475,-0.542627966333681,-0.6186122501373761,-0.04607093337306951,-0.97525437962498,1
-0.49667211214420226,-2.610065251801699,-0.4279644859793436,-0.5565625973029366,-0.6161351631273765,2
2.0327823628114476,-1.0450279976129166,0.06679758818963653,-0.5079748003040763,0.42239018727747796,1
-2.5195495238772194,1.0351035325232736,0.591963681200991,-0.3623642722919827,0.7481534500763819,1
-0.37210692143110113,-1.7914360040792243,2.489919044635689,0.25263891282859263,-0.8539090609332403,1
2.574654684218513,-0.5808248557622973,-0.42496653331504364,-0.9095701495634572,0.1200888328747215,1
0.6761519352155113,0.24348827559940703,-1.2668161384549057,-0.4464204065950056,0.061409485309455954,0
2.0009398087170736,0.8916608348588572,-1.1414070067506428,0.588949824871549,-0.14017579695186064,1
-1.5024935214410933,-0.30302450762475774,-0.06160593960010262,1.5049526159307736,2.204417272426044,0
0.8722592795963083,-3.824511287487966,-2.268262035040787,2.0563107158046816,1.079495637533156,1
2.373430289045011,0.11127280639996928,-0.10106885832111567,0.32674421433149703,0.849966669562872,1
0.7067069176911764,-1.15899390842549,1.3757134043917354,0.07976723013668735,-0.23209899078603416,1
-0.43319521447877923,0.2651957091556782,-2.7562797590841432,2.13796917071713,1.0360659701730843,0
-2.707185356350786,0.01785339600013135,-0.9772938220541222,-0.008280721512192961,1.5589124795578808,1
3.714458039114861,-0.781929497890607,1.7041353610144658,-0.022933835663933297,0.19174502801535917,1
-0.641005574926493,1.3909668346925406,-1.683918471807001,1.2017354810511875,-0.5700637904817609,0
1.4635304810858112,0.3572242448191669,0.43212635538667005,-0.06648696484948954,-0.0862354246120075,0
-1.4179197708053488,0.005675694177365663,-1.4148847466747605,0.48679368148531277,-0.6771243314862854,0
-2.3215972502466897,-0.8509157265343725,0.20173533541728297,-0.6154436670941842,-0.04144793617689231,2
4.591432905377372,-1.096365636772105,0.5862170115297786,0.8494509103769519,4.123309837926267,0
-0.892206315585859,0.5048413575909483,0.8161128677857838,0.5519054646025615,-0.2222804279058319,0
-1.3721817787202248,-2.137489650397898,0.2993877947864361,-0.4678930738380501,0.32978232660432966,0
-1.3393029448604579,1.1750322659474697,-2.0971033118430764,0.35446426212391763,-0.4246710739179735,0
-0.13746999903614524,-0.7586169500670062,-1.2756706735891117,-0.8318767668931247,0.3821618857370597,2
-0.017589541970506196,-1.8653611804714432,-0.4978319045296259,0.9744938897815956,0.1344828642157799,0
0.9515580575146954,-0.4257527786361093,-0.412344487294458,0.5791981522466075,-0.0019141894572732461,0
0.7063281237285973,0.06758684506801575,0.19802209945227875,-0.46719647734646513,-1.0450322759069708,1
0.7539777815052314,-1.7849491305968084,-2.637620598791802,-0.5107194070456005,2.2559315501045485,1
-1.3968082988454933,0.5285996113492148,0.09289467825484722,-1.261212122892721,0.6346519210219642,1
1.5203834224309631,-1.1336752696059378,0.022511875180199443,-0.3850829063929088,-0.6573402923646394,1
1.8978391226995193,-1.0712751781685799,-0.6995036635264962,-0.9465423946606956,-1.0735584120459776,1
-2.373305741823204,-0.6486643867770303,-0.4208762326186097,-0.8024403197188708,0.4497412149190626,1
-0.682904421362088,-1.4917863785918735,-0.7327467786916922,0.7371993509447753,1.601522977545036,0
-0.27886704473783885,0.3398272635772461,0.23301165002104202,0.26770523783932343,0.6328884205722336,0
-0.3314631392337745,-1.4816998247121498,0.07225886511210412,0.34316620768658573,-1.5877406866447685,1
1.4527682429235018,0.32606176031815126,0.43170831954427286,-0.12035759417208869,-0.11590732317340997,0
1.9766239180621348,1.0760485796776618,0.9220447962576888,-0.29900516385892045,0.1977004982759308,0
-0.30995700230983164,0.029461153024846833,-1.3001785213754786,0.4644822252382437,-0.08255780722259684,0
-0.47614163829006595,-1.040489039968409,-0.7442552975073413,-0.24075399875376272,0.22481078996081047,0
-0.033950150058424736,0.725472777763041,0.39274334896419594,-0.421282121529653,-1.691495658048802,1
-0.43520417401106015,-0.08116872001185967,-0.8392511710930047,-0.5830276334898973,1.598368523365477,1
-1.9275885049040586,0.19713545121228643,0.7831183649815592,0.7506753002180178,-0.5942025353863091,1
-1.6115710651942774,0.5493993867883494,0.49266175811300233,0.628076892720236,-0.8766635661457588,1
-1.3410643007138674,2.025733405515312,1.0151204171060106,-0.21415523984725177,-0.30844323162771536,1
2.552424374083608,0.9162375776495174,0.936153240772716,-0.4709045022125054,0.8217502114598592,0
3.7998337126300785,-0.3493516523228885,-0.6967338835917424,-1.1220799267247552,0.5255013334834592,1
-2.051976447499595,0.45577682543992215,-0.9869987328758367,-0.020096543385696133,1.828844092719926,1
-1.0325995849975067,-0.06983221357269914,-0.518216326446169,-0.9784850837229632,1.3728202886015577,1
2.8243663370206815,-1.3256370591265485,-0.24152310325758672,-0.5487803590162957,-0.16187655244208393,1
-3.0864064302858933,2.707326465555532,-0.22138541823850177,0.8680930350728208,2.5504196909874812,2
2.3856381485809357,-2.147863191557263,0.9690319062497763,-0.6063794824630284,0.3600370943657046,1
-2.724793037140623,-2.319959985818214,-0.030214593700947628,0.7290328983267219,0.25485005581667614,0
-1.3921289167088875,-1.1790354642295455,2.5994603594302537,0.3230023310634685,1.5758883684244116,1
-0.8422665641716344,-0.6633512812763377,0.8177911879134039,-0.5149301035448983,0.30308847759850577,0
-0.35922973167083283,0.6275838772922805,0.7195252530136907,-0.1740661740079863,-1.7008261044217716,1
1.8741943957823453,0.508011893497087,-0.7877646984508758,-0.6576677061846748,-0.07651574672750797,0
-0.6686885584918878,1.7442958480486825,-0.35849670987090826,-0.42611400612505007,-2.079884661191706,1
-0.7971246336049999,1.1344655265692933,-0.43679562769323216,-0.5608062402773454,0.9343546741150356,1
0.20845211282332746,0.49900464860716287,-0.09844669540270125,0.2230726904676996,-1.8032636863628762,1
1.6775261820464344,0.7097893039299922,0.7447762372472221,-0.5432888675076407,0.05958370275812819,1
-1.966159656790368,1.0680937836065305,0.3833548890040579,-0.6290511591248773,-0.5242301615675296,1
2.5563339720571854,-0.9563378614418075,-0.6817081526974734,-0.8501886639403117,-1.0629274847311074,2
3.337326071084633,0.7948018201510613,-0.5051286254173832,0.6432335377355825,0.6956643563796948,0
1.751510871132992,1.0731328641552866,-0.32797641921320936,-0.4946412165511414,-0.2348072933528657,0
0.2359341265463282,-0.3145017185595455,0.32492400090079154,1.2571571081622004,0.08354224554126528,0
-0.6019339901475208,-0.1313851495447216,-0.48378356823417556,-0.23062478273563605,-2.4039480235615134,1
-0.48055368453338637,-1.8769424587955588,1.0918476598304827,0.361447755629606,0.7134332748722795,1
-2.2683296330080767,0.1652851997356821,2.0255612916731467,0.8572660241231159,0.45049746507923,1
-1.2364707990905008,0.120933233205993,0.5914738811075424,-1.3128643010473864,-0.2805745909459921,1
1.3906751957183972,-2.9926284495885915,-0.717489437281551,0.03729998138282459,1.688059770732787,0
-1.8093048847914235,0.13407506491435556,-0.7882265799684044,0.668533727842235,-1.4190589463156607,0
0.23937695064134115,-1.6807049019384193,0.7705535908840749,1.5887772654112102,0.1582587025722164,0
0.1828255192654893,-2.9850110835827843,0.285484676268492,0.29258414505031916,-0.5201300927630057,0
-1.1904096795705401,-0.843882372131669,0.3217860508515777,-0.2631517228334592,-0.3213632745742588,1
0.1552910052742684,0.13148482969015854,-1.0364558451899555,0.5579907153772509,0.3083915500823018,1
2.140684223647812,1.193080869854791,0.716057748755344,-0.3710485796387137,0.06893877494702942,1
-2.159964501644716,0.2907871434530449,0.7028151384426954,0.5592798733834895,0.9704857418703465,1
0.7156364433522371,0.5212768307603094,0.38608802399525693,0.8853519257294522,-0.08874454878674248,0
0.4736999882257443,-1.7859949619754645,-0.35622298828253807,1.1398538309111441,0.5968754974503807,0
-1.324890565992517,-1.0035092785429613,0.842199876937135,0.4829348381686801,0.25060094182741144,1
-2.0949069337532786,1.6769117193743923,0.4605817245078223,0.7599508695569173,-1.818945893182157,1
1.5564162018102419,0.06244112127016773,0.21752558897489221,0.1511434669788093,0.3509083137061803,0
1.993509253782925,0.48915735735188265,0.11115915961619034,-0.6566472454990732,0.7159774856703599,0
3.1748326646476612,1.5376970169818516,0.42894136751284173,-0.43490189205696844,0.9418605753702812,0
-0.8052016051167684,1.7314720608756382,-0.07550751073561428,0.5701865637808128,-0.8989488425530173,1
-1.3782467489833568,0.01018365640791857,-1.9347407942259174,1.7924233907894709,3.4318804212203142,0
-1.0111564556151398,0.1807762492531486,1.428213043315149,0.42773700893691524,-1.4607775384516568,1
0.13438416131179268,-0.1619878591154811,2.278955871468245,2.3393396117514262,1.1996786116366398,1
2.04924091266089,0.5494502775019675,-0.6256193973115374,-1.7066546751608054,0.6794740240452826,1
-2.0937795927647467,0.8001110114905856,0.22458511243611048,-0.48292059833839057,-1.2758159904154827,1
-0.27989804662145984,0.5849057580826525,0.19115955128421291,0.35702165794960056,-2.3136962630094073,0
1.176153950705938,0.7555301430628872,-0.8769863108363973,-1.579762694191643,-0.7937103669538762,1
-1.927894133692312,0.21886172063564863,1.7447619731455677,0.35684654998986187,0.48462902572083655,1
-2.847244207987383,0.90743656273664,-0.97463615454895,0.17764006416733796,-1.501723804166173,0
3.21694662682265,-0.45447514829415414,0.6719690134953556,-0.2755334780630644,1.258654387837193,0
-1.9318426638372386,0.4216161464001606,-0.17110250815819142,-0.7982179563625451,-0.58032690172594,1
2.787874989778006,0.7494075293437824,-1.163527783137963,-0.2944120425004757,1.5037713175199676,0
-1.5327890756719502,-4.492280155676653,0.4382326328171465,-0.5218766224360072,-1.6089694812281075,0
1.4302656701352168,2.257882148805751,0.4251242868973982,0.7183898989298879,0.5421226392773713,0
2.4500970934724275,0.23304202378321698,-0.5353207298018562,-1.132487032416946,-0.9782793929449333,1
-0.38921773033136275,-0.09228056033350009,1.929259765375316,0.16082069140509192,-0.3011351579632617,1
-2.718603586807599,-0.12424309805418107,-0.8142660909631786,-0.19776181960237443,-0.7947761593444832,0
1.6224249530741341,0.8756658227752898,-0.3370210200281504,-1.5477886386941258,-0.08749221889731616,0
-1.7283321206991287,2.405737409676458,-1.6037799737751992,-0.8579309908591316,0.8818608610677625,1
2.1728865409375224,-0.05565079034675474,-0.8095681767308549,-0.9277391678815541,0.22301648084982817,1
-0.4202838898215517,0.944775936995401,0.12302276280202042,-0.13501207346410346,-2.153873472651697,0
-2.2746826638219613,2.149696871732989,1.5562853520168052,-0.3628872347350978,1.0828433136031557,2
0.6609540468545129,-1.0823112879376735,0.8531234790382053,4.74691589894997,-3.0255865986883825,1
0.679395174782676,1.573166457690011,-1.4338422827801733,-0.3519465936243557,0.13857476285376127,0
-3.376972340173272,1.3841372796190248,-0.9445431323805317,0.09642946741895954,-0.1948401865737104,1
3.196984778853619,-0.13394014666016382,0.43190215689143296,0.41848589163597943,0.3437828038105064,0
-0.8814121028133689,0.8519090402415169,2.5428272269638548,0.651791982342015,-0.06074398981873531,1
2.999832140207413,-0.9594984473836731,-0.08709080138328665,-1.4639170779015511,0.044711008042308195,0
2.419588384076879,-2.2612408717682766,-0.07547356211060764,-0.4223051736132095,0.2796987873422978,1
0.6958277871104558,0.6154283299802108,-2.5208240427948145,0.4868181956661765,1.325809629280145,0
0.890530020827796,-0.6584840652451734,-0.5549172098056754,2.5992088984287305,-2.103155809005527,1
1.7403077555629878,-1.2329378069900927,0.6778031516887786,-0.2536866788859614,-0.6663848810572961,1
2.305280402874868,-0.09771696100023486,-2.9833229310272955,1.8410001350047005,2.5860852351257515,1
2.8126226157731504,-0.2323710164017466,-0.39435781608889453,0.36209703700475143,-0.27846856422912614,1
-0.7656391388847329,0.6250843923207846,0.3510327570501492,0.09437813676443327,-0.01795844803143914,0
-0.4139839964525844,-1.2541833391895434,-1.3138669139662922,0.25413902155296836,-0.16110716647997347,0
-0.7842882682166061,-0.39005287119623683,0.7196931216935922,-0.7231067222750046,-0.07517159596640412,1
3.5263096578293536,1.3744065445505524,1.4967687742336837,-0.334879638949854,0.8704895622799771,0
-0.7345236975745182,0.5680577715245312,-1.8382750756149806,1.289098215546717,-0.0998947380485653,0
1.2689567538044833,1.0133417395654627,-0.6964996330012244,-0.15640320704245964,-1.013855667029199,0
-2.5691502454700705,-0.06514126630470782,1.1935809145451846,-0.4098751676262192,0.13295511838042923,1
1.2122217781616746,-0.5255639490419675,1.5820159973671104,0.29275368638744576,1.9275629822628177,1
-2.2328066959110613,0.3888876152712929,0.9799049406738762,-0.021637946141213213,0.3283733605744352,1
1.9101573147505595,-0.8598761253598572,2.815731158912977,0.54185373666058,1.0756278754390745,1
2.0456994066482497,-0.07457417109663066,-1.0782156227629198,0.816338331852684,1.2057029323826003,1
-1.4619012077546838,-2.796697412696549,-0.2174249037124509,0.18365381364581787,-0.5972092056213093,0
-0.6154404529157345,3.0058828976861736,0.39984369464680125,1.4549972157478686,-0.19567972817069582,0
-0.521092039808823,-0.16801877839011967,-1.1664016137171402,2.323667123688739,2.340357656887441,0
-0.5024173549960342,-1.8677379959639466,0.20151985710921302,0.0752670321983735,-0.5654928359011515,0
-0.9004038537544401,-0.1102053838315014,0.2289793398927921,0.8659349347026748,0.87832603343226,1
-2.446798756840958,-0.8078049855714061,0.676818713953413,0.5515740381488665,-0.6388297347396747,1
3.1129087447880366,-1.6820488396527598,1.3887250677279606,-0.8718087465397975,-0.47928818814349894,0
0.197701584135812,-0.2206331204183795,-0.4240908292972976,-0.917198009640276,-0.7426656153714849,1
-2.7556581616220015,-2.247423467159623,-1.6889874631905797,-0.32707091547227024,-0.15017738910923026,0
-1.5241206351368974,0.5016062316946008,0.1420433716152276,-0.673299744759071,-0.0088807721120179,1
0.1062481863636075,0.52736271561223,-0.9633848558612201,0.5571716138710653,-0.9271623339670427,0
1.980256092037949,-1.4464163070549818,-0.6470784288128751,-0.8251880893610954,0.16063244037330998,1
-2.7986077656250523,0.6211146495468796,0.047074767121742266,-0.34360937023262006,-0.21903213024827814,1
-1.044192511921924,0.8564621526438552,0.3533086875424728,0.9850316361741988,-0.5614609205345489,1
1.9908673880407648,-0.7428733256812726,0.7780895452594229,-1.0569502326259412,0.10846372345867616,1
-0.8866944993727838,-0.19288187316152994,1.257700125922434,0.11071632380642078,1.8748395758070575,1
-2.392465616086412,-3.3960864473703514,-1.1616658544764011,-0.38261014876836047,-0.23151774873898254,0
0.14829698560896082,-0.5246059883060858,-0.061909730457848526,-0.6486667297483374,0.3182716585680447,2
-2.1308263187869123,-0.7288671711366836,0.9577885837725054,-0.13184376709845302,0.37412643077874175,1
0.9247285874437818,-1.8471336379447525,0.7763103919663559,-0.03544644346372142,-0.30468742390047765,0
0.24075246877298573,-0.8800367007435276,-0.857996788224639,0.726379624958636,-0.48277897046959245,0
-0.6871998581456782,1.5590182720542194,0.9079073465466143,0.4590862648663085,-0.1381667361720237,1
-1.146066344220257,0.0884612041990303,2.4152159294645967,1.0979528729708283,0.2815132415740625,1
1.7491387150468047,0.11243855795274377,0.9448762783783686,-0.24880589540704692,0.04839981338645756,1
-2.217268049656849,-1.892024279033792,-1.2199698804288213,-0.2995537553128874,1.155533790003739,1
-0.6467280000833732,0.4103210227687452,-0.1044509065475075,1.5866244207707458,0.498665359740647,0
4.102480163027985,0.6617076964034019,0.19143051227133048,-0.5319173126879393,0.5562928709801815,0
-1.0325995849975067,-0.06983221357269914,-0.518216326446169,-0.9784850837229632,1.3728202886015577,1
-1.9429385730550468,0.40845938626355677,-0.1351803937857442,-0.3842609261984881,0.26053943936953594,1
-1.8009982908816757,-2.1579028394286577,-1.3138606602307958,-0.9168112015096392,1.4699838479512364,1
-1.0118818015021658,0.32519615713467376,1.5003351795645419,0.2592603235893081,-0.2741961838789171,1
3.792389047538525,-0.31197943449120286,0.4811502527032421,-1.1028498121299695,1.3749544963470937,0
-2.140996024560847,-0.43779803715777443,-0.6759202840780366,-1.3230111111016527,0.715605721947731,1
3.0135738428099534,0.6503385187251726,-1.2467745603203728,0.3747663564347988,-1.3201518955550158,0
-0.3248652330655583,-0.4099155153060562,-1.5860780000183685,2.5149242180718665,3.5241079840947904,0
-2.9715773792448283,2.717138063857405,-0.35838288161262133,1.9384763044382687,2.862469102522328,1
-1.147129914308458,0.6351555139855676,0.4803248683998397,0.43949286083988515,0.44503175294193875,1
-0.14513409198241364,-0.6376593309953221,1.118555441857211,1.0567374162729222,0.06898920369678485,1
3.2327867186089745,-1.1051076062787841,1.1401065813510058,-0.5719466158389067,0.3380869328538262,0
-0.14316292175064632,-1.1075286114864138,-0.5334364918774879,0.1425092856562366,-0.7191616879076942,0
-2.7958383625611156,0.4593662301528733,0.156072691599847,-0.672723582505751,-0.14463322302823053,1
0.5885755407423,3.498962372832623,0.5697369053205414,-1.439135525234108,-1.4728237314020216,0
2.5115428881263604,0.430445908420151,-1.2113453079392742,-0.4838989988528361,-0.2590110774197448,0
1.7968046697003142,-1.8093070081841163,-0.6047677043090073,-2.624185223855082,0.3822824780164668,0
2.952563066847884,1.1946460067127997,-0.440939668746292,0.31173269244890256,0.6825687843958897,1
-1.3985500264188606,-2.1236629978832124,1.0785347937605516,-1.1526746758324344,-0.3130988073487993,1
0.9882366418310059,1.7287816275253018,-1.2542619227288818,-1.0270744076753369,-0.589287506439156,0
-0.5692460328302499,1.0184931871942342,-0.7631560664113736,1.044821601759741,-0.6776388062797463,0
-2.387749275025857,-0.5725801810359169,0.26388694167940024,0.5958405094939634,0.27352115116187287,0
-0.921259380478273,1.6371846221495079,2.2788455324143673,0.26612151247433163,0.08914605077000887,2
-3.43563279767103,2.5584662147280657,-0.32821578000476914,-0.49090515710091825,0.08297201413650923,1
0.7312921994465372,0.414784393844656,1.1011139882898673,0.30392130265699224,-0.49623501941106596,1
-0.23520342674212302,0.5015258099481197,0.8494387584688387,0.027744856173108883,0.9686430423789165,1
1.804760007472663,1.150878653253386,1.017799187391868,-0.3310337752990933,0.34838961528903123,1
0.7413248503637384,-0.6649520097884069,-0.033834587822559034,-0.2588494065288795,-0.01979992283914586,1
1.7488699762811482,0.27194935271086595,1.8446041809953515,-0.12858697621852583,1.0804895056920365,1
-1.0169100921550087,-0.4640541092470061,1.4403241118323857,-0.06840161951053839,-0.09328454984601375,1
-0.8255701614810178,-0.6070602615017187,1.5724922076064263,0.8109545531432718,1.0303476932679703,1
1.0671209593779531,-2.097275225691735,0.32278207455719504,-0.37356948374705257,0.4340082994045713,2
0.6691539880092208,-1.1649047304522273,-0.4470856507349087,0.22795479487684167,-0.8528102145119058,0
-0.3696848865211508,-0.5015323291723347,2.7382116189411967,1.013396827589587,0.5348339843896699,1
0.6325033252614821,0.33685928300533324,-0.12877794684427588,-1.5697277884306238,-0.76965876269589,1
-1.1557816442633362,-0.6571531344176612,-1.9638461725244585,0.4841607897158494,-0.6637745186735566,1
-0.9883109463680838,-0.8794746228978804,0.1410227380305866,0.7213050320243541,-0.3263322187771871,0
2.480899096391203,-0.3011976343742699,0.09490211182332309,-0.4795990004979156,-1.239674297515185,1
1.5622852377750869,-0.40265151778191755,-1.5155917587824306,-0.5901139855416865,-0.5354498237713237,0
1.5170094725011771,0.9197297562131634,-0.6636304393810789,-1.163030049075074,-1.1389311483972744,1
1.8294942002491268,0.11201032882254831,-0.3540669007615912,-0.8982169509837363,-0.24444721284043822,0
0.4464107994392629,0.5518433283750557,0.542453589763667,0.5770823677633172,-0.07002246276125468,1
1.9632464131780023,-0.9262875420100881,0.6711405820713524,-0.18803015754706942,0.8117383480817365,0
-1.8560508474502464,0.08834993708511113,0.7978568738116483,-0.5597901513469646,-0.22237843304261434,1
0.4929992574255476,-2.6762998983971418,1.5868606951191593,1.8129383848783598,1.1679948505033353,0
0.976041280781121,-0.21425101667004856,-0.9502914382792593,-1.0356722367182198,0.5715305814354759,0
-0.5862972690119899,0.5763711596377289,-0.8853173544675567,-0.5248247343206677,0.5763356255159751,1
-0.5078179111585711,1.4633275528737462,0.5337969668522028,1.072392900482657,-0.1808892481765944,0
-0.29485281211673786,0.5851203256693391,-0.9729421719919649,0.26178011604621604,-1.148459704260013,0
1.3715742511752322,-1.0795706897992914,-0.47425090247455703,-0.04940267318410464,0.2392024617497953,0
1.0958585043650255,1.2550640984215617,-1.3034574566421013,-0.002693628164268259,-1.1736338109271105,0
3.0346172878363,-0.6432181666591432,0.050088083371187614,-0.4291111470772492,-0.22817136750518632,1
4.042955454467021,-0.12591969676890696,1.0305158947131907,-0.1852963374729973,0.1964322647797126,1
-1.1997643886674274,0.8912164646321709,-2.822598240818819,-0.007225973279965784,2.1455151375586805,1
-0.3400595338859427,0.626382939634579,2.1581614814261303,0.7035478153070881,0.4419164002718203,1
2.4886384677126494,-0.27334470709141373,-0.15288761333143203,0.031323266332889343,0.6685022646429073,0
-1.2188755240979903,-3.5687646230893315,-0.4104273001897082,-0.8496298325958931,-0.08084579974673577,1
2.301536808949002,1.3022610096353593,-0.9494307875350039,-0.6496176659285618,0.23854985506587092,0
1.0858428725292353,-0.5113424368870422,-1.4963511318008045,-0.9194508519510067,-0.9160014735794484,1
-1.146066344220257,0.0884612041990303,2.4152159294645967,1.0979528729708283,0.2815132415740625,1
1.8741943957823453,0.508011893497087,-0.7877646984508758,-0.6576677061846748,-0.07651574672750797,0
-2.9331504648211566,-0.2481699518502876,-1.1423113904988844,0.34123042407085485,-0.6788337237952026,0
0.04176600623377418,-1.9617479145810235,0.15151051669207233,-0.026839438724761168,0.1615634674422159,1
-1.5130681152271348,0.26791087375440575,0.15492318614736517,0.17791203871360328,0.03337017358408617,1
2.1114006522716515,0.9683431883315655,-1.0659940289621463,4.068320639653909,-2.007984712654209,0
2.2254504173542977,0.3810500639921197,-0.6125274931984465,-0.7195304537919026,-0.4974150627960271,0
-0.23457918097176472,2.776882124236971,-2.8062127015154745,0.8925983111338841,1.3603857661569216,1
-1.2926535936069636,0.6410332624327444,0.8954855704056003,0.8930714129418923,-0.2188843630836144,2
-1.0472468163155606,-0.8626633234743191,-0.6595458738080506,-0.28652931507693424,-0.06541331122749557,1
-0.4283183870966845,-2.9358804848606495,-0.46607369396531145,0.7932705895344231,-0.6458143045439938,0
-0.937617345410589,1.2221460870069807,1.606020207079901,1.5878034891964066,0.17878874426518362,1
-0.42000284958426576,-0.07831715263514406,1.7919858975470613,0.3847132324078649,-1.7707072764898246,1
-1.306471246500958,0.53841129721071,-2.9294628468000865,0.20351721238131715,-0.48046761924140996,0
0.8610499900460165,1.24607179044778,-0.269645293774979,-0.02162299496012775,-0.7211449003803878,0
0.3845280147146209,-0.1439901997524101,-0.9739574285006892,-1.3422292043925665,0.736935963085389,1
-0.28493468731919736,-1.767870115985821,0.8169043792333947,4.424518341405461,-3.1832575489202064,0
-2.05598743175298,-1.5994794465693654,0.28888680689649726,-0.016164572375560616,0.7298604898039358,1
-1.7521912818827379,1.645185315690553,-0.016546457822760506,-0.1529335819436103,-0.4579033886310481,1
1.1324018016635151,0.13696721507040105,1.789352480654648,0.12028032210135939,0.16571018161162845,1
2.169823702148397,-0.1736969202784414,1.7888255270007907,-0.20780817777327387,-0.12639873762491424,1
3.4799984417695065,-0.25007113820650745,-0.055214956992949364,-0.5195112509779493,0.781765106155691,1
-2.1897066322191416,0.2857043623519911,-0.03192425671914441,-0.0817570244287667,-0.5535121912447878,0
2.260797307162734,-0.993203914878251,1.0346400013363575,0.40077931590945226,0.9214462484419604,1
-2.032257721128047,-0.8500478840651697,0.7361582669251673,0.09982826188276939,-0.6001371960434413,1
1.54453448506031,-1.0626187409346164,-1.1267964252744422,0.3633521190733361,-0.657029327829695,0
-0.3465920468258241,-1.2413609058336048,-0.5844709254060485,0.6348497773732624,1.710145141677617,1
0.01741992063320102,0.14144992113285584,0.660033356942428,0.05982020039894763,1.6043406802577775,1
1.7091454863143096,1.3307465392256916,-0.457286323160935,-0.07921749042071027,0.03642614407353609,1
0.6631841299475658,0.9972975249063981,-0.7101360686880538,0.8670898633656702,0.8725719997804162,0
-0.8723589199519037,-0.4520226526791709,0.02848871343543229,-0.16395587427941546,-0.3172541382956094,1
-2.6304939398964478,-0.715365706747815,0.5333584216839046,-0.9278720799506901,-0.9220607130809995,1
-0.6382454702335074,-0.8848866356279361,1.5290012380454963,0.3921537313291627,0.7535322697542292,0
1.9960028619140107,-0.20581560444392166,-0.974529362736039,0.0005196065763545793,-1.2072350579409599,0
-2.895539699181153,2.0473896775583147,-2.295480337098177,2.666108668399307,5.041529315907595,1
1.030823393116367,1.4062527388789634,-0.6992828057695644,-0.2801930040608529,-0.06918701586902654,0
-0.40602340665746256,-1.1814475263068558,-0.6992183215916794,5.45425350332255,-2.9089856104305767,0
1.3709561061960787,0.8325840259854711,0.5824563758822542,0.3644457542340459,0.5258381435736614,1
-0.7025387470165694,-1.3715019166113709,1.953135339065427,-0.42312677160591244,0.39793246487647693,0
-0.10121977526859742,0.5247204486418571,0.6489613045892355,-0.41030538117191045,-0.9737864870339171,1
0.6540589825287273,0.15441176962518258,0.8189451843276286,0.95549478640255,0.9620327254875449,0
2.1841930277405686,2.335159386524199,0.06345243801401997,-0.07807614171292589,-1.5419773220327817,1
-1.4066362763248723,0.25625346040076363,-0.7433998801225147,-0.43717138555122986,0.15427559853228193,1
0.20668530743174238,0.6089435354020256,0.3047314362345117,-0.33227855649409077,-0.5835733316067111,0
-1.3964835125401036,0.0632000395813312,0.4676484883355791,-0.30120041175846696,1.7901909491152035,1
-0.8678538490320259,1.4052891556006424,-0.2666605523828014,1.3132190399857593,-0.07811169595208808,0
-0.13380813662221505,1.6200652787332186,1.7307471269534225,-0.10174263666632706,0.8974303329360215,1
2.2109262180349334,0.09383059477675285,-0.4357464085547445,0.19885117519052695,0.9914211922786407,0
-1.8699654403518413,0.577067271846692,0.018448811150598748,-0.3087709717227277,-0.07032478653882616,1
-0.010496663919145678,2.001932063851736,-2.058938903048403,0.1133555536143336,0.2812279752173202,1
-0.06526326423483658,-0.8213000678251131,1.596735103301811,-0.14205030265554103,0.6256671632035697,0
0.5008719599738451,-0.3921074270569228,-0.49829055305139064,0.5182282083970975,-0.6603122890867476,0
-0.8659564128725291,-0.5497948721842882,0.5996962789988781,-1.273642031102379,-1.1229657822008863,1
1.572191110460418,2.713140619780134,1.8763998527028658,-0.9359856480454432,1.63850401701577,0
-1.174935758516825,-1.4334479469968995,0.4644576407948691,-0.5286397525672908,1.2065067306822972,1
3.0578131270847004,0.5755903359466338,0.21464981171991396,-0.3878248665184986,1.6083960999966223,0
0.4839918946095207,-0.006206601365191076,-0.9476684122264746,0.7066608072562284,0.9001476216575299,0
-0.9025794615836735,2.5131848352882655,0.9640850116976665,1.337851830003427,-1.3096210572651443,1
-0.22623758262890237,-4.028951024399443,6.796969555012246,1.047971277897127,1.0971640188350875,1
-1.3245176913261985,0.28895605233730337,0.06410112136483775,0.0031201481031266436,-0.6966861000541196,1
0.07473355550118548,0.4301081233553648,0.9663703429537798,0.02682834644163349,0.4720614760668298,1
-0.5570046200698052,-0.32350599844463596,-1.8893662077347715,1.2665168213060813,0.5647290762054668,0
-0.8386476650026804,-2.244057838973362,2.043282934181235,0.6772707838936026,0.3863935516231831,1
1.0948035742229143,1.2352321526722922,0.5259840441439203,1.0958913417267748,0.8670036683277128,0
-1.6319912205381022,-0.3832439688886068,-0.8028176437013665,-1.4005104505403292,1.0729238770290197,1
-2.687776064226273,0.7197584621638591,-0.23052056741446247,-0.5875983799642686,-0.3400075321749281,2
1.6809219834307483,0.2639376294255142,1.1282219009753174,-0.2932640423915827,0.35788530020014586,1
1.010915522852373,-0.9129572885952506,0.26123529373439064,-0.2822190645395184,-0.1730822565513605,0
-2.40884547270869,0.666830102289306,0.08349750479813424,-0.34887481951915444,-0.5709865923005412,1
-2.7035445770013484,-0.21667945012579912,-0.6769625417892673,0.17327740886111356,2.2530659696262996,1
2.22111577809954,0.03429218713611956,0.6463654579583242,-0.8373186772511104,0.5406285005751831,1
3.3940488444452783,-0.512304242703643,0.5603578109691459,-0.7300960002979526,0.5275480820234926,1
1.59281891559089,2.3779286385920035,0.18017762091566428,-0.11074728651727331,1.1048003096398258,1
2.534320398657985,-2.542983200089546,1.3132711840391609,1.351085322256488,1.9072805050460833,1
-0.6009567995882991,0.9319978892069183,0.9721178327379362,-0.10720274718052542,-0.8895499027307835,1
2.105826725046796,0.26654107706197283,0.23450898525874891,-0.3243305399785607,0.2907015607264207,0
-1.6015337332201642,0.8103969010777151,0.6582209746181645,0.08346168571414893,0.8585524757464471,1
-0.21807973446150608,0.41040457149203113,0.7484471449053408,-0.7330787868534879,-0.4493826791789061,1
-1.9693214318925354,0.48953028377963315,0.10868091859497347,0.7266800374987911,-1.0494228231368181,0
-3.023036524420092,1.338730667326619,1.130625995730317,-0.3925216378752526,-0.3956930710057975,1
1.4272365293992628,0.14333192194035851,0.04521911717031622,0.09222019684280076,0.21977396806690488,0
-1.3230495837491303,-0.9061656174278768,0.9641801579899945,-0.027133061166224385,-0.5849156945381383,0
3.2371860181108323,0.25417739654562954,0.45098929309320324,-1.4494769814108657,0.34146583586350304,1
-0.6994226489371611,0.021382162820890813,0.7121670268204999,-0.12019963472871442,0.733960362686873,1
-0.35997177891781723,-0.8100094692459098,0.7526502368157999,0.9163763782710243,-0.1622394174848953,1
2.8142865168928166,-0.9207909516179048,-0.8842013247744205,-0.04979967042867635,-0.04793910963306756,0
2.1468843860210893,0.00916518207183666,-1.814155956475878,0.1911511345456515,0.6942366120965956,0
2.661335714419764,1.6937681367953847,-0.018677193582982754,-0.9363774565241472,1.1680168615358513,1
-2.2249608004518455,0.934962300686158,0.2730222635636098,-0.5576757839664253,-0.6609849539748595,1
-1.5457471948640968,-1.0973477658989483,0.51081853376249,-0.10185810864487893,-1.1681019381900868,1
-0.5625726809428475,0.9263517244743831,0.4455728410540536,-0.8985363490996074,0.02825741527022097,1
0.22861649800364864,-1.1463981736798348,-1.4972645906253441,1.167647130007338,-0.7148487209097061,0
0.39216656973533126,1.8071987899395903,-0.7729207964624613,-0.8942166198621939,-0.06767459114614134,1
-2.0508831214777246,-1.5225613086771927,-0.04735746255880552,-0.4719874336820329,-0.1956065169898018,1
-0.9004719031700333,-2.94307186568825,-0.45782027434134887,0.22999680004888132,-1.4829638207925384,1
-1.4035859237368038,-2.1571062446895524,0.13084163624754477,-0.4877811523375085,-0.8277950553486508,1
-0.33736532412770825,0.12341047560255265,-1.533630849102164,0.4608008555241777,-0.9873239876172066,0
0.7440555840035816,-0.14235853433286672,-1.002796104829214,-0.4741820317683256,-0.21600367687093294,1
-1.0098050462454282,1.154553422784081,0.4140242623521145,1.0774553247108316,-0.7505109423080555,0
2.181327544157478,0.4646862006759032,-0.6998788316358647,-0.9845924441600777,-1.2717500606200491,1
2.298382276911373,-2.3657108294702445,0.8059626171223963,-0.5009445162087593,-0.9869199616721576,0
2.087276712417657,0.30989068635287287,0.14307348158366343,-0.1253467986301944,0.592888431196537,0
0.247073192255568,0.5342283445983056,-1.3214246317898404,-0.9113008061092484,-0.9154567599540884,1
-1.5466034452117294,0.08507927047047814,-0.5953612110219846,0.5311256343320415,-0.8875245219927078,0
-1.5851153566898477,0.03008868725609312,1.4468389963635744,0.20820884977497925,0.6928521950526348,1
-2.035542177180135,0.6812505033787686,0.4843126750901882,0.5547473184062185,-0.5464981621796986,1
1.168810854847895,0.15123410266869758,-1.0988161110470616,0.40745200606276666,0.6323219622737128,0
0.10181510533431799,0.3958896047718154,0.7222670583343613,0.3004652924100338,-0.01915086338718595,1
-1.7723981599738607,0.3034942224743505,0.25551187344651394,-0.033997624463421805,0.21345441699614395,1
3.797529866001565,-1.7058528740986965,-0.8244250384918457,-0.11755673689444521,-0.7004394721436974,0
-1.875087120250454,2.038816320525183,-0.04619064306268828,0.1992489710992232,-0.3220742163928681,0
-1.3443821595791865,0.616090052998036,0.4915076187643599,0.12150268485722943,-0.7908071216215532,1
-1.9814866603383345,0.44555684740187324,1.4901499011648274,0.3455991554936196,0.3523026692381976,1
-2.0138515760273985,3.0430390035975288,-0.3734056263110205,-0.42795873398027384,-1.2579307448583121,1
1.8982758643016262,0.5848943706868398,0.5336758393784565,-0.5916536702336788,0.3593396047128424,0
0.169534981427875,-0.4446652808810062,-1.495764864557382,-1.322612652723787,0.7154647942214127,1
-3.862575393865825,-1.601333771928462,0.048189953949297495,-0.6134211199842448,0.26272325361455795,0
3.255357455453129,0.45941139610429776,0.781491603686251,-0.5816160514779612,1.2758074483011097,1
-0.09617564915737757,-0.5126537498782068,0.735578232008905,1.8629571051669345,-1.5954130995161862,0
1.487882017296044,0.8473936955242761,0.5752808785269415,-0.7345472940760894,-0.1128460590494761,1
1.2139518560538753,1.3553829755600695,-0.3366374905981757,-0.42131961168399673,-0.2875248480556296,0
2.3008066476720304,-0.6931342710902352,0.2477486233582857,0.018790364027454962,0.31399295311131764,1
0.6631841299475658,0.9972975249063981,-0.7101360686880538,0.8670898633656702,0.8725719997804162,0
1.3231974430129592,-0.2650573659523688,-1.5919593529473832,-0.594552890236188,-1.5319029048802129,1
-1.484265597922753,-0.1970245147478376,0.2695838026185688,-0.3631427873541131,-0.19849875821323582,1
-2.4097935554992818,-1.1576060350457604,-0.5535308454839403,-2.1188753102424953,-0.6821444427755943,1
-1.3033704387606644,-2.315863180122202,0.22878282140259526,-0.3556602120398298,-0.2797568538632454,0
-0.3351793788620143,-1.351909229070496,0.10801161998171312,0.16617613469149822,0.24197425103343512,1
0.5567602768824281,-0.7300292083834196,-0.21301166503447322,-0.4877842100266921,-1.30201562657786,1
-0.34259313224915183,-1.359072128453186,-1.4366179887080084,1.4542232290568338,1.505850178759928,0
1.1371865399052457,-0.28602392299937907,-1.2567827642504368,2.4845739409168464,-1.5204402993154034,0
-1.3954978731650778,1.483216819003345,-0.9917407345345525,-1.0273315276048498,-0.869221227316098,1
1.8065011240028788,-0.22913762487122358,-0.6032711162964999,-0.6003856081581547,-0.9186896077535616,1
2.787874989778006,0.7494075293437824,-1.163527783137963,-0.2944120425004757,1.5037713175199676,0
2.8171717865506856,-0.8578426989143177,0.6108667902204055,-0.6853949304641097,-0.06678077874533564,1
-2.531146825792985,1.298367694646509,0.035012327368131306,0.34566451058953496,0.7999744096858481,1
0.15779573996877588,-1.0561110998984957,0.30887560320868307,-0.9866027047384498,1.5697721226264005,2
-2.585401696621413,1.47328132002528,0.8088534888152606,-0.4726199793016669,-1.0239642333952848,0
-1.9366325817900638,0.6561895296569954,-0.457333544085953,-0.2027280555050328,0.11411323046874412,1
-0.5483500683582296,-1.329059019032147,0.82770895437503,-1.010351563437917,0.4078941478082949,1
2.9370389080742525,0.43798264467123693,-1.2988862431089523,4.554162080136071,-2.8933857323341448,0
-1.919009949001636,-2.3205899743661877,0.5392712368281801,-0.08128127227735758,-0.33109371758378453,1
-2.102204476068352,-0.11502213824116699,0.8374521387976583,-0.6151974647146503,-0.829073878634617,1
1.3360804882972694,0.19987306620122247,-1.6783838922201348,0.4374033962824255,0.4967968996332922,0
2.559918151194164,-0.890684219148765,-0.6962106620673673,-1.5172264541367984,-0.9332666528763132,1
-2.7973388192720336,-0.8997701210794485,-0.5424062054351529,-0.6114179740570523,0.2127027427080647,1
-1.5795713660932353,1.9229659120897606,-4.361478937844547,1.1806220779686054,1.1315175216917421,0
1.3057213201354867,0.6948374398184328,-0.9586088895475863,0.9096594397150382,1.3476923403545065,0
2.9000055097440214,-0.5891899039777928,-0.1005063323334897,-0.09067532811579108,-0.26238637222512723,1
-0.48137092673385484,-0.8395387146341857,0.9524490245811619,0.1208426244571873,2.137151408388111,1
2.069388272753632,-0.6149380198222747,-0.4425085612069359,0.2568836480688256,-1.1068495907886513,1
-0.6871840891935955,-1.9881372191726505,0.35473358087344153,-0.24807063328294582,-1.0234619307377244,1
-0.45285684405408727,2.094355283780168,1.1449618945258009,2.1333528274255826,-0.6660697261832261,0
-2.2134750375194074,0.927013874848561,0.3296031732187289,-0.4293276609754411,1.1955373653244024,2
-2.231323029909607,-1.8826092812845683,-0.10486619638381435,0.0027623083386330554,0.18198101904172137,1
2.4987235140838644,1.9901348389346198,-0.6318935711856375,4.014725680403052,-2.8396966905416714,1
-1.1411043308727904,0.209032981882745,-1.0612109591586418,-0.24911810951809607,1.5832148787663793,1
1.973753031512366,0.5204664688787367,0.564602338484072,-0.6111834911784393,0.35789248362564,1
-2.575095618124175,-1.0266715366566144,0.9852579970778279,0.29263305076952734,0.6194970445689095,1
2.6442734236200045,1.2935291688805257,0.36967444148300305,0.17030102547522868,0.3286523087031331,1
-1.9083208027820506,1.8019430052347585,0.9722613135448358,1.1994318822833154,-0.08276262786119123,1
-1.9078848918752291,-0.001954573664987004,1.6187831769340657,0.3184950011335795,0.2701990253280376,0
-1.4777523917127386,2.310573633925375,0.2400899444656447,0.027830474820273354,1.3996765276727594,1
2.6442734236200045,1.2935291688805257,0.36967444148300305,0.17030102547522868,0.3286523087031331,1
0.6538544840371855,0.22674139409126634,1.0842545637263228,0.06557833751641673,-1.5701425239698334,1
-2.3364321914255504,0.8289434452192715,-3.502563377553699,0.17037860829993332,1.3151134589544289,0
-0.3041419854616473,-0.5192722933951179,-1.4226154171540757,-0.429327476592242,0.6610190499022685,0
-0.9944738054654119,-0.15272058739562822,0.5520921038469836,-0.09225744066362303,0.8900782675027044,1
-2.354099367812388,0.9667777645489086,-0.3262487205337562,-0.49020449207598005,0.37547193469016693,1
-2.4583023564766027,0.38287849370546606,0.5064168856036131,0.004317504321162007,0.41460811891724214,1
-1.0081668213424946,0.778037685448849,0.16243666276062596,1.1186537542170238,-0.22891331897945627,1
-2.251403088349556,0.6268541346705911,-0.05112882849651288,0.618860523467257,1.6242856705953308,1
-1.2491295180282582,-1.2721590783997534,1.4358576903400817,0.9144947776422917,1.8027040414590667,1
1.9043970461977375,0.6888720601284869,0.90932838720506,-0.12052618963771629,-0.46780846315136576,1
-1.744870299602193,-0.5000272625098862,0.41253310163878537,-0.774444383574111,0.20010991223002428,1
1.3680560306635452,0.4755847282170902,-1.0782806818747652,0.47601868529211006,0.5640065000196373,0
2.0564722352950637,0.9260422655652972,-0.6042108443378592,0.3566176402085611,0.07431735306356016,0
-2.123265960743924,-1.2333972022146018,0.18097378930828784,-0.1257215182941876,0.17998162758318417,1
-0.6142329321741767,1.6060566213994683,-0.5332941707529357,0.7183112585316049,1.029505822643013,1
0.14829698560896082,-0.5246059883060858,-0.061909730457848526,-0.6486667297483374,0.3182716585680447,2
1.2683747444171372,0.9546682838678616,-0.4192321675920032,-0.2038570608773726,0.3006353992149724,0
1.4657631217422804,-0.7042509042645547,-1.4970392420024239,1.3216515149184307,1.7015337550674794,0
-0.9362095627039086,0.38019762452299827,0.7723222605322967,0.34546411782079395,-0.44391329168522786,1
-0.6549784224590638,-1.6700204559799603,0.8095692093106334,0.7656526982558242,-0.0438901607313924,0
0.08062276144854529,0.007853715147557238,1.149849400545367,-0.16235097481740948,-0.13357331321736748,1
-1.7005445796068126,-2.6387692601294885,0.1520804910391241,-0.7694034323559591,-0.443262585746385,0
1.5181814477002111,-0.024715196368897654,-0.38430821963050393,4.942031633044287,-1.832396485316495,1
-0.26043945017930387,0.4339731692158863,0.27000378142559206,-0.540766639780983,0.20994915403387182,1
1.4850077402081174,1.3497484457999178,0.894876028800461,-0.2550919646755394,-0.0560657120380439,0
1.0435411155134708,-1.135089350885831,-0.13483461338307567,0.02773904087399006,-0.22662584028846378,1
2.0561506178126656,-1.8264682536962829,-0.5343970601426616,-0.5571439865875133,-1.3175523572969128,0
-0.17705950240892365,2.754662760002503,-2.7785720431872436,0.9082836316451887,1.4441773751772826,1
-0.5534806621785285,0.045369103934644654,-0.708368877642233,0.056699104680934496,0.7600811427777053,1
-0.31145937235156995,2.2080637871280193,0.6979466650438659,-0.42763257004146227,-1.437777598826898,1
-1.9761491698289189,-1.0705179973606644,-0.9978798555096761,-0.18051605209657934,0.07918340197864206,1
-1.0649013689158249,-0.7299814846765327,0.4174219682421471,-1.4551192148084549,0.06138184114244057,1
3.085052279824796,0.2049574888195363,-0.6759062945156931,-1.0463358759978225,-0.4339572616454663,1
-0.0860734003787688,-0.4604145994964965,-2.3962243035080846,0.292304397761014,-1.0473968122586634,0
-0.21831032286903876,-2.59683681213972,-0.2041075109821225,0.4834295151980194,-0.9635733443258876,1
-1.5592954833340233,1.5309229858542006,-1.2192075908157096,-0.8923518744542323,-0.23154350556468276,1
-0.5995175866952949,-0.6085870883418757,-1.2969444977285185,-0.7153017701740602,-0.2657614929780869,1
2.59631694566273,-0.9970164230887764,0.2425394371508386,-0.08436467010611709,0.6206933175999547,1
0.8084174562967861,0.04403484683431161,-0.24824076632778885,-0.40043155714178985,0.23120161307408763,1
4.169135707227115,-1.171189046658391,1.0540025716301382,0.4443742113014767,0.9978636346408858,0
-1.582899462836557,1.043990733588832,0.8033428934839755,1.1203032180969703,0.4146471330976973,1
-2.136311406453501,-0.8758056106880355,-0.9502149843162498,0.34130932917905804,-0.053823935458819645,0
-1.8952150105274803,-1.1740083511642028,-0.18021473279816053,0.5548997325903328,1.7228486682583806,1
-0.595922058605044,0.7208704305087922,0.39263914706742203,-0.13860901477014392,-1.2900603716198777,1
3.015621043245665,-0.2684957102046676,0.709809933807211,0.04826888000732228,0.9866563594272997,0
2.1895009921481905,0.7856983385135892,0.03537144538327112,-0.9150525980324803,0.1338910709010429,1
-0.29209434071304863,-0.49257112651374363,-0.1330488639227535,-0.8393018876878092,-0.7707178969492625,1
-0.8083812992733456,-1.3792307558708736,-0.40667327097336675,0.5705365059561434,0.7359188186903635,0
1.6129967051331688,-1.9817030417574868,0.7487722032046601,1.1114833082896343,1.3342625938012236,0
-2.1667803546087496,0.8370466289476083,0.28934115226943935,-0.20447047699695214,-1.429640663952559,1
2.142806623996412,-0.03983861968158609,-1.1970893143793386,-0.8685415591441907,-1.2416072935683435,1
2.110023935299213,-0.8838848273410859,0.9374617320591965,-0.15401149244903972,1.8390069865120031,1
1.8054530717076271,1.1292989726389642,0.46205097376142756,-0.47999458395399397,0.19432987772089025,1
-1.1327687670089954,-1.6414109613972823,-0.39892631354471164,-1.3298229881953163,0.08082727647084804,1
3.1893419660208253,-0.4124962603543608,0.10914609623980412,0.04321050952594658,0.5893317900521967,0
0.13901211578094266,0.1333452882700205,0.19111092359383347,-0.03281810900791321,-0.992409739107489,1
0.18078068137683717,1.4660344827740055,0.7553819988085693,-0.90430217919034,0.3486498528955466,1
2.074095885346785,-0.11950783644684915,-1.5214897145918524,-0.4023122685975333,-0.7685396245145844,0
-1.399556187689263,-1.0399102979089647,0.022769380574855707,-0.7556597491722785,0.4430510008078438,0
-1.226553008509861,-0.7396634944414155,0.6925732658725334,-0.212075519666675,0.1525836629760018,1
-0.06541799094471801,-2.479032820350615,-0.7026292850663215,-1.3632558025981893,-0.3121914203514524,1
2.6382483639524223,-0.30052243410206747,0.18454605047213346,-0.32585531451639044,0.09218816354126147,0
-0.3000759237005105,-1.2921796580097147,-0.8320509002622251,-0.9659307213705856,-1.0336614543219407,1
2.5435725345456834,-0.7912476078837758,-0.10474066936165209,0.14972885871753217,0.8918700282486252,1
-0.5966268646068248,-0.08588265774576483,0.3831670947550931,-0.9638331679034073,-0.8056365330002433,0
3.1932932269228846,-0.77295838452319,-0.24014870969692634,-1.1287531260155208,-0.5291795790847367,1
1.1055185549091597,-0.3032338221070774,-1.358140338816957,-0.41805720482481445,-0.4642831738469391,0
-0.3325347108705092,1.5107578014095846,1.0576510641222074,-0.10209716919283868,0.026279269267074735,1
1.335259434979575,0.7479430132632989,-0.11004016351174897,-0.20578399340137385,-0.33592243461347027,0
-1.1255561902005915,0.7478426111662313,0.1050386079662408,-0.36502259413256355,-1.0158633984963323,0
0.2641716030485114,0.8783885740736578,0.5501168880370719,-0.6532123078079595,-0.35491613644640324,1
-1.3308143847235752,1.2121882881903137,1.438294494200292,-0.511491670998601,-0.10445133843101409,1
2.425045074828708,0.21745073010589283,0.40608563588385554,-0.09672325074832559,0.24914220707622053,0
1.4725247372579893,0.6173775404405498,0.7927102091403467,-0.3498370732680651,-0.6678189011905702,0
2.783812456585245,-1.0903193572483263,-0.836382378562307,-1.0597666019294956,-1.155319533414337,1
0.9151095052715615,-1.0116538124498682,0.8597560821117415,0.01986773159522319,-0.5359528187632339,1
0.10694495363865796,-0.25306530897074514,0.4776817057769497,-0.10658054621365551,1.8927921058590376,0
0.44959305887344103,-1.8490476319334381,0.22847474432772563,5.758116470777602,-1.3815801737281839,1
1.436612144022715,0.11943566158488769,0.7864126699039161,-0.01025627946415847,0.2238801151970827,1
-0.4777657090296142,0.698069355064728,0.014973711647281446,-0.1440278258152698,-1.082025373446095,1
1.7330228435247381,1.94050819886751,1.044809802351195,0.8628110843111133,0.9521120600696809,1
1.2836935830306917,-0.9981715149210628,-0.6504856589787897,0.1796875178663684,-0.17211574676455935,0
-1.822306278095088,-0.9513475049554905,0.10632211979502046,-0.32313694502614704,-1.6901099025061177,0
1.993509253782925,0.48915735735188265,0.11115915961619034,-0.6566472454990732,0.7159774856703599,0
1.1314015135871491,-0.27153166189078565,-0.5103327576689285,0.10364759249629195,-0.9230736414335556,0
0.52907739042459,1.7626325139166965,-0.1295074225234698,-0.18177594938290098,0.0764242494362811,1
-0.4139839964525844,-1.2541833391895434,-1.3138669139662922,0.25413902155296836,-0.16110716647997347,0
-2.757355668437731,0.4521971552184283,-0.4643016518190059,0.1935483902907876,1.3478586156995178,1
1.1932353620546061,1.4162934977767525,1.598969634258802,0.24445663517718827,1.3316794061964305,0
1.6406804292851644,0.3943955555318553,-0.9889699571230435,-0.02548031410286902,-0.8459677419096979,1
2.7254804417277607,-1.3730832113230853,0.3967456767824877,-1.0948650969964073,-0.15793975456233642,1
-1.569397515106232,0.9700920647364621,1.3510975093321769,-0.01425400579978377,-0.9132547129102397,1
2.773971194716141,-0.6124001133664081,-0.36493572464662716,-0.4023506810983127,-0.22191441011738536,1
-1.5235671886458402,0.9240403136719186,1.9917405696651325,0.397012017551519,0.6766867446301548,0
-0.07548879246008547,0.8919988523184901,1.6777686226867394,0.5386014422539114,0.7797091900497618,1
2.722627379399824,-0.5288710802159368,-2.9377411706592094,-1.399037984148189,0.7495963871154937,1
-2.24504323530035,-0.10640602997103205,1.0992468511997024,-0.6133495826071362,-0.2003819603987226,1
-2.994374169893959,1.5789696268681284,-1.264204473494381,0.15826151097985947,-0.2980716178643224,1
-1.8871134606143327,0.011081876625058258,1.6312332867725776,-0.5839443416336818,0.07080611725215093,1
-1.642160653846861,-1.3880694679115706,-0.3276838739336551,0.10714050941130866,-0.34309937282324465,1
-0.5741781688722418,0.9928727857163895,-0.8084427164163939,-0.9302290753127807,-1.2252594667334622,1
-2.1714889232248806,1.3583156791033963,2.5584788951648667,0.523632134745215,-0.19766719017366327,1
-1.008329559117399,0.20758179190386986,0.23287830334529055,0.5355492345372396,0.9046149724740419,0
-1.115702775379166,1.0449707537626327,0.29616026885197844,-0.1264349428150789,0.0187022724448062,1
3.033023521284982,0.06390542498268124,-0.15568462266842262,4.141973578811074,-2.1256237826392823,1
-2.2183746803774986,-0.345352370998307,0.10120209998427779,0.07707931512931876,0.967845877952916,2
0.8804774779182657,-1.0856726908328949,0.3766590305097208,-2.1190476570198395,0.5405936354108468,1
3.0448212405326402,0.029615903480144763,-0.19696183822928343,4.065593243266775,-2.2105003082129637,0
0.24654377078968637,1.393431415259158,-0.25804864994114046,-0.7024434792776055,-1.3585876342311591,1
0.7449356014992429,-1.4435681074257862,-0.3535677690471365,0.8246311216041337,0.6243731338826075,0
1.670166742772799,0.7310900760994775,0.5270933440413359,-0.6677118983599546,-0.2199228867397954,0
1.3630327143192762,1.1986351425702286,0.5915282254582671,0.16544857311520877,-0.13929999488488445,1
-1.5518616762460622,0.1548895495709489,0.36077294352850725,1.5900771484589529,0.2243128556190765,0
-1.5179134651047446,-1.2697133095791524,-0.8459360560117969,0.08882452138299934,-0.32863047352647967,2
0.3336698581003013,1.2188458433031435,1.3362580493528695,0.31586454939847064,0.9801687113001145,1
1.240077729241777,-0.052351559198008046,-0.8333911778075064,0.5953794993447767,0.4456408330834979,0
0.27076683848756583,-0.7694942447759779,0.12767494898670842,-1.937930274017182,0.845395567391289,1
1.4355541989030833,0.48401010298272384,-0.7544560907312521,-0.404891974880907,0.08306068465293892,0
2.6042171684278377,1.1031812347560441,1.7103803363087202,0.5004969161925342,0.01217399630444461,1
1.5364203536869212,-0.6881394360945159,0.36150339432542716,-1.092234283827255,-0.8932357237531185,1
3.4888277802353453,0.8184149158550593,-0.912972724953966,-0.5837953759309875,0.8840038792845533,1
-1.4069113905970607,-0.807964805444993,-0.4161399318246175,0.189504037317557,-0.3290781178608741,0
-1.285919784238065,-0.015977371817394854,0.7320977518139554,1.0871446984161304,0.17255217793007113,1
2.4407889533034393,-1.5079426759843437,0.3125417082998113,0.0027018357074016985,0.4842857602674878,0
1.8320168153750704,0.8179169388460981,-0.6655919011246674,0.4050954390577739,-0.13945741680267693,0
-2.354099367812388,0.9667777645489086,-0.3262487205337562,-0.49020449207598005,0.37547193469016693,1
-2.6968394720230835,0.44969699907050087,0.6395707366844129,-0.5252267378548487,-0.5549905013406631,0
-2.896318308046829,-1.5709724069738646,-1.6609313845306655,-0.23253239928270222,1.4885916554988499,2
2.7365231339936607,0.561803815934511,-0.47767377455747945,-0.5351566215295666,-0.17126071413642913,0
-1.3635305219207805,-0.7781813970644238,0.20318794244902255,0.22014192718875392,-0.37209669473134377,1
-0.6185816569587074,-0.062455231208462275,0.2719858709228363,0.02694258645640982,-0.6212977132572666,1
2.6040054193504822,3.073405412452385,0.5199329462163212,-1.9950117204993327,3.3844652856621775,0
1.6468420952752367,0.7909308744452344,0.2988543550608424,-0.39270762092564926,-0.2937664947951142,1
0.9406073675921482,-1.6674797653831888,-0.03446944408758987,-1.1199989059243274,0.19764602288131405,0
0.17880885527221801,1.23617860268722,3.5777707580065257,1.6938363155068603,0.7157149167060429,1
-0.10878630554471125,0.3804528739306295,1.1944806074351628,0.1702015751544972,0.481150712971621,2
-2.7407149891224933,0.3397967547459677,0.4242911508129335,0.37822722771787365,0.561125239235736,1
2.7871770854496107,-1.0857907537200282,0.5297752357426985,-0.44143595900330684,1.224073984996825,1
0.9760045264056079,3.0989697586312017,-2.6753705983048697,-0.4437507729957126,0.3588182214491278,1
-0.11376365292924631,0.9554996779388416,-2.0040074831879386,0.5462174703397196,1.0922220745390248,0
-1.1638154923882589,-1.049722985780714,1.6284175118369593,1.0573630313939748,0.8885261607316635,1
1.0772347813045728,0.4215214085100303,-0.5564017785785421,0.18696365380972513,0.8864706114554757,0
-2.13797688091061,0.4236790868726216,0.36835102558170557,0.10022298158044933,0.904402962298202,2
1.4303127157639122,1.0427792462219545,-0.632211349070281,0.08097270912551667,0.6167110807731249,1
2.9000055097440214,-0.5891899039777928,-0.1005063323334897,-0.09067532811579108,-0.26238637222512723,1
0.3968723743528291,0.5180227649968674,-1.3937949946824344,-1.069429528838706,-1.0732644435620227,0
1.134501678825076,1.9447427001605289,-0.7717667560365257,0.8044735811794913,1.2334156531010336,0
1.3162155444001522,-0.18801237967691223,0.24918905075246292,-0.9134177819807212,-0.15887291940777543,1
-2.2430364734384765,0.8750216132649724,-0.23780599862691923,-0.14168934664199198,-0.2635432419900111,1
0.8799222551891591,-1.1138231785529324,-1.057820598351566,-0.31176664720996844,-0.5275210704850747,1
-0.8301272132351694,-1.2778600060497012,-2.6283975927877576,-0.020512116156418788,1.4932839652504317,0
-2.0727295098136045,-0.4885415843111138,1.309615692784288,-0.5934771282005777,-0.40669863386589383,1
-1.350705862988371,-2.3158052999133867,1.6036448451950818,-0.03790917062455407,0.7438470649332846,1
3.343356845437402,-0.23572157870971236,0.17865625139039495,-0.6810149121314774,0.6578770309580256,1
3.2001621067706076,0.07618672594522227,0.5916795705220304,0.10156111811812739,1.0679974088673732,0
-1.2439352382227438,5.340616267790702,3.8561083234999005,0.02058122893400201,1.0896062673662292,1
-1.5660215888934714,-0.27186216472346786,0.22347841758476925,0.48405245700927235,-0.1613853528296997,1
-1.0424758930653577,0.830767111896914,-0.3983569060087712,-0.34612781761485406,0.10160142427302767,0
-0.8262217298910894,1.127090088198511,0.5532362806108122,0.9343203127538247,-0.24786100964734717,1
3.299008948866429,-0.3255234035528657,0.9895165743121866,-0.5017249600677082,1.4161691510692263,0
-0.8115415101361634,0.4733738929142654,0.7422500929449294,0.9685815801456905,0.056112651762033755,1
0.3076120637009016,0.44078137352623803,-0.12598527801024473,0.5220274678026775,-0.5599128645786262,1
-1.2728619751025767,-1.3373809289043135,0.10791640767780447,-0.8123968285073152,0.5747929663523227,1
-1.9126266221978412,-2.4173149751487513,-0.9886912626334354,-0.43752369865305213,-0.4162795243912943,0
0.12538936307010454,-0.07525902615370703,1.2143584930099542,0.7703386766167246,1.2671766580221955,1
-0.23567885412388753,-0.5924633692413871,-0.9900126825940705,-0.859521189611238,0.18045369134932915,1
-1.9961381921742767,-0.4779868690284323,-0.2758789200140706,-0.5281013259047103,-0.9024460365332475,1
-0.6994226489371611,0.021382162820890813,0.7121670268204999,-0.12019963472871442,0.733960362686873,1
-0.1280340103012616,0.7526144221781162,0.35256584274430297,-0.42771250639250086,0.4062888688004086,1
-0.4418752121695176,-1.2086448261258098,-0.9445400029018083,-0.9504864058097882,-0.7919533027726506,1
-1.3260962541942147,-2.3588385179645033,-0.4807185371056937,-1.2567736187654421,0.17421002802625032,1
2.588746762217644,0.26170475820683603,-0.6608465330515157,-0.07483576459645282,1.298345794338833,1
-2.946308999993968,-0.5148271815386414,0.05818714582280764,-0.7574486814774094,0.7728783348748722,1
-0.12041770245986942,0.5497249927490458,2.458377251946009,3.2484240431629985,1.0330161337287314,1
2.069388272753632,-0.6149380198222747,-0.4425085612069359,0.2568836480688256,-1.1068495907886513,1
-2.042450609512288,0.19129481366190534,0.18248977060968097,0.44100367443843214,1.2134747939454409,2
2.5508195560556293,0.9508163845076456,-0.5878599636721946,-1.1785618317072006,-0.40811185802272104,1
1.0864261946067901,-0.17398253480068418,-1.0811833424788309,-0.23104825003219245,-0.5078407716927889,0
-1.3870691727984026,0.27666516991616763,1.1009331048856235,-2.445557916995572,-0.4678261543496087,1
0.4994537348158685,-2.0401946833994824,1.0776908519976036,-0.5838278825259546,-0.0885856523517493,1
-1.49406325188645,-0.3669217813194898,0.9744644844309329,-1.3368688971274345,0.42010592797410706,1
-2.3362388547006576,-0.5140933907201465,0.8652696608468076,0.28729041153067414,-1.3808451765358258,1
2.606933385061711,-1.3493504287053446,-0.44838769149072194,-0.6168996592438691,-1.1271573575454235,1
-1.2753948157180919,-1.8902016725836603,-0.3945491723569378,1.1998608258833083,0.6865966488399788,0
1.3887611680314138,-0.5164060693536711,0.08511888962162244,0.2856066850438649,-0.5342303161028559,0
1.7567560484648987,0.06734284866780954,0.6740290233770119,-1.0621105677618627,0.852429244703196,0
2.8476070845963113,1.3228591585693048,-0.7596350028117396,-0.14391099413257727,0.21965840918736554,0
0.30931586061069927,-0.85108246878558,-0.9201210470009853,0.7352439533397067,-0.9955880862094963,0
2.5563339720571854,-0.9563378614418075,-0.6817081526974734,-0.8501886639403117,-1.0629274847311074,2
-3.5275283600833247,1.0474081680346286,0.27594443798298574,-0.6650788331236499,-0.8605309937407082,1
-1.366496486031296,0.25459039547503615,1.028409993575005,-0.3274927713069322,0.3061428356720874,1
-2.5761020644130164,4.658620712603783,-1.9001069613748245,-0.6630700980292249,-1.0759186494200395,1
-2.0323754235715312,-0.011295974987870008,1.4991640423139658,0.7126389449263505,0.67760528151111,1
3.792389047538525,-0.31197943449120286,0.4811502527032421,-1.1028498121299695,1.3749544963470937,0
-0.9148616831629611,0.3392636313753004,-0.9973104218839564,-0.34797475742768513,1.5706452310034817,1
0.004161352944271146,-0.34351826966339566,-1.7275501828169972,-1.0705094963084936,-0.687650030500504,1
-0.4219645468378807,-1.0522946750391184,1.2589676831311536,-0.020178230412296386,0.6504571631364056,1
1.7933774340945419,1.4945707173001674,-0.4463152327574129,-0.5733962521914161,-0.7916950959624024,0
-0.696509962814978,-0.7431101279356421,1.000197193646202,0.05686399221370707,-0.028101826146183735,1
2.592526566229497,-0.7751001727595096,-0.09286558268681012,0.05810777541273117,0.8257641190086022,0
1.0213370129927652,0.6304230512638506,-0.5995533107977316,0.18035632086325984,0.7972123558033166,0
-0.6301074708352103,1.3270057408955762,-1.0425573338899596,-1.1891545939157893,-1.1536011260844028,1
1.7430908873667217,1.2360185155359462,-0.29298179152811626,-0.47317132998726247,0.5608448025650105,1
-2.7973388192720336,-0.8997701210794485,-0.5424062054351529,-0.6114179740570523,0.2127027427080647,1
-1.5068821059960797,1.1540799034395484,0.8071095053133529,0.20821688126478796,-0.2354149596958979,1
1.4861771969418283,-0.0386062799859137,-0.26003691427852804,1.2168716988302934,0.7245344619877091,0
1.3873964684508737,-1.9261367766122022,0.535745218291425,-1.3746711284837865,0.25557370239388527,1
-0.03108740376082724,0.6789430414738109,0.5519587884266666,-0.23965646713613872,-0.1820980119757816,1
-0.7671461027906544,0.08125254960715596,0.4157868849476149,0.3177577076262347,-0.5480969524690563,1
-0.8749014415119392,-0.601839504626225,0.8707476173900657,0.4225485443793283,-0.345522650014703,0
-0.7692758374290661,-1.7732226942193474,0.2611954345236065,0.5324969752793742,-1.1533078446054428,1
2.9413136449543273,-0.9692141702717789,0.2381205280281269,-0.22979742306505596,1.4307088133952113,0
-0.9905284744193232,1.3610428429101729,-0.784500689231024,0.9651307159615774,-0.8974308140929113,0
-2.777546383951242,2.3839752158900387,-2.212771854596011,-0.7724273060507915,0.3586183207895312,2
-1.0667705434784538,1.290496951910412,0.8279536378689907,0.2822013239039958,-1.1154522811142786,1
0.9307560675336242,1.459682239245266,-2.477006042850805,0.26588536709641253,1.5951054969130447,0
-2.6671026404948726,-1.0796448504365628,-1.2607532480935881,-0.27900852588571246,0.6178074451594829,1
-2.092410983362987,-0.944834050099773,-0.6305834243752118,-0.6524450657580069,-0.41310575774488273,1
1.9922894670182936,-0.4446416834861721,-0.6015095821069185,0.15694098689229705,-0.49942890988124417,0
0.8132049881918239,-0.9978541787739059,1.3260782545465708,-1.4513654908546803,0.1111571583240639,1
-0.14513409198241364,-0.6376593309953221,1.118555441857211,1.0567374162729222,0.06898920369678485,1
2.4312162476626984,0.879175973409723,-1.1622109601219255,-1.1059261142339503,-1.6172473594803136,0
-1.0229333169585522,-0.9966758343467542,-1.1637812755047563,0.44199798639151433,-1.2540859490337462,0
-0.6172331454588524,2.5248030005416737,3.5045667991098184,0.13611580983450672,1.460897244284601,1
-1.6699463950969278,0.5189353558446023,-0.4002408652116662,0.6270425052852889,-0.21691873935575381,1
0.2709357159197098,0.2556541498966879,2.609975754112647,0.2429091929961248,0.7506868883230707,1
-0.8611748286523684,-3.2024087569442488,0.9815593817596544,1.3846209438830497,0.48789645114959007,0
1.7167195798492334,0.7109669126519064,0.24484430206019744,-0.2631605829838145,0.6296853374746881,0
-1.1557816442633362,-0.6571531344176612,-1.9638461725244585,0.4841607897158494,-0.6637745186735566,1
-3.0320911590097968,1.048079898896337,-0.22813365732119248,-0.7594106038447449,0.21014935189811068,1
-0.6449654381017389,0.23053840362871567,-0.38451581213175856,-0.5350682603304814,-0.6551865096878141,1
2.2843529858728786,-0.8009842197634603,0.24658919491734074,-0.3206734102773857,-0.6413665041216737,1
-1.0202939712778683,-0.8077949092069994,-0.31406634647344844,0.7699434341930371,0.44525518858407553,1
0.6377178876182781,0.868199886922152,1.009730739022349,0.14604180617420132,-0.14984031341675033,1
-0.4314122683533702,2.8635163670361212,0.7177386518607975,0.5313700378904491,-0.6204103083024155,1
-0.46496105079745503,0.15007592487800592,-0.20521141874165494,0.2028993899659398,-0.9983019065994474,1
-0.42000284958426576,-0.07831715263514406,1.7919858975470613,0.3847132324078649,-1.7707072764898246,1
0.3034013996548813,-2.1322639338445653,-0.6119049208192548,-1.172265141756883,-0.23824366124008717,1
1.711195365304715,0.5569008490721162,0.894700186983195,-0.474538553527738,-0.135158974900187,1
-1.0335558020872415,-1.282798863542135,-0.05467006996168153,0.4527700212167278,-0.23519850802015796,1
0.1576803474039335,-0.3621970445726146,-0.15961966332308367,0.4493454238458584,-0.21027422896771075,1
2.5910980697485604,0.8925835457432634,-2.0177758591790225,0.3270505959395265,-0.5557357840283147,1
-1.7998901203076696,1.9009645369092023,-1.400745076659886,1.5487525679883176,0.5700098706546382,1
-0.9304473999639753,-0.6146041643538797,-0.43759117917237983,0.7587666545594227,0.026343661671156118,0
-0.9030255785963852,-0.8365839785122606,0.7510347516177833,-1.5931255706560983,-0.06094003675473963,1
1.898527214794184,-0.4827524206602937,0.08369152777774873,-0.9638159310418709,0.9539005276928066,0
2.4983796389571555,1.1021826760156466,0.7360589768977459,-0.5185250620859456,0.271884104881551,0
-1.3263181112633904,-0.5780837531581117,-1.5791523639650256,0.32881863493617763,-1.1027001533174394,1
1.2552609356762399,0.9580471831768077,-0.4912271559541294,-0.22814457412520506,-0.903089049080021,0
-3.07896826023151,0.8955483085611033,0.07636564921868674,-0.8807575944357137,-0.6633909431365342,1
-0.5788168405206118,2.1866804272946707,2.0037879483982004,1.8575641265197964,0.007574773591690266,1
-1.281107880922573,-0.7252600106827364,-0.30090990826960895,0.23077136522485917,0.8716094567664894,1
-1.1145514365687008,-2.2383592328478366,0.41136886612180834,0.058569125500070006,-0.859304119915114,1
-0.661436734384182,1.7943223573050437,0.9177752892244473,-0.7814074484552179,-0.6244577185654184,1
2.6964386592545218,0.5600992636001885,0.5612263708726641,-0.34424063881369255,-0.2289820375760961,1
-0.7797305384057909,-0.40848011751008295,-0.6646768777235968,-0.13476564435831234,-0.8082794562476858,1
2.419442033680869,1.2492824141684666,0.9294573791384264,-0.7321908671355862,0.484408640804733,1
-1.2166832021140643,-3.2552976146394728,0.13643638881278242,-0.9427598124155857,0.5168379042396746,1
-0.6928066308252523,1.1850767276614829,-1.3898261791040931,1.4873389712519107,-0.21000832943566713,0
1.1371865399052457,-0.28602392299937907,-1.2567827642504368,2.4845739409168464,-1.5204402993154034,0
0.5746878450080624,0.7182652402094237,0.5739019228368314,-0.8151077510359371,-2.0784682115367517,1
-0.09173298091250336,-0.9172409663856219,-0.5921110923510944,0.0640678522078364,-0.33312047728156885,0
-0.17365768686114114,0.11281163414191928,-0.21826588030903793,0.28884620885391477,1.8887210923535986,1
1.0390622990273588,0.8714424028975566,-3.309143820542318,-0.33804062322629336,0.028552830045164894,0
3.1202942281947643,-0.34891396365220695,-0.722991544035428,-0.786458437012849,-1.2193404250779287,0
0.41345410793806586,-1.4319242895055715,0.14465031049180482,0.5027506553748089,-0.1720073232196433,1
-3.2896505272416463,-1.189152084567658,-1.098929118301318,-0.1824563250903467,0.09671153967752359,0
-0.4896416953388677,1.0958387485318393,-0.6917497291439794,-0.5562167251030343,0.21860430391848662,0
0.6373802383125684,-0.9604163764575118,0.6190191570002189,0.03011591238511536,-0.4942023193374427,1
-1.3988269944195897,2.1117951556506807,-3.132529558932319,0.8628552977654487,-0.293458253181377,0
1.4193938914485393,-0.02461036504819159,-0.6337264158567137,-0.39268494266194787,-0.4173153608326678,0
-0.8329225467381044,-0.5440075653377833,-0.4775467889112406,-1.3119503215182522,0.4503294540670996,1
0.14499776262010378,-0.8207030479101229,-1.9611618239145996,0.9840594887024949,0.27424125516052966,1
-0.45640741112332156,-1.196153120287095,-0.2606233405049778,4.775848076951524,-1.5312150758827996,1
-1.8973942274340225,-0.4042941285429654,0.1611173674832836,0.4547006592625028,0.23083694911118643,0
-1.234264587524057,-1.0734429850581737,-0.4965134913155995,-1.515968690099483,0.48990612224642405,2
2.974432232246729,0.5604854353521409,-0.19830068582577062,3.1773814554094657,-2.0353570160923717,1
-1.2898406446019166,-1.7280978133140679,1.0160819650728812,-0.07950621571697569,1.0894229603256056,1
3.092936650839349,0.2914965026114569,0.2714946783877504,-0.6490061578852503,-0.22606031654274716,1
0.13659054081791797,-0.8469552003243728,-0.27167186141136096,0.18550305378482373,0.32174652688708516,1
-0.6314762432046015,-1.0490754410550382,1.347876768786455,0.6035641405228903,-1.0340974533744565,1
-1.3468673111179832,-3.5823479219702894,0.4619887092030715,2.906422111285677,1.1733487739109991,0
2.5910980697485604,0.8925835457432634,-2.0177758591790225,0.3270505959395265,-0.5557357840283147,1
-0.7784266666660664,-0.5941067031218119,-0.9852496157098589,-0.1639926098859365,0.5584362383899522,0
0.9656757253035579,-0.7791737419008967,-0.7698783518906365,1.1260074524347345,0.2544279421655363,0
-0.5275479829890811,0.9730075443490372,-3.702721807862724,1.2859039975557405,0.06125084075457631,0
-1.3317692986488434,-0.5261775456316974,1.025455887024302,0.4119645230524357,-0.18268988899374664,1
0.40446154405311247,-0.9655467648371817,-0.2832659808236993,0.5440954118794524,0.14662468181948896,0
-1.497758160291122,0.8243043877977121,0.6728700354538787,-1.0010978216575133,-1.1464732869120642,1
-2.544020101870862,-1.3015094090474395,0.32663499894717324,-1.854716020774369,0.21932685889959622,1
0.3076120637009016,0.44078137352623803,-0.12598527801024473,0.5220274678026775,-0.5599128645786262,1
2.8243663370206815,-1.3256370591265485,-0.24152310325758672,-0.5487803590162957,-0.16187655244208393,1
0.1552905483877975,-1.1897999349321062,-0.01753152250109111,0.2702194794533658,-0.36770585968636355,1
-0.029681615231319444,-1.2907349458625386,0.125372718316626,-1.0243091924742413,0.4647440512519214,0
-0.5976077560696935,-0.14095311090737206,0.09426183824021808,-0.8542978784425492,-0.35872041959503376,0
1.4317838004407386,0.8811162660525618,0.25065374490098435,-0.5309465516499943,-0.8622264215658577,1
-0.05490668786995027,0.8559366706925579,1.149406548639961,0.47010016704718444,0.07398466895403286,2
-0.6843436837831899,0.7082225199544738,1.7586685760742018,0.37157890047599007,0.24601678089913664,1
-1.4743095573419809,0.7922327135030132,-1.8802298771608041,-0.44409510134788227,1.5096391085825709,1
-1.0117485259226853,1.6110898108655571,2.121046049476092,-0.6130245554753285,-0.1369917219049068,0
2.5419691467068457,-0.03079812514454127,-0.0030135893767090664,0.4531939279517696,0.01327977555847939,0
-0.528898993533483,0.3675540411604312,1.4311490487567244,0.5954061533448761,-0.7827175416833845,0
2.350812164201803,-0.811149625725053,-1.0539870023078186,0.6585558867869947,2.7545850290132554,0
2.113652845573275,1.0587836812619316,-4.363014676783114,0.584747911039155,3.4600954607900283,0
-1.1874236893680479,1.070513360275672,-0.8657105079666038,-0.20361492892376473,1.1695982371999436,1
5.048743051218362,-1.1914876937024954,-1.9553177617152704,8.192142407286111,0.9103905191895831,0
1.8000197870136256,-2.3158517525203717,-0.11259128432479545,-0.522986618683753,-1.5216385043023068,1
0.5525264443297712,-0.25594562855832853,-0.6275754752626806,-0.5071493493187028,-0.40669480942781217,0
0.16654065263351564,-0.062218672981963256,0.1645363977832303,-1.2297602207372653,-1.8350688673783957,1
1.4238791135232658,0.5209672903693869,0.5324621518866709,-1.1410469529639355,0.08614738570164476,1
1.048416178866504,0.8880182778604296,0.8911535486384287,0.39569392921574553,0.09358086833258827,1
1.3032737144401842,0.04438645803508058,0.1476010763870958,0.05337513333883132,0.5991217991061645,0
1.1744075863152488,-0.6168039603921927,-1.7488491469986436,-0.8096692193386651,-0.7172083700468227,1
3.0216628595627593,0.5261466501723573,0.5051155558505871,-0.8348714789712193,0.20943192038208067,1
3.1055591690761726,1.5122886674699487,-0.1529796505916409,-0.23208246222112539,1.6691922055639123,0
-0.6966191881315953,-1.5121498984793682,0.22296682174083965,-0.36739909149104616,0.8472781697060768,1
-1.1744445094750702,-2.310876614538518,-1.522349210440052,-1.6203678189128308,0.4862407049063203,1
0.20282920719750128,-0.3876165696820356,-1.6143335925862472,-1.3625973048566984,-0.45256733400711807,1
-0.9953039798286903,-0.06873358739705814,-0.7541231099299595,0.8865243915201455,-0.8138821371741332,0
-1.901578750706494,0.11358594845155363,0.5539053430222572,0.11267293772846523,0.6960723864570985,1
-1.5284282576112824,1.2902840155722672,0.9131892496292282,0.4214400186674176,-1.5920802106408054,1
-3.193801366015974,2.0364940206879583,0.7682637752008818,0.9204831479528861,1.9961878883171924,1
-2.612657592477528,2.1809070078461184,-2.3088742662504846,0.8995334543762741,3.2606608517953073,1
-1.2008838611689272,-0.8503076753234353,0.11160290465446204,-0.054141051967529864,2.045892440987411,1
1.5477268115680634,-0.28365862845289674,-0.8276466766241508,-2.107869891186451,-0.4465402830856634,1
0.6794932643023281,0.5922947091840622,0.6329174590321208,-0.15340602674234927,0.6719162244325854,1
0.017625157373711075,-1.4480892772131626,1.1567258603344868,2.248965140431634,0.058316257695601774,0
-0.15026563747197189,0.07918656261107654,0.18445517644170067,-1.081511700543812,-1.129552986723861,0
-1.3530661202002716,-0.905963316957264,0.6880082728069474,-0.0052042302521384315,-0.15650244588960996,1
1.9639077506276656,0.6975759487867056,-3.295186031573627,2.183279111256093,0.5511654109286317,0
-2.1585438794532,0.1743896646478048,0.4820038353721016,-1.1109448798010695,0.04768832295178875,1
2.7522635799707302,1.0588733349624597,-0.5826810141198688,-0.2604396865799282,0.6124307178383113,1
-2.4054519765132376,-1.7923203414536784,-0.7498269897449209,-0.7375894978264147,2.2079118625242096,1
1.6443821996373258,-0.9929256322399308,0.4558648674699371,-0.42469774111408093,-0.14189737290989154,1
2.2750871873017258,-1.8606605153735751,0.8572337612514753,4.193036938722955,-1.691648587445677,0
-1.2405035226996313,-1.1521488030602156,-1.6779056336976836,-0.8625995691480235,-0.8523874156971026,0
-1.4901952419731983,-0.539902629646987,1.2028851261269227,-0.3230411220705295,-0.15836288766694498,1
-1.0723472956209787,-1.4977446769924185,0.8283127480442712,-0.448421323906994,0.0006248953669812591,1
-2.3092163823987226,-0.5897929834051822,-1.3047356549963938,-0.5918892932610805,0.26373844763509163,1
-2.4209226233471983,-1.8983053507496985,-0.47265966948319316,-1.2706474987944838,0.7696143050715331,1
0.09122353897965174,-0.09778879208125663,-0.13297267830657866,-0.9356059014458041,0.09160053574417636,1
0.007440942019504594,1.085422775492161,0.04589579093430457,-0.19556398678442788,-0.44851197504312373,1
-2.080174764037082,-0.18024892658510444,0.4185749764776023,-0.8610930817445273,0.2503715774924246,1
-1.4611616522218793,0.5485973367167815,-0.22205282241006774,-1.3448482209255188,-0.01762642442143766,1
-0.7409427907319072,0.5188033461936888,-0.3163258734296102,-0.9421188080368762,0.7079044007772324,1
-1.1177907971899772,2.268627942895821,0.035010845331904364,-0.2917892400139932,0.6709355890890764,1
0.9807801726710624,-1.3450449827089834,-0.8060303378283314,-0.8797478272618092,1.3994707987632038,1
2.1969834287777057,-0.49198448218114116,0.8014155070549349,-0.379051301419648,0.547741887182221,1
-0.6900291183508775,-0.6921798159665559,0.6776569113770993,0.08813341557974459,-0.5709854516139139,1
1.4608619012042618,-0.7074891550687851,-0.376149646891994,-1.0161037979405363,-2.0517942426918463,1
2.388926796967316,-0.7128163565687902,-0.4113656524882665,-0.04338471217154454,-0.19413543057662222,1
-1.1579089206596542,0.5935095350285161,0.139473599223923,-1.5256431424588774,0.31125102558397494,1
1.1319982520620864,-0.1436599952538565,-0.6508079235648108,-0.7844400914886553,-0.38349929753980194,1
-1.6294509645548674,-0.3214713528893566,-0.026666134754781995,-1.2052372446395134,0.26364720113530826,1
-1.6796900358921514,1.4471868043907914,0.36976439670874267,0.2825446491573207,-0.6671625386422504,1
3.6508175498527806,0.9544898382409991,1.6899800438723658,-0.26839343888635553,1.1788313376651238,1
-1.8287360958179089,-2.20783098971595,0.10732499417884733,-0.04788226270242912,0.5575518956471063,1
-1.6326128499317296,-0.5985837801894854,0.17903994380866095,-1.4371274467658428,-0.007162321251410429,1
-1.0285221059300167,-0.35936534481045057,-0.6345246830352387,1.1555992806926534,-1.0833868351752154,0
1.033550879413601,-0.23659106261682142,-0.9937659906637616,-0.09292323552283309,-0.6978069581978167,0
-0.2035993323148614,0.8147321954783386,0.7797892112146388,-0.4983813399555479,0.7577811036554544,1
-2.73047862768322,-0.3631634851175094,0.8675586721644464,-0.8678869227209334,0.34639089520645744,1
-1.5736086666462183,1.355029876317339,0.07968608594549975,-0.517354718052647,-0.7644282958997785,1
-2.108771272151773,0.7796865844886046,0.6073736164556282,0.23185756953724015,-1.024692026644337,1
2.463272732543645,1.0128865527844682,1.09752487961442,-0.38073460188838026,-0.026568349578144818,0
1.444189581092956,-2.281291420038736,-0.5550446463959079,0.6039815370614404,-0.7627663938157636,0
-1.1923724904464552,1.5498478058557148,1.4611279125927061,-1.1034155478094687,-1.1844693819430625,1
-0.8699210834408057,-1.0065347547261179,0.5884979546662433,-0.3237953330281473,-1.3989385236911964,2
1.531882048103009,0.439462126785089,-0.08396532300565383,-0.41136676976071257,0.8020358328778356,0
-1.1005364543282907,2.3710005802461085,-1.5601358014331403,0.6810480196708594,0.8044089859235415,1
-2.5767096356332373,1.4109320122726712,0.014532979853053634,-0.6204537979527979,0.729766148489019,1
0.9911375503360021,0.4823973732267626,-0.17874085527479266,0.08686734801748974,1.0180002153613046,1
0.07184396310048176,-0.4517725576096113,-0.16266851967884274,1.6263403427989096,0.2815917707483796,0
-0.36352761984118825,-0.38053509457754425,0.7313103065995551,0.2628757668634591,0.6186258242499832,1
-0.8749014415119392,-0.601839504626225,0.8707476173900657,0.4225485443793283,-0.345522650014703,0
-2.339226222583098,0.05416427279885971,-0.1545646586281979,-0.7956844621449852,-1.0189546312142086,1
0.2586119135258621,0.7621472144545625,0.47391058700854294,0.44743174610183656,0.5700280104940586,1
0.8859917267103316,-0.13153786046040755,0.12660095951914105,-0.15922440493438078,-0.22993697017576528,1
1.4759942554671648,0.8430250559772219,0.48974909508013176,-0.8371441801920702,-0.1740035173253572,1
-1.0580084027756083,-0.9896548963583083,0.007163786014809532,1.1262968026731341,-0.6722753631559409,0
0.7312921994465372,0.414784393844656,1.1011139882898673,0.30392130265699224,-0.49623501941106596,1
-1.6648527786956346,-0.23103342147136474,0.6515134841090318,0.7951060109889664,1.2644765473799793,1
1.338156115945002,1.4328030202064503,-0.7057797387464325,-0.35625700523723736,-0.46702837407476316,0
2.501447582433987,0.5769488405031669,0.6018595988785856,-0.9565395480973485,0.0688332453865549,0
3.0308179217113778,-0.6570929196350557,-0.4413414362668603,-1.071042734561238,-0.4968126767275296,1
1.033550879413601,-0.23659106261682142,-0.9937659906637616,-0.09292323552283309,-0.6978069581978167,0
-2.415590166583756,0.0970552797231063,0.09860123358153366,1.537086486844346,-1.0159368368900594,0
-0.16979300670130276,-0.3526177963499124,-0.4454260091820539,1.536290162743652,-0.3053029756934445,0
-1.8642693386274773,-2.4644617450122013,-0.016337493103442055,-1.1647541094333034,0.995812992776594,1
-1.7924172100101827,-1.5531662981905727,0.743944027233048,-1.8873949593423247,0.2628134185705057,1
-2.505982854249619,2.151526320952841,-1.4696371472171121,0.760465822707744,-1.197198599251297,1
-0.743867175680924,0.8415721924903905,0.9276625182767583,0.4872132844463877,-0.4400837202015146,2
3.240272786732182,2.992415764476374,0.07607485944182826,0.9494838631152169,1.4888806308162432,0
2.3856381485809357,-2.147863191557263,0.9690319062497763,-0.6063794824630284,0.3600370943657046,1
1.1571157564992391,-1.206095670122687,0.24185361623435606,0.1487793988985289,0.6199899619049434,1
-0.9084539921504232,-0.7139121650445527,0.11713080838280879,-0.595957180055656,-1.0565267298107854,1
0.9409592933373797,0.4690497424332414,1.4662308197833676,0.8609564519670391,0.7330292498876114,1
-1.6367262622931598,1.4187395261575257,-0.8403404480827045,-0.7943039963970983,0.6090971989217242,1
-0.6568176800096369,-0.4646682504387599,0.2717692059557315,0.5370573562651051,0.08922412897439035,0
-0.7747655560186845,-0.6793877264477145,1.118943299922224,0.3539417235710483,0.8131496584779899,2
-1.6664439466117473,3.4290187114257056,-1.9855500399878279,-0.03399266699835683,1.886530069454993,2
2.8047793819810094,1.395201904964216,-0.22559545749024545,-1.6976808919190034,0.002126624079500533,0
1.467788829652162,-0.010102174468570835,0.6290351894957421,0.37012842409181607,0.14679818434699637,1
0.07383640776384491,0.8293190462016592,-1.3800275511367084,-0.0577176679919066,-0.40316334001304366,1
-0.8479601318640643,3.8472693481916695,-0.3467012572508652,-0.7396259436660861,0.046413402433104614,0
-0.5280275919482192,4.188782311953403,0.38314605275944613,-0.3065079944279347,-0.6374540521295741,1
-0.794150818665991,-2.0377077060923146,0.11336108134897642,-1.3074117442916586,1.4547459600461712,1
-0.5966083265522315,0.16452130013901606,0.049956528893714366,0.5982751364968655,-0.6445470801752008,1
0.20720992533248347,-2.6119881379161507,-0.09576839541621389,-0.6324676689130392,-0.24469083014669046,1
-0.4541620027569482,-1.2751241872842582,-1.2255641945289266,0.18621867257636757,-0.3608680658797065,0
-2.1118916301434796,-1.8012484049513855,1.6801950490131556,0.18191738448541575,0.6305660732724302,1
2.8396600397325207,0.8935425709849901,-1.4007259234134408,-0.6144466833351031,1.4075703158608448,0
1.7674500213164146,0.23572145612581902,0.8367374510030808,-0.33523893834417506,-0.252009226961304,0
-2.0885879340443414,-1.1991899657234648,0.12776304138817304,-0.7099247479130275,-0.04450791755734276,1
2.5223961981043646,0.8650046545860043,-0.9411387255534033,-0.30944489084765137,2.563595142818198,1
0.43081667064828894,-0.36501229345321956,0.05978405706738022,-1.312013634649514,-1.722338126224183,2
0.8334434988227473,-1.2134007814260528,-0.7454825964197589,-0.031147490915386503,1.0417407278843314,0
1.746181152705367,0.5174263350368892,0.5535152754958338,-0.39122723749238597,0.25152488741533874,0
0.49311828081643255,1.414351075641751,1.9038360245722903,-0.3680622680135572,1.3253367166552448,1
-2.757355668437731,0.4521971552184283,-0.4643016518190059,0.1935483902907876,1.3478586156995178,1
0.16213543393986657,1.0282448966720208,0.8213476436379542,0.5049107449976903,-0.3456596360680148,1
2.0709369279397927,0.6872469086512984,0.5575518039220815,-1.6058361571138628,-0.1451206383495459,1
-0.8028371437219812,0.8419652192683396,0.3950180187557298,0.18019526081692408,-0.187184134602929,1
2.639973060313239,1.190770963745442,1.61738547361785,0.6366108289077873,0.013097430448999995,0
1.4581952439801615,0.47821914813112554,-1.2456797553898271,-1.6137451867571102,-0.8852197380228513,1
-0.5128410726215055,-0.5648146246754026,-1.717176136497322,1.0646020360812263,1.269238202989665,1
-2.223835577150984,0.47861997910761067,-1.0654379381372996,1.2010470818171926,2.460563661332689,1
0.9630387948229594,0.9423262648986467,-0.3455397556493439,-0.6073113774457931,-0.6677578616848886,1
-1.7203477020489482,2.106480603538653,-0.2856078615584251,-0.004011039715938351,1.188327729073946,1
-0.1846365427280916,1.771377361639865,0.883881271430609,0.3012136141346309,0.32113788054033365,1
-1.7809263665646289,-0.7872560958191451,0.1434916012873484,-0.8381001304924808,1.669365343464003,1
-0.9304473999639753,-0.6146041643538797,-0.43759117917237983,0.7587666545594227,0.026343661671156118,0
-1.0927452702903122,2.01704697202468,0.8548913429074374,-0.7425095175080385,-0.9998061668638392,1
2.758846246812917,-0.27740123855148446,-0.4794243064281603,-0.6137885243499911,-1.1344494608536355,0
0.6503789384771534,0.8283316294749895,0.5301762894019814,0.7830376873212886,0.9950246708380572,0
2.4598024851575895,0.05111443967761705,-0.39613230695453283,-0.5805472341530944,-0.5177784847301761,0
-0.6971388390949667,-0.49430247437654734,-0.4956569265932275,-1.003374927713987,-2.1595618228700872,1
1.4761653366754608,1.370554527879719,0.9518524319791497,-0.014070729440284202,-0.28407982937992715,0
2.7513565179370874,1.3239224491717145,-1.122319035270434,0.8932412661032366,2.6258594055897473,0
3.092936650839349,0.2914965026114569,0.2714946783877504,-0.6490061578852503,-0.22606031654274716,1
-1.819195705431011,1.6024490114287533,0.6038772884409388,0.7509467219047762,-1.7632473609626012,1
-1.4601696001286744,-0.2795078328352089,1.6331709032567805,0.8568562914012963,0.6730105904980067,1
2.3856381485809357,-2.147863191557263,0.9690319062497763,-0.6063794824630284,0.3600370943657046,1
2.1728865409375224,-0.05565079034675474,-0.8095681767308549,-0.9277391678815541,0.22301648084982817,1
-0.8485447074365924,1.439124017208727,1.3591284803005417,0.931883005273662,-0.38651235105144616,1
0.06047029933531214,-1.1201460527815912,-3.782140731285256,1.1898213692504944,2.4946732360175683,0
3.5495197019951283,-0.7354909471159268,0.7611619489054443,-0.14951169908934434,1.3025273615034998,0
2.708057863306972,-1.8369690677470878,1.8472299673781363,-0.7398251601378113,-0.4960687817466584,0
1.8337381404445348,0.2955213824493165,1.004870319898925,-0.29625813143488294,0.26057003235822535,0
2.6180990656883707,0.5375127026917695,-0.27754857781577685,-0.8889060737744006,-0.19567207227120118,0
2.281138000170004,0.9307083443899644,0.9662186166510872,-0.4510536858868068,1.0481264502321272,1
-0.2812479477518241,1.4414591285519225,2.1671647366366913,1.2129512606730348,-0.9707671065310658,1
-0.6135299743632144,-0.6651024409651642,-0.3121746395496716,-0.10554595121618442,0.7087205788610749,1
3.2132505349584446,-0.8881533716690154,0.12262409143606604,0.023295299259701766,0.8001548503890453,0
1.47625183888839,0.7991234967844624,-0.7086709399744584,-1.1263227218007774,-1.0979579202571879,0
-1.5671584051687515,-1.6699462637055615,0.11589508782848698,-0.19831602776994844,0.8893196401408331,1
-1.8929665533253857,-1.4841177260135556,0.5464713624649352,0.20212994778619112,0.5335598438037807,1
0.551209072664991,3.684146030389036,1.4305433257259832,1.0879350124162537,-0.2815463174081255,0
0.025496617762857113,-0.019484342763409622,1.3328490936926407,-0.6199475857364282,0.3041609809354105,1
1.8299906001173225,-0.062365487043479315,-0.01789006293018461,-0.4705527352967075,-0.13828220622821166,1
-0.754831022604058,-1.015300471954031,1.549702279474934,0.5383496809844416,-0.03651465840298172,0
1.2509692143050801,-0.029632836590591776,0.5070528753043065,-1.5087941080799736,0.9907283047612614,1
-1.2610412595722,-1.5370513890485045,0.03701154164616775,-0.36801034013094336,0.33335410844000135,1
1.3231297835592435,0.6720579632486328,-0.42365424444347743,-0.587836098781836,0.2593466660127832,0
3.123412472655941,0.49697957042804364,1.9171247958254096,1.0739682251710756,0.6516638323231875,1
-0.5706203091384454,0.8720814015380873,-1.2393227759390089,-1.053562231629736,-1.3659828586799017,1
0.9942841693602876,-0.7867180795960929,-0.16963803756290202,-0.6529250136133213,0.7385048339680257,0
-2.6797725740660217,1.159025651081168,-0.1484986403073201,-0.4857364334335218,0.0941904792889883,1
-1.3087934972714468,-2.00917454249413,-0.06829404833043652,1.2194015858357983,2.146536854600986,0
-1.8994846972788395,1.0659075056974534,-1.777678624010408,-0.2830276484734766,1.0687938356792988,1
1.7502458293264138,1.4324989159362633,-1.3984325448258388,0.1081253899552635,2.312609587641913,1
-2.004597058647872,-1.3418487313739065,1.160984588703974,0.15455357932346162,-0.6755862138487503,1
-1.7409709776550057,-3.183963604876954,-0.29250325640049596,-0.3593932629034275,0.05136602670824258,1
0.6676592333191017,0.7700531170378125,1.6148539779827316,0.3072937407794872,0.8872487411821056,1
-1.1830026683965873,1.1086712336872273,-0.4934250334030535,0.7064681617125553,2.9748564912206503,2
-2.3976141625340395,0.7165245800011747,0.1261517884280245,-1.204564143486674,0.5291930576526669,1
2.142806623996412,-0.03983861968158609,-1.1970893143793386,-0.8685415591441907,-1.2416072935683435,1
3.080334228144536,-1.227465946823305,-0.45811520739387274,-0.7469077099181389,-0.6401636245935434,1
2.5246001773472595,0.46688461673139897,0.8591071677860963,0.09230551676548159,0.9767204018394945,0
2.3706411323472443,1.1144535089808882,-0.2796071236350501,-1.0780330934572675,-0.16026127351375405,0
-2.644425270677422,1.0101080572682652,0.29456471897877146,-0.008014090051643405,-0.7980195941451472,1
-0.5525969274357787,0.004539180574364028,0.23139863451373263,0.23283963921770184,-0.9896883483937766,1
4.123549126754871,0.6621389949882402,0.1808656802863751,-0.5454124891903861,0.556854408270382,0
-0.1391654562734964,-3.5886751573287197,2.058361372726844,0.7368931214936855,0.6150824872477733,1
3.9444059411212993,0.03033000211189758,2.055947284583255,0.5781453856145942,0.9239575468399361,1
-4.655154930375332,1.1294075346604915,-3.9389706883712963,-0.08082736508495987,1.2366386079187122,0
1.8000197870136256,-2.3158517525203717,-0.11259128432479545,-0.522986618683753,-1.5216385043023068,1
-0.02076197406271336,-0.11575176230350452,-0.43062786546608045,0.08551757484642795,-1.2816286664766132,1
-0.09506454927316188,0.6538327227462897,0.3131132599012993,0.8816019578572122,-0.49760805995288043,1
-0.21244305074617414,1.9624470107893386,2.5997960996203395,1.4581826837193215,0.4099352601810984,1
0.6910781594913143,-1.2494689113595812,-1.2250730681503668,0.2083259523141984,0.9990926270002749,0
1.222321303200899,1.9312325116915996,0.631705788636053,0.7784670801576327,0.04978383109777854,0
-0.8411864319088793,-2.0153614864809724,-0.30964055685766306,-1.221715056642098,0.9232647953876854,1
-0.025526461313993193,0.07987102850139555,-2.6950057793726434,1.2188103089028435,0.07819121568298452,0
-0.07180892927729295,-1.4477880477488618,-0.5083167352072427,2.325351960231208,0.943782292107119,1
-1.7280328801881653,-0.6511201165929497,-0.6334183491457045,-0.17542579833647565,-0.4869592689457601,1
-1.239010644221782,-0.2055379733577079,0.25468587311561236,0.9089435988359273,-1.3049702154720875,1
0.8925773924573787,0.21459431017679903,-0.9779585932427546,0.25642057358530107,-1.4755323635168611,1
-1.060250863082893,-0.9152295994270665,-1.9730150301799465,-0.7375485559237274,-0.011469189232905262,1
3.3274630286151603,0.08872437845320724,0.04565645682469628,-0.7490018658467793,-0.383205197784741,2
0.32112102918442914,-0.07445441846988081,-0.6809619219363989,-0.9111737719299429,-2.0321103992819105,1
1.5993224818099325,0.6616661678513993,-1.5962533242811456,3.8621394221553955,-1.1185569231663146,0
-0.2549577333165285,1.3143488779759094,0.23597445551039678,2.059591774780128,1.2944770942907096,1
1.1615081193821077,1.0964044764470042,-0.9300984741641039,-0.27129168072917487,-1.0340868136690982,1
2.0164367809392822,0.44947377200991795,-1.748108642648282,0.5494228441588754,1.3227059743950378,1
0.23043730155950587,-0.9858660981011521,0.07605297970345797,-1.733794775521562,0.8389859668633814,1
-1.2201690886294134,0.28869893382936257,0.07306557462139818,0.3936712375490025,-0.9656080118139764,1
0.7655728470777095,-1.4075690118539357,-0.9013343371285641,0.6348962272755095,-0.3330058777822107,0
-0.41784501941710356,-1.032029177099397,-0.8197896373820704,-1.5688501830351904,0.49433073568662683,1
-1.303344877669372,-4.026236250558067,-0.7182479014857103,-0.2482068920503909,-0.5945302557307668,1
-0.9364368571432478,-1.3306309704531256,0.7058221486698052,0.4162823358906733,-0.9154206954242227,1
-3.049658028766746,-1.637997017951006,-0.931455885591392,-0.36883004429452343,0.565202088138655,1
-1.5913165689221882,-2.7311683994895697,-0.8345061223942325,-0.275625567030687,0.5758704907431246,0
1.5689957634615885,1.4413210443575293,-0.7340982011953351,-0.36711265316413744,-0.020615199604859736,0
0.6053550806822207,-2.6685137534117347,1.622408077454766,0.013018683764071934,0.09130981050709805,1
3.205840003712981,-0.9620722060784931,0.1826198839873504,-0.2607874600421459,0.8647782973035513,0
-1.6055845933718036,3.267087139428199,1.6752569215967985,-0.7212150469055457,0.3652863109031959,1
-1.9359311336830263,1.6124579538743926,0.5111590759418333,-0.8658410746595613,0.7914903878547649,1
2.323611910461835,0.8839707162097861,-1.4877634082266769,-0.30778387560884185,0.716754250424966,0
-3.219724984883521,2.927736542496113,-0.5705629253806682,1.6627035910138408,2.744034144665163,1
-2.9266129352425994,0.8803152336765497,0.6415488555749841,-0.765082187589048,-1.273021882390458,1
-2.592972774834861,-0.7907082108856552,0.17678252096273778,-0.15500360300691418,0.9648262957621822,1
0.601118479425742,1.7203994497091042,-0.44146660612313976,-1.3108519867021289,-0.19292369674283277,1
0.8172799361323136,1.203541214939505,1.8643723283030396,-1.2274315210321138,1.4963311976525897,2
2.8142865168928166,-0.9207909516179048,-0.8842013247744205,-0.04979967042867635,-0.04793910963306756,0
-1.3696458821319824,0.04953342558386497,0.21470919796201712,-0.43776700956186054,1.5258771658421777,1
-3.245882702440823,0.011383505695504512,0.41076299620105833,0.23038476232637423,1.4906850471594066,1
2.592526566229497,-0.7751001727595096,-0.09286558268681012,0.05810777541273117,0.8257641190086022,0
-2.2766745881578596,0.7352370870602158,0.11804368910114696,0.44341464313087514,2.0860342033819363,1
1.0069163847677614,0.5630642108477986,0.7341705856251024,-0.4736607563701962,-0.9765258612404834,0
2.5563339720571854,-0.9563378614418075,-0.6817081526974734,-0.8501886639403117,-1.0629274847311074,2
-1.535377444622937,-0.5659076081641382,0.3838318578130333,0.49481938421700494,0.8532096684560104,1
1.5479042528549167,1.6300973594060593,-0.42654185788938154,-0.8765793400170221,-0.0037537528371207004,0
0.8462933188051599,1.4295387100971586,-0.31184483963221893,0.36676375588384813,0.6642053480996437,1
-2.778079811353707,0.47362553807211977,0.3447110192767736,-1.086627880871423,-0.38234618247753416,1
-2.0170328284008114,-0.6369989293346255,-0.3796387057274912,-0.632213462262324,0.43716262282651464,1
-2.0867660264659986,-0.7533813919689756,0.23409590836507746,-0.5076760113116464,0.5518581812635943,1
-0.7953127783898878,-0.2697357071296839,0.3736190531489123,1.5969573386408997,1.0841603041617582,1
3.0135738428099534,0.6503385187251726,-1.2467745603203728,0.3747663564347988,-1.3201518955550158,0
6.065591716640834,-0.5730407269808145,-2.6728187124022815,-1.4501665246530098,-0.46448928761748637,1
1.9294886682594619,1.0800734760351727,0.8866032667011327,-0.4655588763321752,-1.1626660388708718,0
-1.4656915820484893,-0.04763058607402123,0.3194342401617643,0.15057010354386466,-0.07421374206449273,1
-3.5920568187050987,1.9886650646791146,-2.050336490031426,0.6099256345448054,-0.27113207920308496,0
-0.6745224657523767,1.1672796048988003,-0.04674042786543827,-0.5732242736738301,-2.1755389280379913,0
1.5686428039551643,-0.35995623922296244,-0.006998643526123924,-0.13860893487637918,0.5524127685767912,0
-0.320233555729971,1.2991664879207387,1.4765182521034137,-1.4677775619399243,-0.18824164530803913,1
-0.5753117050873433,0.5380013149822845,-0.799644582328068,-1.2961787199589812,0.32465397641567295,1
-0.21860557441085096,0.4511260262057369,0.08133085102055955,-0.6053023975530267,-1.1457598800440416,1
-2.6346699211056928,-0.773968892315548,-1.6525972298339635,-0.983168035527764,0.07005198437773108,1
0.6320153322486962,-0.35231793827672403,-0.732065829230684,1.0637973524978748,-0.055514634110486356,1
-1.022460429114727,1.6035544194088238,0.4171966356883773,0.912041395864461,-0.29745937783370413,1
0.6810883104221228,-1.2702031634163766,-0.47028757019357664,-1.0691078532950735,2.077329249594713,0
2.2545561057692787,-1.104708212508176,-0.015682048189696755,-0.07185217937831588,-0.532904337028421,0
3.466758674147948,-0.3862247658037412,1.120880612514358,-0.2093104264497801,0.2378499301203892,0
-1.594174642951431,-1.062185408598693,-0.8105737363285729,0.46568269291255254,-0.46950598174562364,1
-2.0748016055101823,0.02837733791721607,-1.1860181176639786,-0.5380567722051528,0.41374613699365304,1
0.07392430066369375,-0.19897639855556679,-0.3264808887111729,-0.702374682612992,-0.7254750755019481,0
0.9826837961350798,-0.6948127261371481,-2.3334823805479776,2.40378762393244,-0.12015595589025554,0
1.2683747444171372,0.9546682838678616,-0.4192321675920032,-0.2038570608773726,0.3006353992149724,0
1.8306083174229313,0.9058235911865532,0.7396628597660935,-0.9192927194443127,0.42577895003510124,0
0.0954688015097387,0.3994782271376336,-0.4372890793230746,-0.5550522206143744,-0.8725612787883152,0
1.3381738835292576,0.7048988896074487,-0.6862485023667801,0.4063153392179305,-0.01364878114942262,1
-0.25301059112635316,1.0377378025433197,2.7210556957598793,1.62485129641344,0.7257099453359596,1
-0.054798560868155426,0.6525197605218472,0.11224858068737827,0.9972746792646832,0.16632914196852278,0
0.469465342210314,-2.018530202446213,0.25375841627958057,-0.3816169762787446,0.9101033919443487,1
-0.4044806743670396,1.782757960099359,0.12351147174597896,-1.0615755915815313,0.3101938677255853,1
-1.54254648430804,0.11848160645120782,0.0014239140926985362,-0.3247299951034682,-0.17828645537079807,1
-3.211912825422091,2.315859007811514,0.026483246851321047,-0.4421477869576808,0.6744746158031606,2
-2.7108565701590313,1.2603175573054997,1.1412654636348556,0.3053854193507921,0.16072121885799132,1
-0.5514517175517392,-1.0228514231678296,2.1495211771956595,1.2187187677298568,0.1757342597927954,1
-0.9450808997917115,-1.1914963911433136,-1.0108535011537712,-1.1188551443498445,0.7280951222745606,2
0.36649510088434645,1.359579294228072,-0.4307352379587301,0.3974020126313774,-0.7817225285826385,0
-0.21941442472080888,-0.16174984271903312,-0.272141742747872,0.26996152275296714,-0.8283530381397649,1
-1.216278784393214,1.0431091764464206,-1.224036802984225,1.0839843118745682,0.2328400654489227,1
-1.4542548299878657,-0.8122454299261779,0.6849707815104158,0.3646406837821508,-0.8009516735128521,0
0.16921750284836565,0.4094037042756657,-0.6805434007475911,-0.410722272169124,0.1574091333626812,1
-1.6875057811915761,0.49997671943664795,0.10723921998263936,0.7383913929199619,0.08068575918755617,1
1.030320157123445,0.9815730435349594,-0.45029784383426547,0.8572570844130429,-1.0465307216754727,0
2.4928172995422813,0.9908174129387268,0.8881272173476499,-0.5785267404238321,0.11317974431855293,0
0.6493993802093483,-1.1728088830980445,-1.5729151769827032,0.24285912445063762,1.5919993424617627,1
1.4211457111447634,1.3640527676839216,-1.0056085876342966,-0.7969155936975645,-1.322678203895358,0
0.7343575930706163,-0.3614799322460013,-0.47621239959958067,0.6546322462305533,-0.3030852749131805,0
3.4149759882051147,-0.18247784527957567,0.7893955998421657,1.6333132341294698,0.9768483332947527,1
-2.5526785557058282,-1.1696693304422079,-0.3545093995603843,-0.4654923227411191,-0.7470063682639606,1
-2.9321119589983113,-0.7092777934788091,0.03823234321311566,-0.7610989487535499,-0.16272093345682342,1
2.3321450391343093,0.9525459875870278,-0.5412887777408669,-0.39034339034608323,-0.06931619706693432,0
-0.22297623952872958,-0.44143839320179196,0.044883543961898156,-0.9992969390186373,-0.7837418706746793,1
-0.3782274082395892,0.39699695787040856,-0.35907096848826836,0.9468543195546126,-1.5669870178432659,1
0.45479652965867595,-1.5891193914344741,0.313208063533381,-0.9907595014621398,0.7140408202064897,1
2.8760902155124692,0.1523087934054207,-0.018606543015547452,-1.048911976691094,-1.2449698668968892,1
-0.6824358685299056,-1.2621524782088858,-0.3362331694509717,0.08571938303638682,-0.027649679053415598,0
0.7992747948536422,-1.508249994298591,-0.0623578179579371,-1.394392663502862,-0.4628058674647132,1
-0.6543648976840984,2.4543833905240513,3.544280320994402,0.8613282747612752,1.815079390379582,2
-1.439426382239809,-1.053261615156773,1.3108394048568321,0.5701987502417085,-0.03830243946854502,1
-0.15011964957874863,-0.4094351123863912,-0.18570048946841494,-0.8705893960842135,-0.8036008055391793,1
0.16856426783786757,2.020758300022312,-0.0473701271273243,0.6008580030744402,-0.04480662506419612,1
-2.7986077656250523,0.6211146495468796,0.047074767121742266,-0.34360937023262006,-0.21903213024827814,1
1.3412038230064702,-2.494772504870068,0.23679464453871488,-0.9949558652461082,0.37355974953211235,1
-1.242236518229418,-0.7324912794351477,0.9250551152169111,1.0916577213062326,-0.2821347729149606,1
2.773971194716141,-0.6124001133664081,-0.36493572464662716,-0.4023506810983127,-0.22191441011738536,1
1.870520607990139,0.3967619133433558,-1.681180458654364,0.8924613265052352,1.417428265075334,1
-1.9030117579977501,-1.1720626724434149,-0.9163789202691083,-0.9154619728246046,0.27619229863680844,1
-0.2641738147559606,2.829254774188345,-2.8810069146821022,0.984717440265778,1.4753068539908682,0
2.0461549938185537,-1.115172301985661,0.45992747693462277,-0.5396228756039329,-0.455618887439026,1
2.9000055097440214,-0.5891899039777928,-0.1005063323334897,-0.09067532811579108,-0.26238637222512723,1
2.162909651652766,-0.3546379408592309,0.48153124768539307,-1.3618265378621914,-1.6180916494213666,1
-0.4413813479470729,-1.8381233063902296,0.09548394124821724,-0.6008144769378491,1.1207522659140818,1
2.20718728350183,0.81704972834115,-1.4162538904165194,-1.0973999948522175,1.1799431601112562,0
1.9902127106784242,0.6819503577864766,-0.013415170779624123,-1.6648560924979179,-0.1810180866306055,1
0.467831813612483,2.861560198555337,-2.3782872667097252,-0.8493798479879242,-0.7406129411129427,1
0.5812673295729994,0.22381266342230735,0.8079977366119179,0.22923317923333542,0.12701510751116996,1
-0.7988504552558842,3.708965119133368,-0.3208024189525305,-0.7313993218837321,0.09677842497785628,0
0.6642198291144612,0.7944679033242885,-1.739677910137348,-0.8883428074683667,-0.47652695386806815,0
1.9321212544826318,1.2057772124077148,2.1121324231804706,-0.056722525578892145,0.029815252845807782,1
-0.11183926912167425,-1.870007071388015,0.9056494923557031,-0.07251922414661603,-0.7342537742528961,1
-0.8698370561540943,-0.6775205466706459,0.4742375833235365,0.7371310241942558,0.4170483518323238,0
-0.21377115934606386,-0.0012687660039098821,-0.5977966073441521,0.32749338073989814,-0.31423701737980153,1
0.9629163547557883,1.7778533883467593,1.482860432307035,0.573799397561261,0.5457332844887932,1
-0.616594508665476,0.779941965109799,-0.8824516407830139,-0.6645816064458101,0.16183053064635505,0
2.773971194716141,-0.6124001133664081,-0.36493572464662716,-0.4023506810983127,-0.22191441011738536,1
-1.6644552973050455,-0.8904085265323308,1.3085343797947637,-0.10677271229165397,-0.14280743874133367,1
-1.5652741655731965,0.8598490479652146,0.6996250206852127,-0.6034818382588286,-0.2467335352706488,1
0.637295650086106,1.0872516058195207,-0.3014322684879353,-0.08535758889158149,-0.19151984332038582,0
-2.751446350599205,-0.3980680418314608,0.22745973317130735,0.06542948605511266,0.34134220421093275,1
1.6932559658829647,1.194586249394989,0.07933129769690496,-0.8060254078959919,-0.229121508861126,1
1.2182181964654757,0.8737603639765834,0.5468782213740938,-0.3108299134243181,0.2519834003501914,1
2.1362153936771673,0.9725037519282566,-0.01304098999113625,-0.8488757672511055,-0.5998814839658022,0
-2.9221403319207604,1.1371095338166932,-1.419905614128627,0.6217908763537624,0.5312486372236828,1
1.2770014059341643,-0.3091580071060353,-1.3259056493458738,-2.010173139482126,0.5636969797056202,1
-1.9105208615343032,0.30318807079163673,-0.2811801170692173,-0.3249598864621638,-2.1749647430593213,1
-0.1671911045256917,0.4090866303541366,-0.131286867852099,0.07351307595480387,-1.121467848241371,1
-0.21736823160739396,0.7473052771875851,-1.0566309478713105,0.3508931397547813,-1.1720980631084472,0
-0.5539402544158267,1.028293311175256,1.928839874147738,1.2233493792428431,0.22880149665290955,1
1.2236791583395967,1.1854509520776133,-0.38472273076920993,-0.8912378634764564,-0.061323022915198803,0
-0.07279376691890972,-0.7386179723661104,1.341833962111475,0.41461639033610587,-0.49896437177736513,1
-0.09238625551759734,0.6389397193889621,-1.1515584783743773,0.7079325265872632,-0.7096084596018907,0
-2.7825795895089724,0.22842040811823572,0.2876422258167932,0.5603574176705096,0.9145114302400773,1
-0.4765606847046496,1.759687446006405,-0.0560648827660555,-0.7890485378420126,-0.31609110756989367,1
1.7015846476950014,0.5363337599966967,-0.1061865585210672,-0.0751587910386062,-0.1164830396405863,0
2.364087210060163,-0.1603844776800814,-0.9804064313927696,0.5551813956101964,1.6211188606151372,1
-2.24504323530035,-0.10640602997103205,1.0992468511997024,-0.6133495826071362,-0.2003819603987226,1
1.594961176772904,0.9419143143225625,0.4600629560528829,-0.1676238474935759,-0.13121401843528205,1
-0.9370166978505202,2.211166746305224,1.6219469443055827,1.0426571507280358,-0.6108858711756229,1
-3.5403724422229357,1.845315256167944,0.8912357263983829,0.7580084226292743,1.6209815319803378,1
2.4312162476626984,0.879175973409723,-1.1622109601219255,-1.1059261142339503,-1.6172473594803136,0
1.3581467634609345,2.0933844133686104,2.21089948889804,0.5506795652908344,0.30792630871751914,1
1.8251804648382446,-0.06345232315718334,1.864913426497843,-1.3127101399168486,-0.06953807262651727,1
-0.4458477753961254,-1.128862312495157,-1.0470343776964648,-1.3057309318544001,-0.19891169022089805,1
1.3623692621510934,0.598999320570508,-0.5865279623640501,-0.5082320075786056,-1.1316086162980514,0
0.3597908808417438,-1.1758161469932804,2.041136188499476,0.49900500980928547,0.6541756010633077,1
-0.11328710955322774,-0.3436845987608177,-0.50254419800176,-0.49957161239804077,-1.4776937018796656,0
-0.5995175866952949,-0.6085870883418757,-1.2969444977285185,-0.7153017701740602,-0.2657614929780869,1
-0.3101037966267616,1.3633325270089311,-0.31247156847886143,0.024007094239563095,-0.13806078370717648,1
-0.30405344911960724,-0.35727142012386687,0.3691046264391949,-0.9162373512912966,0.07840198954016422,1
-0.7614123059890155,-0.22389801585236702,0.10306021380539952,0.23604658980406074,-0.4586765590054235,0
1.980256092037949,-1.4464163070549818,-0.6470784288128751,-0.8251880893610954,0.16063244037330998,1
-1.543850078372065,0.2454993481714843,0.5420385994711576,-0.1991684747002671,-0.05662885837051327,1
-2.259944638405777,-0.5809032949177927,0.2340062337995132,0.19971465879143496,1.2070300777684644,1
3.019411394349778,0.7332274907825199,-0.1843940373739387,3.0518197702297685,-2.0052224592062804,1
-2.37889549762115,0.6310480300646699,2.2158410264761197,0.1621549656758043,-0.4446651543831017,1
-0.9223264528302648,-0.5445273340157513,0.645715885918424,0.5155960576540247,0.013199466823954332,1
-0.8471403181691588,1.1132580027680734,0.0430688088166967,-0.17840565939149675,-2.390851676722354,0
-1.8287360958179089,-2.20783098971595,0.10732499417884733,-0.04788226270242912,0.5575518956471063,1
1.4797717361076093,-0.809158271665703,-0.5886542642651292,-0.07963576508708564,-1.3390410964082775,1
-1.9068700371371146,-0.6383995564769924,0.4152794560474596,-0.8977240359793413,-0.12165041716081226,1
1.5244536897022025,0.7737362719084213,-1.1153754930574937,-0.5576171949782822,0.06201145155121787,0
1.4706474662245843,1.2106363006263527,-0.12023711160983235,-0.906780327526091,-0.1310049375000566,0
-0.9778427343450788,0.6159311448884814,0.9654256472369359,0.1316710299014206,-1.3372460517292362,1
1.0947678990656553,0.8889671347470743,0.8679109182715277,0.3660045409103632,0.09481625037102791,1
0.5784587226010983,-0.3615809926464669,-1.426436714001198,-0.912044163785894,1.768329985306113,1
-1.1939268891027315,-1.8912366419619666,1.0408888586110208,1.0592009448577122,0.4152480001665019,0
0.9863728970551771,-0.4433676758251922,0.819455330056124,-0.6840874588336997,0.24460339831171976,1
-0.9214775575280093,-0.2660990506156595,-1.5819864855672494,-0.07751471957173542,1.020050776443796,1
1.5169511167437457,0.5325334971171414,0.6164321343320345,-0.23612512563073065,0.468134203637066,0
1.4272365293992628,0.14333192194035851,0.04521911717031622,0.09222019684280076,0.21977396806690488,0
0.4697904656037211,-2.6934188644072634,-0.2225423859532822,0.5834428956932791,-0.20121037297873973,0
-0.9013946567834396,1.297204032600093,-2.101514306764426,1.6129901399655764,-0.23599047180459798,1
-2.6428177741841137,-0.5961736576838901,-0.2655345546905589,0.08944385972574925,-0.8302098523407073,1
-1.9266827718652604,-0.11678411514611879,-0.06721971427216483,-0.7311866001019361,-0.70569380026998,1
2.695016239180011,1.606711036325888,0.03618439288639534,-0.41703184951182143,1.1059354327033444,0
-0.48518331847508633,1.9655451324518955,1.5263440616957662,1.6653788675452268,-0.566616093185621,1
1.436521872911942,1.2663620860146159,-0.5161663314495577,-0.7748475299547957,-0.43211105967031466,1
-0.8902456237025224,0.41548976791136166,-0.47364116278055346,-1.3790248689808648,-1.6419794087222765,2
-0.07717730829272075,1.0913864913783322,0.6713315868339232,0.17769014027932414,0.5133258889158338,1
1.8895253202210662,-0.6963504414532236,-1.1949751872149557,-0.7270199352728676,-1.3963968611748863,1
3.0392716184904263,-0.4898452618381421,-0.06352737224853242,0.18845404640478675,1.279249913547062,1
-2.2423267869735097,-0.35897561650533705,1.1419916610939518,-0.3602402979260314,0.3743447698191159,2
1.2421810725586575,0.8729365534960865,-0.28862922275287806,0.14056043773828447,-0.7031448587567946,1
-2.3164586745197755,0.6120476303015406,-0.5228268479906161,-0.18525866158010545,-1.9614971415169828,0
-0.2214484776874932,-2.135070857796265,0.20605578348988948,-0.5048283790148507,-0.359740759487374,0
1.4512268241953599,0.7492187350529901,0.17885745192658256,-0.7126569461356864,-0.7033502115558198,0
-1.0738599561871756,-0.49261142833456034,-0.020252263124737026,-0.14440518078355774,-1.1687158788629914,1
-2.068650377732751,1.798399265401636,-0.35853636243521114,-0.7419987606135132,-0.6822532465699606,1
2.3244497849909895,1.301183634363406,-1.1494682197693131,0.04957698899801041,-0.16353042928341122,0
-1.7586972632644078,-0.1484856185885234,0.8819946825463907,-0.11597804293754546,-0.5806771920562768,1
1.838073850747315,0.4886529842188657,-0.05313420725364899,-0.8667997818294253,0.9624741782096744,1
-0.9903382347450984,-0.178929863582567,0.8878982112119318,-0.015316220239676753,0.72555553016184,1
-1.451262515546754,-0.32340510157420754,0.6152775103609396,-0.1073282223924309,1.312409661803571,1
-1.2802391950629466,1.8228762653492698,-0.10361177954761823,0.1797282816099464,0.8231620453522374,1
2.2167361649935224,0.15274965827046352,-0.06077803299400761,-0.8728953544962454,-1.0671994684030062,1
-1.6616294372623932,-0.6691204217702064,-0.2631038179085606,-0.6008611260576658,0.18793798751051952,1
-1.3132678917997664,-2.2898162564358784,0.8099637051772752,0.18342503570442317,-0.24489834337992827,0
0.10107073659000859,1.038661108636547,-0.23575006212029131,0.4554269641373488,0.7725874116441623,1
0.21328419198356963,-1.3812404276596428,-0.6872175443350337,-1.2729039354765257,0.23511240887088095,0
-0.28324334283523034,1.212507303237418,0.21047987153046266,0.027402749235587293,0.7826471408134565,1
-2.2653976507061695,-0.27620009541976864,-0.9195869076635191,0.25966204542212074,1.9810945353952447,1
-0.6130434500133798,-2.4121042486762465,2.478233004401904,0.16040128673372941,-0.06321216584207699,1
-2.035344600957268,-2.626456066943511,0.4817841000045243,-0.7346959549016953,-0.45796498603628266,1
-1.2317418292480045,-0.5051871430775985,-0.22523582652753835,1.4112300993067626,-0.2594929336444108,0
0.8309429661919674,0.18192798097757915,-1.3266494516420422,0.22644179488664526,0.4478500646803559,1
0.9446957487532309,-0.5574315000815576,2.3138870182369815,-0.8948598717076043,1.7717395528538122,1
0.6426140899135595,-0.863088667201077,0.7492061222386797,-0.683320647334396,-0.7162313201486729,1
-1.8785449411456796,-0.04501092804426519,1.3128818702898037,0.814779203807863,1.6807825937238607,1
-1.7093612711657753,-1.1400318681919668,0.2962927369604468,1.2724305582338238,-0.1138533581188518,0
0.9186704703442473,0.4933540073013672,0.1400746608370592,-1.0979455003690914,-0.5357875640856664,0
-1.7167586612454315,-0.5480971946057104,0.036466205009930586,0.0032308912957577274,0.15813013874213244,0
-4.270654512725075,0.7131785683370389,-1.1064519173317897,0.47646171683212174,0.6560118551348804,1
-0.32046870419660145,0.6570152433709733,1.1919149542080096,0.3038654881939414,-1.1610731075449632,0
-0.8681701463373912,-1.0465494034314307,1.3606460757947831,1.3505213855870322,1.1683390929250856,1
1.2237050857249272,-1.9457699693975095,1.1032301320547606,1.1419300894078712,0.5962143450661928,0
-2.2684301243176157,0.5050196355423733,0.4060533137819403,0.3909853137265584,1.0830640026604366,1
-3.1280208814798303,-1.1864665128087506,0.3015343012735669,-0.2510107469507532,-0.40714842840579035,1
-2.2684301243176157,0.5050196355423733,0.4060533137819403,0.3909853137265584,1.0830640026604366,1
-2.3214789824764313,0.13425925479798811,0.3796820984210883,-0.17533798970476286,-1.3878757758488973,1
2.639973060313239,1.190770963745442,1.61738547361785,0.6366108289077873,0.013097430448999995,0
0.04228498444343576,0.7022408523564696,-0.08511797268395935,-0.1184949931015702,-1.5269894414738714,1
-0.8485447074365924,1.439124017208727,1.3591284803005417,0.931883005273662,-0.38651235105144616,1
0.3061323818474583,0.17299334496109192,0.4605545144222132,0.24646893534007797,-0.15920898792283933,1
0.14889432521115245,-0.6803115235622804,0.8654952505059066,0.40367062604850484,-0.4425287126229637,1
0.8865591477237503,-0.3123215504107543,1.6107826672119172,1.6665911824006518,1.2362314943777433,1
-0.27081789008559914,0.7416176252857228,-2.549385719711966,1.4046802550223738,0.547260983723771,0
2.5563339720571854,-0.9563378614418075,-0.6817081526974734,-0.8501886639403117,-1.0629274847311074,2
0.7986808470086635,-0.06046992499454404,0.3576973425179408,0.09297148681428301,-0.15363720670412523,1
2.9392255639756697,-3.8908820349520767,2.1163108242733943,0.5746127885513636,1.7452368419897433,1
-0.7333141493034809,0.5383618511435511,1.604336295139461,0.4793033357299859,-0.0954086144713243,0
0.9629163547557883,1.7778533883467593,1.482860432307035,0.573799397561261,0.5457332844887932,1
2.069388272753632,-0.6149380198222747,-0.4425085612069359,0.2568836480688256,-1.1068495907886513,1
2.1531623029391977,0.08354368794610173,0.8124502437135112,-0.3189555070211738,0.6951808625751289,1
0.7570832432763576,-0.6897265586419746,0.16214554544860832,-0.0058748478555789565,1.1197201831405816,1
-1.8900465845813668,-1.8577108231695183,1.2817811317726855,0.5356766750959348,0.3406996429031303,1
-2.033491840341504,0.23371858253250238,-0.9425965625814362,0.5827583975893434,0.2907475172328074,0
0.3918884014091304,-0.24795772449974507,-3.137460931030157,2.2992227863320194,2.1514166205565073,0
1.4237205922137046,-1.4827691045187696,-0.8241693161365118,-1.2850923726963328,-1.3898224482163621,1
-1.6008022038971381,-1.0158396441197874,-0.22698624751274796,-0.6759632888345638,-0.44342924660994826,1
-1.199268187101691,1.0695498274980932,-0.8628416581188112,-0.20743666207514125,1.1787387184232978,1
-1.2313374821596825,-0.021820068883812195,-0.5596910790327133,-0.27804170997300587,-1.3320228427953515,1
-0.8979761433891023,0.34016712189250514,0.7726103887636563,0.2560726447340197,-0.5427341042663575,0
0.008623467479811325,-1.3277553946107137,0.45558559139225663,1.207017429018999,0.5478745007579603,0
-2.973105897920136,-0.1872422649474219,0.505601254809634,0.06979139832061587,0.6090345850003811,1
-2.3514746698131836,-0.12353287897070513,-0.5390195801746663,-0.5896246169139601,0.9544208666347203,1
1.4477571990847298,0.03874852370871966,0.4452923984425049,-0.16020985761599232,0.3568919501922972,0
0.8854263932732225,-0.5397421637458422,-0.42739939776392577,0.2673982685526862,-0.17892753993497335,0
-2.004597058647872,-1.3418487313739065,1.160984588703974,0.15455357932346162,-0.6755862138487503,1
-1.6878519132984593,1.3684000952055801,0.387298644799068,0.7020406205084895,-0.4169637466408687,1
0.050850679409691665,-1.2222430154251278,1.1215642799365089,0.03644099943580285,0.29179004913325074,1
0.7814921651639586,-0.30975255504789545,-0.15428689905782905,-0.9235600675282041,-1.7121605871182177,0
-0.12601953718656073,-1.1355820568701853,-0.5063633878404615,-1.221151984829623,-0.8733704257756817,1
4.772243707334931,-0.7206238812232468,0.49924830800944286,0.0653028866944302,1.0479061460232737,1
-1.1795873905655707,-0.29483573338939045,1.1301176507708075,0.13432791041932793,0.9282366313029558,1
-1.5899046054191437,1.2517347948701474,-0.3124046497501372,-1.5940731712301646,-0.8387048822950197,1
-0.7632204883345777,-1.3617034712402158,0.41601701063136765,-0.29217647107717376,-0.5112332573978176,1
2.356442376818163,-0.5251083219639588,1.2500833545745536,-0.9354919918293787,-0.32425559637382007,1
-1.1244200538796942,0.9997086916419157,1.2739261156686528,1.09235856182867,-0.5062807995997036,1
-1.9882849126602866,-1.7221223710203464,0.16906480200517615,-0.6759612634723419,0.09943389768242863,1
2.1514840162782756,-2.6883045555541414,0.8206142897222759,-0.3020865251892126,-0.7285240453877339,1
1.479213641364776,1.078852266685743,-0.7368484048708465,0.5119390021797244,0.9078913758993595,0
-0.3926053588227052,-1.469724171542865,0.7614364674524942,0.9360203772972389,-0.7414848843533086,0
0.06658309202444662,-0.6557174068730346,-1.2735386093547711,0.6419483655768293,-0.9323588206712656,0
-2.06707407815342,1.3367733389772298,1.1415209842126877,0.9720668114923049,-1.425971110226063,1
-1.9856572049248347,-2.484752056810808,-0.9066617189959477,-0.25217644905941816,0.6020708273244805,2
-2.6975646474190507,1.2743222962935221,0.7470805353446385,-0.009967943077533093,0.7099525560280636,1
-4.084386457984842,0.2438497699918108,-2.4636396618388274,0.7117901444722083,1.3125179949645978,1
3.481254082695458,-1.2749629995253773,0.8132604957113958,0.11309085219164282,1.5175925649496484,1
0.3963687688610351,-0.6903216916947583,-0.19511328567917136,4.333902905607257,-0.9466962554035698,1
-1.6319912205381022,-0.3832439688886068,-0.8028176437013665,-1.4005104505403292,1.0729238770290197,1
-1.6699463950969278,0.5189353558446023,-0.4002408652116662,0.6270425052852889,-0.21691873935575381,1
3.5319053180248576,-0.9401815952809044,-0.5936894313375223,0.12982577593783629,1.2112440945715317,0
-2.4234876847761333,-0.5190964701465722,-0.7113345890754447,-0.9472156261065363,0.5747913739401265,1
1.7240413207964447,3.1738069541490854,-0.9730157099484485,3.08489219805498,0.4815629527182991,0
0.9937449668062726,0.7811723685564307,-1.1150323629327334,1.083930679502489,1.290668841755814,0
0.6484643435260751,-0.6396242995164463,0.45456870266375066,0.6591685904495662,-0.021297583029605587,0
-2.4747407034511104,1.181686002252996,0.13669217199462788,-0.6553652123413204,0.5867938296850949,1
-0.44702344343477024,1.1233793647047319,-0.7903623051091456,1.4977976604693364,-0.5138041283790106,1
3.2371860181108323,0.25417739654562954,0.45098929309320324,-1.4494769814108657,0.34146583586350304,1
-0.4893634951462651,-0.06430130891121676,0.79642206580519,0.2554498002876103,-0.14366415195499707,1
-0.042851912933289625,0.9411637050919124,1.67921625490086,0.6263967598093468,0.7655356127538371,1
3.080334228144536,-1.227465946823305,-0.45811520739387274,-0.7469077099181389,-0.6401636245935434,1
-1.9319519780821706,-0.5479817694917639,0.8816664154523507,-0.1230077250348246,0.5503214759038026,1
-0.14515666052813841,-3.903757701086895,-0.11582240117891432,0.7041899069365336,1.311263220604225,0
-0.8300995619904571,1.405719998424298,-0.3525710792584313,-0.4712934134537553,-0.7511477384403955,1
2.408484882176635,2.0936529924946963,-0.9341723466048824,-1.3004940573098798,-0.5833174068997342,0
0.33899553105193303,2.7525150601582404,0.05180970442605666,0.5548295916850451,1.1382506676028181,0
2.588746762217644,0.26170475820683603,-0.6608465330515157,-0.07483576459645282,1.298345794338833,1
-1.8199553685762366,-1.4873866671240492,-0.08279806140543869,-0.31198379128727116,-0.34328978804581034,1
1.5408279417363175,1.4493984325747826,-1.3232967433472143,1.941564470896949,-0.645699004049091,1
-0.06881659093012736,0.24885554974545096,-0.13565354632537585,0.8003153090987425,-0.32014768014464895,0
3.1268036626263087,0.1082477999657351,-0.7319398772513277,-0.42485544029599265,-1.0784937428455477,1
-1.6823203753158602,-1.2611546375349172,-1.3155138977559726,-0.8822832444966467,0.6177221665491404,1
-1.243374835196807,-0.5707922773222183,0.9217399632811092,1.555025297625946,0.6384543406153307,1
1.7846337735179154,0.6417672633750046,0.912591349091612,-0.004118557446419917,-0.05363209694638557,0
-0.05639579475470562,-0.6751358210024498,0.05552686878613761,-1.5731560121850077,-0.36471258271381607,1
-0.5181744237472874,-1.2124908092573985,1.717667049523343,-0.642475724378006,-0.6913315651401261,1
4.643808748805678,-1.0824923861747324,-2.0721656174153105,6.020731873669902,0.10805920325594653,0
2.2294539107395823,-1.6035286652039678,-0.8938679282935422,-0.7952204078820677,-1.3963397335702412,1
2.9490151585204196,0.9445162213796865,0.3893445317484045,-1.2209371090557046,-1.2714341309829327,1
0.1590032715678293,-2.0048889124931524,-2.2939777643051316,0.491344363011077,1.6733032594990145,0
-0.4444616620755792,1.2377457478736908,0.24594286064257043,-0.5365486123696968,-0.2545179332764525,1
3.1924946217978163,0.14733073456445198,2.6487484847667284,0.42629309626667133,-0.06797150591239351,1
-0.846746868288014,0.2911071351459805,-1.9046357720083282,0.9340398010073213,-1.0223226191618036,0
-1.7132544593417056,0.7189199131635706,-0.3718109366537285,-1.4430790556566977,0.1444520684877027,1
1.8791574336192933,0.41057593914710955,-0.2062845316224313,0.7717924425601256,2.2219765700481307,0
-3.1660936002120237,2.760111649252245,0.40597298269557847,-0.8624598977947475,-1.15275195279913,2
-0.0630718082455696,0.0910545909817225,1.4212960344806649,-0.013965859308284824,0.9694707833222878,1
0.9475121343440278,0.37545749059102485,-0.09796217706999365,-0.20503719977879165,-0.4889502090629095,1
-2.8235161610773427,-0.8644315213078781,-0.3029899013685516,0.7308233001124673,1.4487897442074884,1
3.204776354299198,-0.2075230079528778,1.09907318065299,0.22478230612034475,0.3064557450357555,1
1.5932720614893996,1.2462509127065124,-1.1864391244182704,-0.9349521995176358,-1.5446411064433088,1
-2.1055630512394403,-0.926898383596732,-0.4991963288667604,-0.06448180722637634,1.9368950895830033,1
-0.7538736021303407,2.3534532943906745,1.5198302375228359,0.6579270638951469,0.13734789389958713,1
1.044248511702354,-0.9523933543996431,0.35290096665348636,-0.34123706260192366,0.4488202681142553,0
2.5760857110927153,-1.613397628697933,0.15348759714448612,-1.066268611348343,1.1699239227899871,1
-0.94537632749353,-0.3750040197003065,1.2510340835030718,0.42855948329559923,0.5177705350134918,1
2.7140090959712624,0.666756386441772,0.12925428405403885,-0.753665757849202,0.5754359830420632,1
-1.008329559117399,0.20758179190386986,0.23287830334529055,0.5355492345372396,0.9046149724740419,0
1.1127820721679749,2.090346229105198,-0.4970007687642689,-0.2009132830342212,1.1550847275448306,1
2.2409908263862772,-0.1218005071350015,0.2530149276872303,-0.5222880439145817,0.5240284034008448,1
-1.9818158536875479,0.3458504382420131,-0.2748904506711886,-0.22662866586716468,-0.32562447992418675,1
-1.0843170403698708,-0.8747146753820058,1.1755569280823628,0.5606351085410654,-0.1546015921371453,0
-1.4817083627183971,-1.5227353991049044,-0.07963359115163243,0.2832762362648278,1.5511203371943754,1
3.171647962190751,-0.47819051400987306,-1.6775313922702544,0.2579974907069669,-1.5313241602943344,0
-2.9997216050525815,0.9911264752516971,0.19254954367500546,-0.4653468621919284,-0.4766085335444205,1
0.21046593094895955,-1.2477751509713766,0.2532364725560499,-1.2782726797770712,-0.04337479087646507,1
-3.094097336153552,2.55353561848934,-0.5272379240244729,1.4301448923042301,2.5642937061405333,1
2.1674767921954663,0.9810242347182744,-0.8705482133700504,4.119972933388365,-2.040367341605961,1
2.9490151585204196,0.9445162213796865,0.3893445317484045,-1.2209371090557046,-1.2714341309829327,1
-1.4243613558510089,-1.8613314631169244,0.9960320281615976,0.29885887664077826,-0.027997713449976733,1
-0.7065792138340062,-0.28882365725553333,-0.11693074444188425,0.01695576642664451,1.1604096345929142,1
-0.580682738989493,-1.2268034733515087,-0.976359947950457,0.7498305240190459,-1.1439917346999318,0
-0.6844229647816804,-2.480692299111762,-1.0202362976881527,0.7280725169176475,0.25649252563545555,0
3.1009429058089584,-0.03515102179916019,0.04849349694922308,-0.4262309335078792,0.18742142406669302,0
-0.28168728937938037,-0.5663203510658487,-1.1602162784135086,0.42839806579946027,0.4483617064328181,0
-1.4564185527183968,-0.3702680170683352,-0.9314863245531629,-0.7000157573097704,0.08895306954852501,1
0.753934297287226,0.35224938992213173,-0.19103553282002295,0.10609657042780157,-2.3752870064721043,1
1.9827039104072735,-0.19448889352743076,-0.12618856623045646,0.09713284996177839,-0.060053352605099836,0
-0.2764126753753836,-0.4440839908141415,-2.333983861660964,0.8332772208422411,0.7748996214608942,0
1.5508591981636684,1.2519244821739697,-1.0678417341901083,-0.8258088316992053,-1.4920277475546189,1
-0.35310749728730945,0.7393336566859379,0.8307196442011586,-0.5412553126751083,0.8820622121341308,1
2.2545561057692787,-1.104708212508176,-0.015682048189696755,-0.07185217937831588,-0.532904337028421,0
0.5401384782072556,-1.5903295890968032,0.09895791334229782,0.006302718628203611,-0.2607955072925748,1
-0.4441499084775984,0.4039484863109839,0.6665449166439422,0.0710770530758716,0.13686298650643403,2
-1.851850380722909,0.6178141866690559,1.3129150955781104,1.484329894946394,0.1779128810337528,0
1.8452948050913043,1.9722343238330964,0.3320596087500877,-0.5749549444283242,-0.8267059905350714,1
0.5295672341977868,2.4117796939304266,-0.4319559601513122,1.3663027334474054,-0.9633129091178728,0
2.1100600360343775,-1.4535883195827888,0.053014772074255825,-0.34669566062545865,-0.3105175811530845,0
0.5712352381055975,-1.2245899329346868,0.16322495047661784,5.73320240498735,-3.74480286394459,1
-2.70452885495228,0.3794564052343788,-1.5935435871695487,0.03721270996204548,-0.5761837130905988,0
0.5063135501373585,-1.3660859862307546,2.053989151645472,-0.20111989324506052,-0.4886211797936055,1
-0.16400988375251493,0.6466260898544487,-0.08283793890090099,0.36341807036575563,0.41749357167257845,1
-0.5856320507327037,0.20226311997726432,0.3168946189763562,-0.791279636598101,-0.3212401519879129,1
-2.3531829396668216,-0.37433858194833036,-3.3678837583309105,0.9156291061142688,-0.5277347411712568,0
0.32671479690163363,0.29541145334518937,-0.22996896086783888,-0.31736748605694126,-1.5232636578256509,1
-0.5952704947902462,-0.07223868948056779,-3.2366989931894574,0.4731710932696272,0.4278830164632414,1
1.044248511702354,-0.9523933543996431,0.35290096665348636,-0.34123706260192366,0.4488202681142553,0
-0.2620231251577624,1.4305769558823032,-2.279868404792193,-0.04562263892929633,-0.13241000978105694,0
1.017169942727291,0.286148846086472,-1.673407586795059,-0.39665837204406695,-0.7065949016188622,0
-0.8874230073509789,0.9338804533718071,-0.963647468445285,-0.6790763264043339,0.43550886658145355,1
-2.0057487099242417,0.3597053547656334,-0.2775397963370494,-0.30753692050018494,-0.014096739900909566,1
-0.3453222475486321,-1.5214335925340556,-0.0966908410437032,-1.2269173183271602,0.29146874876801204,1
-2.1511326995210323,0.4823481134802837,0.06369068581025578,-0.0025016860494061614,0.5625228003911182,1
-1.516909173607982,-0.6411220508876482,-1.2312645797853632,-0.507276754569634,1.0606029902375234,1
-0.21542941510289146,-2.4323116161679774,-0.017892176681798044,-0.18232808596751213,-0.5841682487329936,1
4.6179830604286645,-1.3531041433744628,0.4402371506872479,1.635906010989949,3.364400716072147,0
2.8617584447866897,1.778199246608043,0.1132616083833968,-0.17041954530924103,1.8915366395571633,0
3.313593641692607,-0.22539560337789707,0.33725285931503773,-0.10405969044715034,1.3196115322274045,0
-1.6677678196664283,-2.4552118053069676,-1.1344098787941332,0.28954037671610827,0.5591973985990175,0
2.7252338361791333,0.7127757295284588,0.4798576905906575,-0.7253317756295478,0.9540568461950408,1
-1.7342840712450758,-1.8852675792666962,-0.8545151695477349,0.231755396839609,0.030467147364952735,0
0.178372164902515,1.224497592205179,0.5158820713656671,1.0628862734872937,0.2601718873792311,0
1.2002209111311437,0.8678450581591031,0.5481772450550051,-0.30400914756006053,0.24486341661593847,1
1.142721461379847,0.8799192383343676,2.152850655075439,0.49913324659468616,0.9008551883669842,0
0.10320975929903968,0.19399233282847436,1.6267960037084273,0.03573168820553071,-0.6836601000135504,1
-1.242236518229418,-0.7324912794351477,0.9250551152169111,1.0916577213062326,-0.2821347729149606,1
-0.5575231796992678,-1.6747578796167422,0.8234105548523547,-0.7759731030899297,0.6210070019775258,1
-1.7240532244858944,1.0475280693344302,-0.9319686014385872,-0.21798417472109766,1.1248131896418325,1
-0.9186800508191468,1.240013784880047,2.567824317653887,0.48189051318707155,0.1592594175216179,1
-0.7879722365718063,1.1332270766082035,-0.43472861435754373,-0.584519472558221,-0.9070478344692615,1
-0.7068549900928869,0.17786512468121096,1.2704017504078875,0.29587436425562547,-0.039224203346901965,1
-0.973288379161044,0.9655476893024462,-0.9099406708425732,-0.4657612209682373,0.7120750592739888,1
2.012850223743191,-1.2147747539212985,0.7561378262318372,0.05209594213137216,0.9213491118052077,1
0.5454644374226859,-2.7779997954211395,-0.7416310386601743,-1.3462542621511262,0.4088917549990472,1
1.7491257685925163,0.704471162206956,0.5152279059308198,-0.5533485220979287,0.5085694044391506,1
2.644261798576893,0.8335595011582334,0.421752897771289,-0.8140943770273488,0.1304263374367713,0
1.0542111170800048,-0.27882810340771114,-0.5012687005715397,-0.7253931639940405,-2.2268893863522323,1
-1.9856572049248347,-2.484752056810808,-0.9066617189959477,-0.25217644905941816,0.6020708273244805,2
-1.3801065063529372,-1.1886386407271043,0.8419396510049622,0.7287796893374731,0.28114578804365314,1
-1.2804753800088693,0.700424996277765,0.7493762637153562,-0.1831900612822956,-0.9321568836970027,1
-1.3306333566591195,-2.5130796342489465,-1.1414873132501904,0.8008998044565999,0.2855996602530516,1
0.5803147306334262,0.784090808007869,0.47428443308211604,0.8551925130563488,1.1176355526394832,0
0.005447844266078863,0.5484936312644186,-3.057217190087758,1.8473702392049902,1.5062402042984864,0
-0.7110427730877575,-1.5500636529286196,-0.6502169422861998,-0.9681318224413992,0.4693497071946011,1
-3.1998574875712236,-0.3018850707898753,0.22347063131692815,-0.8881892746860222,-1.749089648666963,2
-2.4392056623572613,0.28196440221667174,0.2814209767960194,-0.14433624967840883,0.2933268359660527,1
-2.7797060760554286,1.5370206815575185,0.34643910249750504,0.03544239466182806,1.116932575843973,1
1.2002209111311437,0.8678450581591031,0.5481772450550051,-0.30400914756006053,0.24486341661593847,1
-1.0008997989158168,0.5431013941221015,1.5296039467555123,-0.5396523554862644,-0.6573805681509927,1
2.9549245908498616,0.10174388942125162,0.35979501915952833,0.2934805268648874,1.116337274812824,0
-2.1471610175191347,-1.6263676720971751,-0.6455955515042352,0.28365185785729846,-0.10605361725551479,1
-0.6019339901475208,-0.1313851495447216,-0.48378356823417556,-0.23062478273563605,-2.4039480235615134,1
-0.8817261115156368,2.3835057858744935,-1.0014840701766707,0.5038070854962605,-0.1415071690916712,1
-0.12839786487319077,-1.049355883469774,0.008673368788186605,-0.500310939677955,-1.2255915413473408,1
-2.7807203495773307,0.4175759019429442,0.1358879146104593,0.17067734406470014,-0.5799250816753697,0
-1.7300480979486987,-0.4841779244763491,-0.5051655780510313,0.3199079400943842,1.61774778335999,1
2.330406232994315,-1.298595762735513,-0.05385533587392736,-0.25890193266137457,-1.1210799004891308,0
-1.6454749476010704,-0.05881281686237072,-2.2865319427546615,0.42944712485432945,-0.5593217720055659,0
-1.2967542387637878,-2.562933317784547,1.7492949475012012,-0.2741445413546252,0.3239007399310851,1
2.8977414430408146,1.1544995660745234,-0.5059858448099269,-0.8441399254021268,1.252148311209459,1
-0.9098264079851056,0.5023323139090744,-1.1043117581985098,0.18414204927130007,0.4522961228173042,0
-1.4595622324320083,-0.016015564864765325,0.6490306383479858,-0.13891087427891988,-0.21603640410787747,2
-1.3533054497800572,-0.11069566429841418,-0.12810481561387665,0.35661648191231526,-0.06300077578471751,1
-0.8618741059741908,-1.8880769658131304,1.816811652750808,0.5051554705666641,-0.7111337118673954,1
3.1915771868353238,-0.5176625454087616,-0.2610858391937512,-0.810168799230034,-0.3957764011834148,1
1.8601731536580062,0.22078948838245066,-0.438465027005907,-1.0027677925654452,-0.39107102906082214,0
0.16188016101022026,-2.016487471650197,0.10275250478995235,-1.2242868721428177,-0.3834079728055993,1
-0.17491550996586047,1.3117555453118546,0.3977102701303665,0.6006770166263199,-0.148594425801829,1
4.641822433270951,2.1769827446743752,-1.002475392197516,9.58626385696062,-3.315103737785925,0
-0.3406983169703332,0.8012850822688333,-0.9428307216858037,1.6088087282700432,-0.3216436349391546,0
-1.9060880932346047,-0.34346556081583607,0.8911129731323854,-0.33625053813005595,0.5957217515020503,2
1.9741293933073933,1.215949275619646,-1.1297525113963667,-0.2941962692761541,-0.8082904643130209,0
0.16326280548750335,1.3610664481025043,0.4845079461934332,0.7306530316041459,0.3937450748977737,0
2.110501894199319,3.0286469073086693,-0.55258719127702,1.6175480893259948,0.5167101674542999,0
-1.8401716088378643,2.4019827409058085,1.8964670349049426,-0.19933261178600492,-0.36944470326320766,1
0.7852396889669037,1.2786036986898102,-0.5323526058371709,-1.0055248070579241,-1.0755222360175811,1
-0.7110427730877575,-1.5500636529286196,-0.6502169422861998,-0.9681318224413992,0.4693497071946011,1
-2.5837714715377937,1.7868740389123923,-2.3697034629005276,0.7809382615876665,2.4540819009994963,1
-0.6732672973383472,-0.17322258208211472,-0.04571053011256474,-0.8419625257169372,-0.36083647576937844,1
2.392259212586112,0.007667580939977137,1.0040600446194525,-0.8597970265707972,0.16386165663975452,0
-2.4043764009414423,-1.529919993857094,-0.9702081795904143,-0.01616662852818337,0.7196049884306877,1
0.06658309202444662,-0.6557174068730346,-1.2735386093547711,0.6419483655768293,-0.9323588206712656,0
-0.24749272117767684,2.260337157533358,-0.7677650517909965,1.673884720094693,0.6535622027882662,0
0.13438416131179268,-0.1619878591154811,2.278955871468245,2.3393396117514262,1.1996786116366398,1
0.6295233895037262,0.459384040106574,2.1196139275078383,1.1898445248224099,0.2919442799581482,1
-2.5171419854810644,1.3131161114160248,0.48387683289354255,-0.39729898209216874,-0.6135359814383826,1
-0.1698321749842199,0.7808098513455642,-0.6223904351641726,0.5901140754103346,0.459553707463177,0
0.9106129126586006,0.4605064574489104,0.013048248640587502,-1.3343613377300085,-1.197541669001439,1
1.479213641364776,1.078852266685743,-0.7368484048708465,0.5119390021797244,0.9078913758993595,0
-2.0538722600656794,0.5483613966026739,1.5119405173667642,-0.10144547578911493,1.5717386856402342,1
-1.0250530546419934,0.7022689195158688,0.05773463840663171,-0.3707550182624899,-0.19361857610163508,1
-0.3443533850166321,1.104579981579078,-2.5304729809766267,-0.23423713699029108,-0.1778901270676476,0
1.0771508555048301,-0.2129105994107969,-0.8223806778573726,0.08986107456980835,0.38986408426879293,1
-0.21876232528590783,1.120520384587342,-0.26153643877369526,0.376761317955198,0.43213057238723646,0
-0.8983001653753495,-1.5299198086194348,0.047940350973536404,0.12571651816641186,-0.216081191112229,1
0.9746664523359844,-0.9877420651893611,1.080839124528593,-0.8620196905016225,-0.31017634012897294,1
-1.1662249727138472,-3.2451306853558535,-2.5005125144051954,-0.31590758693371923,2.093774462959305,0
-0.9615806973667964,1.042106352580347,-0.12248418457581516,-0.7223334995240814,-0.9437908120329622,0
-1.912091379489843,-0.5406039479322666,0.43140334983978973,-0.6262148699990449,0.0713688755863794,1
-0.8115415101361634,0.4733738929142654,0.7422500929449294,0.9685815801456905,0.056112651762033755,1
-1.2313374821596825,-0.021820068883812195,-0.5596910790327133,-0.27804170997300587,-1.3320228427953515,1
0.516875379137816,0.6455179895123718,2.0134440434887693,2.4826612954262903,2.3984444065552095,1
-2.7407149891224933,0.3397967547459677,0.4242911508129335,0.37822722771787365,0.561125239235736,1
1.382519668440735,0.35804208216111305,1.1802352974439594,-0.25513566046153907,-0.14296035744934976,1
-0.017589541970506196,-1.8653611804714432,-0.4978319045296259,0.9744938897815956,0.1344828642157799,0
-1.6446272521311178,0.25871472236595805,0.522577217198015,0.11193843351264166,-1.3494540882829846,1
1.6194318484096821,-0.6848611052432886,-0.2991730531753775,0.47648653089533494,0.20100861055226857,0
-0.7957082709513507,-0.39682404401329574,1.2215897977941645,-0.2717479370985605,0.2077960045183796,1
2.2843529858728786,-0.8009842197634603,0.24658919491734074,-0.3206734102773857,-0.6413665041216737,1
-1.5702758896773292,1.9121690225808303,-0.9895501208301196,-0.6469859514294228,-0.1755177503153584,1
1.631084236414505,0.332753867378984,-0.7732169021462525,2.570376136986079,-2.0884951059240797,0
-1.174935758516825,-1.4334479469968995,0.4644576407948691,-0.5286397525672908,1.2065067306822972,1
-2.5838674208232035,2.160973002937183,1.3789137075211988,1.634014203177381,-1.2869503534318898,1
-2.1962150507985823,0.17540461304166544,0.041932912274967524,-0.0316327108053295,-0.8558802950197579,1
1.0737241689715642,-0.03743142719718625,-0.1125781102062569,-0.033635786727514674,-0.7355935368373117,1
-0.9639748503599316,0.7612265407078579,0.46775826035519324,0.4493393749367672,0.04724628309929396,1
3.085052279824796,0.2049574888195363,-0.6759062945156931,-1.0463358759978225,-0.4339572616454663,1
-1.4883226609090638,0.7315927897943614,-0.855061191113521,0.09295313927090842,-0.19428561458029273,1
0.8037516010661895,-0.8919202802798405,-0.00586144760060179,1.868778131952121,-0.1667511636410286,0
1.7074427951332534,-0.08818514581267134,0.6507266581956738,-0.41135750780400265,-0.07518979168060952,1
1.1139326854985554,1.8426795159784422,1.7153385684474711,-0.5685259728295403,0.9237732897651254,0
0.25029706235545046,0.6619820090779853,0.3675658549582936,0.2741235885127891,-0.0016612528799830862,0
2.221098190782859,0.8777294276082046,0.05815883961551028,-0.09730715910908458,0.3130971703896247,1
-2.570892639359442,1.9690104813696563,0.07758388525765136,-0.23584436429315606,-1.394319221295583,2
-2.2903800412207227,-0.08253708400966708,-0.13556863016860807,0.8030495595300475,-0.13367098258765123,1
1.0046299180027962,0.24959677105422448,0.4131444828152479,-0.27870823814650886,0.009953034123052255,1
-2.0633993524552303,0.6927304556847564,0.3541155434595829,-0.15424167793311028,-0.7967172414404576,1
-2.1427016669042773,0.5988002082228436,-3.7489080859681305,0.4594325460833774,-0.042606901296888613,0
-0.14701114692059802,0.7186630414449829,-1.0181430790583859,0.5755657680437178,-1.1364120748480588,1
-0.21751415709039787,1.5541697973303676,0.5996043773461476,-0.33440609314504127,0.34582817589719944,1
1.6605439321320976,1.112604074489781,0.9551980543583402,-0.9576607013792096,-1.412735760405963,0
-0.16446807217504492,-0.11387067871370757,-0.1760225309101769,-1.1089334796656694,-0.5229744867759534,0
-1.326871414183204,2.8728455558568773,0.048700389455196696,0.6011933809919304,-1.2962666483056997,1
-0.02880896440092269,0.03714761387604098,0.7677215320291876,-0.4560827935550671,1.4515237374427625,1
0.4385980155138359,0.6527437808729138,0.9897981092982939,1.3392931967062225,0.44169494816818566,1
1.9644375053624568,1.7608555712320668,-2.211206017934081,0.43323418428391725,1.6684868287750365,1
0.42955754105098565,0.8149688981539546,-0.5809047869098303,-1.0938838317568635,-0.811098900151443,1
-0.7309031753467325,-0.039830273589468064,0.14917810974615428,0.3474843422258445,0.7998339040785716,0
-0.8709282925029552,-2.2369608264871017,1.304495699896897,1.1942451002485626,0.2001787208254326,0
-3.2382233362869273,1.4699999455632542,-0.5517769183288012,-0.3902942409497721,-0.5250703177434495,0
-1.9906239674037451,1.2162322918800603,0.06462531321112036,0.5436638225108626,-0.604708905250252,1
-0.07816806776430213,-1.4103939882017051,0.22753362006195507,0.30804399620922995,-1.4365930532575548,0
-2.1024671276723472,-0.6901931832944597,0.882221413016806,0.06482192502710546,0.2842336947334925,2
1.5285577326070812,-0.5476592500109189,0.3067618279948288,-0.580451824016221,-0.24605474038418312,1
-2.253151570520862,-2.6150732566281683,0.5594316476808784,0.49015815706705923,0.6625307262940358,0
2.418513771827948,-1.1508467459980984,1.0000736835953403,-0.8545639590309987,0.07514948296245644,0
3.092936650839349,0.2914965026114569,0.2714946783877504,-0.6490061578852503,-0.22606031654274716,1
-0.4019486349655824,0.1123164028436361,1.1192354478401156,0.6415429637034369,0.02695540826539748,1
0.5476109074370945,2.3710739543130295,0.451345407273536,0.3196619833374467,0.054532930775022935,1
-0.0394139368978676,-0.8807000005025422,0.9880937183713474,-0.2948343605356827,0.13111376615749104,0
2.453538888549844,0.2199338145533841,-0.4404504196374839,-0.5454370694356894,-1.226866748345013,0
2.888859512686162,1.4618754619251966,1.1796844930603354,-0.7704566231587668,0.5312360374030461,1
-0.6599068545649097,0.13320411185250094,-0.4711708119275269,-1.26479616563467,0.5198556245807657,1
1.6612629474089922,1.5631230053311251,0.7772467290446367,-1.3585847294924425,0.0588360502483734,1
0.07338834970031512,-0.37352718531283163,0.5747792967261985,-0.8013320096379897,-0.4916905087396285,1
-1.803230618662936,0.7349470852986526,-1.1366744299303952,0.8445097887775269,3.030756148136251,1
-0.9488376929125751,-2.060528178845073,0.6979542649009332,1.5057170178798296,-0.05808380914096756,0
5.369979688482816,-0.26348416403177677,-0.17574877577106493,-1.0056960435589115,0.14655910369009884,0
-0.682904421362088,-1.4917863785918735,-0.7327467786916922,0.7371993509447753,1.601522977545036,0
-0.6549784224590638,-1.6700204559799603,0.8095692093106334,0.7656526982558242,-0.0438901607313924,0
1.5106906738966592,0.2542330358699992,0.8185390575748015,0.43176816184710776,0.08854267894496803,0
-2.0842855679725316,1.1768992564683012,1.3926749581651232,-0.40627321849440506,-1.5404265606295204,1
-0.7134523081159725,-2.92218034209522,0.2573290738137026,-0.8745376792843237,-0.036690655442972994,1
-2.3157359690846944,-0.6113710506478078,-0.8350175789679871,2.94937004906896,0.8478916805955479,1
1.2352706921439018,0.23608481655237992,0.42914052536161595,-1.142789799825317,0.34758347959142855,1
1.1744075863152488,-0.6168039603921927,-1.7488491469986436,-0.8096692193386651,-0.7172083700468227,1
-1.9901528302467055,1.0898378607699153,0.6167500011912036,0.5450735869841338,-1.5121592183024966,1
-0.846746868288014,0.2911071351459805,-1.9046357720083282,0.9340398010073213,-1.0223226191618036,0
-1.8909111362619901,-1.7347303222334283,-0.344774374797706,-1.2403386659291864,0.184852044095762,0
-1.555231188773621,-2.943146598759075,-0.10884265564769816,-0.4202910771055852,-0.3867185152040412,0
0.4517432794625696,-0.5209118164385242,0.40903224848115394,-0.22208217920583512,0.2107207875860714,1
-0.7730647651843616,1.108347765218672,0.25673922771905655,0.9059885623531476,-0.41376908398441015,1
-1.9561847979859486,-0.6798129105528355,0.8182084449258339,-1.1614985710606442,-0.2184894951619495,1
-0.6831673866712743,1.3137230556206614,0.35845768594852734,0.07341149586863027,-0.7488966681036848,1
1.4109985440731687,-0.15919296448820572,-0.09821290214986435,0.9079149906703544,0.28190542521697926,0
-1.3848320814702684,-0.7839213246962361,0.06146413414336539,-0.4562724011434272,-0.3682714810748901,1
-2.2154258361986034,1.093737441327101,1.2536527725924207,1.1260677864421884,-1.0800691987220552,1
2.4977495233524967,2.010646653417507,0.5299618345610714,-0.9847463042246531,0.4422325521926944,0
-2.9444806450515957,-0.19960257477095583,0.1198713418438356,-0.6124667712356652,-0.06776537255446768,1
-2.7324044782185233,-0.3721739987601673,0.3777017998536683,-0.8681571814307131,-0.3093345655777503,1
-0.5283240162051384,0.9085329293291278,0.4561126726044032,-0.4323925830304751,-0.6715772115004315,0
0.14606833783652218,1.0970749994231903,1.3429222110623509,0.5031960169174385,-0.13043008166713466,1
-2.136854805099687,-0.9910024901202077,-1.6139270353579247,-0.45612561566881915,0.47235165878269203,1
2.5760857110927153,-1.613397628697933,0.15348759714448612,-1.066268611348343,1.1699239227899871,1
-0.8304728919970567,0.5806067604520762,0.8375649406225372,0.860884445695695,0.3477643198263879,2
-2.438098982219369,0.3418982127027908,-0.25390107032291864,0.10174753543132742,-0.7355224832600966,1
-1.7600662235695932,1.7551984172375208,0.0327495831083737,0.6740803001501435,-1.684082925020641,1
-1.1177907971899772,2.268627942895821,0.035010845331904364,-0.2917892400139932,0.6709355890890764,1
-1.4564987773670017,0.7656725831777019,0.141573066184244,-1.3765425422536262,0.641877454959506,2
-1.0288441035497802,-0.9947447351764763,-2.3359331864752995,0.06926610519500735,-0.9174286406615624,0
-0.6036780437479687,0.41013758811606077,1.0234825172236328,0.6930892523117619,-0.38334914403904763,0
-1.7440717961334964,-1.2931034782778479,1.4006208366526043,-0.3392541005373156,0.703953000192845,1
2.895080637788232,-0.608043845040507,0.5137356708153706,-1.3166592004290587,1.049477628171605,1
0.2933052170664648,-0.5492253600518707,1.547751711325364,1.0534387720293963,1.2055185426340826,1
1.902517115925837,-3.183523679678493,2.5457802394482965,4.059735070631108,-2.087673539775889,1
-1.482424194689771,-0.6326324140575585,0.09785646838970687,0.37912983256708954,0.8581591808612657,1
2.0561506178126656,-1.8264682536962829,-0.5343970601426616,-0.5571439865875133,-1.3175523572969128,0
0.834624818684102,0.644591987155333,-0.8414816910679553,-0.4119192715111324,-0.0019716821699912925,0
-3.1517419088684453,-0.23822195210988042,-1.6512775915014295,1.2758979716006722,3.0607485388197118,0
-0.9883109463680838,-0.8794746228978804,0.1410227380305866,0.7213050320243541,-0.3263322187771871,0
-0.7495976717506637,-0.05140914922305391,-0.4676450095703214,-1.0364143414829692,-0.8168106226704643,1
0.14325918432663745,-0.40309192677476613,1.0571052954384057,2.2202339790757732,-0.17869204142524175,0
-0.23570818701178048,-1.1334686799864304,0.5663084752268239,1.5438266118105908,-0.02934687229783423,0
3.092936650839349,0.2914965026114569,0.2714946783877504,-0.6490061578852503,-0.22606031654274716,1
-1.3011282198511882,-0.9909068516715351,-1.5351056873778732,-1.0328286892866154,0.7158981276977819,1
0.2949649212822986,2.3110225397012263,-0.23102151194854764,0.12091377092712183,0.8620283805027106,1
-0.06092336016688935,0.007795224667528835,-2.2115931264954196,-0.16871017664058455,-1.0215256460586783,0
1.6506479145456132,-0.48091184772063067,0.4286851028771296,3.4148972758761613,-1.4100888077330502,1
-0.22587983596353797,0.20456247348205397,0.002176421232819204,0.21864051628469763,-0.03772742718034435,1
-0.4375252464955773,0.47599558009467785,-0.03486259671093659,2.220365380972508,0.4274206967491217,1
1.5248688063645033,1.1347924223588155,0.5369995507973291,0.48300283262560434,0.6555741358826201,0
0.26412578069234577,3.983728817421901,1.74599405712054,0.6492410461905281,0.05811584454481355,1
-2.4275230056567616,-0.6128195631282557,1.5197738512658,0.2843448600512442,-1.1985223261190423,1
-1.0527685016803239,-1.0735625275291203,-0.36499479740841384,0.44360902240167477,-0.19018745685238436,1
-0.4265355738955106,0.40230693132132334,-0.22740288935908778,0.22512928894744139,-1.107981859428346,0
-0.7656391388847329,0.6250843923207846,0.3510327570501492,0.09437813676443327,-0.01795844803143914,0
1.524584019916928,0.5941906166899085,-0.21240836832127133,0.05762874267484098,0.9411198146288263,1
0.9014935998543968,-0.9635176581540991,-2.5065613430698224,2.0306579670137364,-0.9831156392740275,0
-1.644306768573267,0.9598993896510003,-0.17962964491451325,0.18347793733925216,-1.6512622942495263,0
2.6382483639524223,-0.30052243410206747,0.18454605047213346,-0.32585531451639044,0.09218816354126147,0
0.6958277871104558,0.6154283299802108,-2.5208240427948145,0.4868181956661765,1.325809629280145,0
3.085052279824796,0.2049574888195363,-0.6759062945156931,-1.0463358759978225,-0.4339572616454663,1
1.3009774499497693,0.03550481150909287,-0.045160732294487936,-0.19955390676385173,0.5092516393429715,1
-1.6299957892124455,-2.102971342142152,0.826079037527505,1.2037700318294602,0.06836373699059232,0
1.0958585043650255,1.2550640984215617,-1.3034574566421013,-0.002693628164268259,-1.1736338109271105,0
-0.8018347350497249,-1.1784759103866314,0.4055864655266996,0.14374149450038745,0.3799933929233148,0
2.2811108791235055,0.39754890149483546,0.46884756660896215,-0.6003203657828545,1.831939253823761,1
1.2846125450794472,0.9567255570036549,1.5208722276508464,-0.06536877368123604,0.07682924902475531,1
3.0039557420272387,0.9530310431473203,-0.8985795463249173,0.5823213410187932,0.9730175156360298,1
-1.3921289167088875,-1.1790354642295455,2.5994603594302537,0.3230023310634685,1.5758883684244116,1
0.7779958490779036,1.1495174486752608,-0.4764584570197924,0.04405945776664744,0.32302499898360515,1
-1.0931780937048565,-2.469758700099246,1.58522397516192,0.33111191672459694,-0.20123881967400245,1
0.9807801726710624,-1.3450449827089834,-0.8060303378283314,-0.8797478272618092,1.3994707987632038,1
-2.2457742696918848,0.49566286083121047,0.7161767540984763,-0.33810843036939264,0.08880446405508188,1
1.8863110428891967,0.6384231309805005,0.883292742417025,0.3427742196011699,0.11546738959281079,0
-1.2373637789333833,-1.3652517388486045,-0.5492701731103351,-0.3571848397691578,-0.09127351558484245,0
0.6830662732035285,-0.10751093544236939,-0.32464424700324407,0.07799565575117613,0.667282073074106,1
1.0010697722704083,1.1823344986854383,0.39886359351105777,-0.38199859412486614,-2.350657314486776,1
1.048416178866504,0.8880182778604296,0.8911535486384287,0.39569392921574553,0.09358086833258827,1
2.3556775960817626,1.4366189500490463,0.20681246117618426,-0.7186511738263138,0.07621294174857124,0
-1.3375637075443392,-0.4490969421221931,0.02741478675826002,-0.20533058350282468,-0.44458823708445677,2
0.5763649232956869,3.403446004219057,0.9085670591854044,1.746061867897611,-0.040132353383619486,0
-2.530471553458906,0.18632381244456947,-0.4877248625172209,0.3226182092763044,0.8513042447504874,1
2.126727733820873,1.0220567746044884,-0.08007052505775092,-0.6954752828577829,0.2582805772251144,0
1.3810357132835918,1.0104687330693662,-2.398796889043791,-0.031951418189950724,0.18634638025507014,0
-0.6467280000833732,0.4103210227687452,-0.1044509065475075,1.5866244207707458,0.498665359740647,0
-0.6037711672397564,-0.49547335955825955,0.008976441619212135,0.07865422269498724,0.7018297719890001,1
3.5853094337606057,0.27924374162394466,0.5911743906222974,0.5937463310220193,1.0755540942105744,0
-1.4705062759517196,-0.6153505246507416,0.45050944406892657,0.21898641145753178,-0.4745323256289845,1
-1.2678034599500694,-3.3740932474910115,1.1306415029288808,-0.17646372775811606,-0.08242464873139822,1
1.711195365304715,0.5569008490721162,0.894700186983195,-0.474538553527738,-0.135158974900187,1
2.6546765311804035,1.0857828259252367,-1.2318556665943075,0.02491693160735898,0.3713884540638812,0
-0.7493384819031553,-0.6853431270155714,1.224967416460361,1.0019781638936072,0.06107788492139516,1
2.388926796967316,-0.7128163565687902,-0.4113656524882665,-0.04338471217154454,-0.19413543057662222,1
2.8290231365778884,0.5096425146262403,-0.8317822365119055,-0.5038726153065074,0.36313612627509534,0
-1.1085296473589743,-0.15411653689457833,0.5846652056671824,0.9050014312089992,-1.5597934942879208,0
-0.2601364085240271,1.869308951011666,-1.2142702991442031,-0.8298538792146481,-1.7690417015131525,1
0.6493993802093483,-1.1728088830980445,-1.5729151769827032,0.24285912445063762,1.5919993424617627,1
2.9302517534985304,0.193869134091189,0.2217372234655457,-0.6248203384095098,-0.34328158645168766,1
1.2139518560538753,1.3553829755600695,-0.3366374905981757,-0.42131961168399673,-0.2875248480556296,0
1.9922894670182936,-0.4446416834861721,-0.6015095821069185,0.15694098689229705,-0.49942890988124417,0
-0.4340569468235959,0.7326137785485961,0.2502048974656325,-0.21453378967333195,-0.9348151761550519,1
-1.7830306177084658,0.2337323324645159,1.7624417130053547,0.37925630606892674,0.10042156319883157,1
-2.9648210265406396,-0.9149853372044453,-1.9153618161572656,-1.227895915949055,0.25881997558053743,2
1.444189581092956,-2.281291420038736,-0.5550446463959079,0.6039815370614404,-0.7627663938157636,0
-1.3711547660745427,0.48209274821986453,0.019653535206961073,-0.41427406250760346,1.0375791511715264,1
-0.4929451603710748,-1.4411782933998518,0.19456665117552432,1.1922710100148197,-0.9298976501440778,0
-0.32046870419660145,0.6570152433709733,1.1919149542080096,0.3038654881939414,-1.1610731075449632,0
0.3507130758645379,-0.6944046205243423,0.24875232574569095,-0.36408805704714053,1.2911456799267815,0
-0.7954245042470738,-0.9557836004364723,-0.9281165994401727,-0.5328998562797538,-1.7195183756574979,1
-2.25117985730397,-2.7569805232786555,-0.0027037046445898324,0.23876026879340526,-1.498053866287438,0
3.3851028796813556,0.7988136327212724,1.2908050199481416,0.05361713860921504,1.0640731812087492,0
-0.8091147549344322,-0.33604244450161375,-0.27624948898800233,0.6745456214718663,-0.4516054938686232,1
1.4050288569438618,-1.190829112410574,-0.13764449893088776,-1.1269727093151345,-1.0146279009344128,0
1.6757619193526625,0.7365820676110868,0.95376432540799,0.7778248228842373,0.897398212533084,1
2.9550457069545537,-0.8136336701285267,0.561122548696334,-0.6006574225809497,0.0959849297633169,1
-2.2485470450727636,-0.43108435068174533,-0.9253230820711466,-0.5825176601227867,0.45860854394501216,1
1.9827039104072735,-0.19448889352743076,-0.12618856623045646,0.09713284996177839,-0.060053352605099836,0
-2.479811325567159,-0.1431286233046388,-0.23574452449853245,-0.9031656924790802,0.08907973167705853,1
-0.7437400174716138,1.5864800401162429,0.2868818708669907,1.251881978345662,-1.3024673410505425,1
2.952563066847884,1.1946460067127997,-0.440939668746292,0.31173269244890256,0.6825687843958897,1
-1.8992898372242897,-1.286127570747049,1.4689134665551207,-0.2788669385244789,0.24191214143105877,1
-0.9446098899442584,1.2093988454986249,0.23251483315573623,0.6642578468130558,0.31590845211019836,1
0.7815817800962954,-4.660661727998241,-1.6184032534154422,-0.2896749031828445,0.878998838284022,0
0.5620684172121363,-0.2836800976895347,0.02599714005597982,0.05470031550090584,0.2373119497454162,1
-2.3595551280979508,-0.13478998021588814,-0.2142649525977957,-0.8496273073662219,-0.14858836755144722,1
-0.536218931073493,0.8537687168247281,0.5430492091590366,0.4475919997396997,-0.7743199822777656,1
-1.331049324251579,0.32075419901382674,-1.8899528741518676,0.06028966657933894,-0.057710981961868406,0
0.7981116991025149,0.6116333011643984,-0.7606312420336656,-0.2041243881598608,0.358986724167759,0
-1.5751466059198849,-0.5615500335488954,-0.0792385457361242,0.20911450493349945,-0.760586379708964,1
-2.809714796217323,0.5764110500103214,-0.4794918866231693,-0.433812660323426,1.2895167870384654,1
-1.6790776162459768,0.20199277397878176,0.19196285719552975,0.26565593751031374,-1.3071413500109723,1
3.015621043245665,-0.2684957102046676,0.709809933807211,0.04826888000732228,0.9866563594272997,0
-1.605683822529936,-0.8793872381845137,0.057251931647772196,0.2525257444708409,-0.5709798593540125,1
-1.034898785016613,-1.3271291081929564,-0.963694960138828,-0.3997218990895252,1.133954354073347,1
1.0830431183799343,0.38649911878926696,0.37239894637083387,-0.6531565418807888,-0.4019630624124729,1
-0.19072140121314693,1.1973529773879865,-0.5188651155464945,-0.5135566836155181,-0.5954660690631486,2
1.4608376249359332,-1.0916145985980588,1.1986097801337745,-0.11417421879766564,1.3519468055762567,1
0.9065214576883601,0.37835817136794486,0.8374633066774,0.029009561215374294,-0.16938375995822572,1
0.798190264726902,1.4036488452026974,-1.7007367505471342,0.5034223248819993,-0.018801049620115695,1
-2.0037086726951476,0.14948188401704965,0.6364857939199403,0.311052293329025,0.7848589909818302,2
1.2778506115560344,1.5456704157598853,-0.0831685219160973,-1.9707070237560977,0.08836391967019137,1
-0.9509814868022961,-0.36754915465043836,0.3462085501487615,0.15491691411724784,-0.14262929309840316,1
0.09305404640034448,1.734223635534658,-0.6168976904358368,-0.35441101205698905,-0.1340304196221192,1
-0.3249337687754992,-1.1640686234080275,0.9154727889340453,0.7264271353602638,2.589660464904296,1
-1.6054975626924344,-2.8010838274896774,1.6365438868890396,-0.5321494280728142,0.22609851131014133,1
-2.743064101236753,0.2513503574649443,-0.8650327903161432,0.35975175113424285,1.1111061206275898,1
1.751510871132992,1.0731328641552866,-0.32797641921320936,-0.4946412165511414,-0.2348072933528657,0
-0.12106043827576683,-0.20167096650394511,0.23091458933398568,0.47890559488018764,-0.6417606871335116,1
-0.19366452179662647,-2.114784295783531,1.2472691421289368,0.8325375413271269,-0.2624444722210043,0
2.5148625976125283,-1.20112551102317,0.7787681263849054,-0.528372085116426,0.43961898724229276,1
0.8217043047237258,0.39243137315026033,-1.786823059060595,1.172947181049713,0.6930010926986414,0
2.298382276911373,-2.3657108294702445,0.8059626171223963,-0.5009445162087593,-0.9869199616721576,0
0.13438416131179268,-0.1619878591154811,2.278955871468245,2.3393396117514262,1.1996786116366398,1
-2.3113535104096448,1.503998323942605,2.416369753806191,1.6089083777087496,1.1679812784644281,2
-1.09149920450493,-0.7809111579688188,-0.21855121699948465,-0.5431691367914063,0.9870371802987423,1
-2.6610033251996303,1.4854632553906828,-0.0391852291887421,0.21589563338903478,0.8420371080074829,1
-2.715850246738855,0.00010836960738677332,-0.16107502581227479,-0.6102975543250826,0.6029133875933366,2
-2.9039887647984246,-1.1548385871367124,-0.401503572720375,-0.37655503338997565,-1.0539438490478876,1
-2.2283896427141294,-0.3771955854148173,-0.7844545384109588,-0.7215875100154568,0.39421980912076887,1
0.5378307500635079,-0.0021674926175952627,-0.0056429478662193815,-0.19349546129588224,-1.6889239449010733,1
-1.5056155426128355,-0.8268891395671156,-0.2753349006276119,0.13813277899940282,0.9402195955212587,1
-1.1125019730649939,-1.7528769224539331,0.27297556582544935,-0.35146863953824503,-0.2877410389284273,1
-2.044866197281729,1.1623332688588257,0.46375330539077286,0.810854310249806,1.2329290710207172,1
0.2919937591095801,-1.0213654404303374,-0.5513260705671928,-0.7765150049381611,-0.1636299383131497,1
4.674407105315079,-1.299668161838731,-0.05669418096612711,0.8450458493839085,4.367583954015879,0
-2.9896226024299524,-0.09604796704706837,-0.22410103366355277,-0.41489435359870663,0.5007750091192852,0
-1.537729847212579,-1.0508050585185371,2.0679685314571765,0.0406667351994179,0.0013529560234637342,1
-1.3260962541942147,-2.3588385179645033,-0.4807185371056937,-1.2567736187654421,0.17421002802625032,1
-2.5025776750778954,-0.44899403674005367,-0.6838564365501986,-0.7210843741844504,0.3857217475874159,1
-1.169235186478294,-3.1425120254397627,-1.5187103316599215,-0.7927454142726412,-0.02586266904489597,1
-1.1662249727138472,-3.2451306853558535,-2.5005125144051954,-0.31590758693371923,2.093774462959305,0
-0.4899297932087977,-0.27868979751735173,-2.3504087747654694,0.8757414911989577,-0.8152929712301962,0
-0.3310031645198042,-0.48410722758926295,-1.4821582475830188,-1.1983300798964536,-0.39716449934634157,1
-2.6171779290512056,-0.723704290542531,0.1832181877061075,-0.12551074237303325,1.3706340566211888,1
-2.5582309609988543,0.9304968228735248,-2.2787860409985488,0.032036174372667835,-2.202729967039509,0
2.448952253790373,-0.28679217708863575,0.4942290747074987,3.7653707975200814,-2.9927856494397362,0
3.0045615206851792,-0.6087742007556975,-0.09088419834557518,-0.4668092796530279,0.9604726547545145,1
-1.3551357510378423,-1.2776461062550568,-0.7554907376553271,-0.28727728302197686,0.5666677313844427,1
2.0089030039180047,0.6753134254719165,0.24092927598824107,-0.35247872112921624,-0.23231393077851853,1
-1.059897951155764,-0.7788994273535107,1.8286426342855042,0.4045550796905746,-0.4668523682291461,1
-3.051421583937963,0.2943739855646231,-1.0383779373083366,0.334592347358069,-0.8766195154780155,0
-0.7108358232132233,1.655449811586954,-0.36919048369215984,-0.2843376482845398,-0.6480233182174014,1
-0.5585943565233541,0.988931216209136,-0.53538965603242,-0.5740375212335346,-0.985728554234756,1
-0.48281910980544807,1.5170805845527093,-1.4739573252992015,-0.4141752241129317,-1.4081597743752683,1
-1.9042483765276124,-0.9262629200073168,1.367884102983701,0.05351319628617722,0.4078261480170199,1
2.7448958669270462,1.1145130894088269,-1.490282340462287,0.1362983952524207,2.168215421094933,0
2.0679185700657845,0.7974529257811587,0.498978994584606,-0.8878667994815408,0.00887026587724305,0
-1.388153597065114,-0.7930949744599907,1.2012958831251626,-0.5217914840330644,0.30777309532485986,1
1.806291479996572,2.2750055448465005,-1.1728552687860974,0.11775814868458029,1.5465151408730051,0
-2.091388457984671,-0.0025021087259074486,-0.0805488955112287,-0.3832368019790594,-0.5874598708991994,0
2.572684586921864,1.7582475739762147,-0.5090250054432284,-2.4355706552696437,-0.5054503028968411,0
-0.7726566771328529,-0.5567970541604812,0.46432254436774495,1.6239942305986437,0.06214784095662761,0
0.39745424189558654,1.2387436130813805,-0.11713576127651792,-1.0882709077828125,-0.37337793033725886,2
0.26187161657535224,-1.3897811078027813,0.29042250553117743,-0.9623385099373947,1.489845277222265,2
-0.3501700870044357,-1.3639016741439993,-1.2580568627394122,-0.07636976459226333,0.635045866630312,1
3.2424207521236985,-0.9090114077302613,0.419355544205025,0.11364384313799823,0.48700122078564523,0
-0.8118359913462074,-0.23896506705534257,1.009323011237834,0.6138216276506876,-1.899100837928053,0
3.0815945907446305,-1.051224582016087,-0.9357097709886889,-0.8190128492711822,-0.147370295801768,0
-1.7526467671310744,-0.509559163945399,-0.33773034862163753,0.4151958295356724,1.6750752338417432,2
1.401473281231773,0.8362697634109555,-0.23819754303757548,1.1805093269453584,0.21590804112808779,1
-1.2118710432287005,-2.4440360280997053,-0.8966583922127017,-0.5162190195598648,0.2284215012194165,1
0.8362568832558982,-0.4243520768413737,0.5131173715730754,0.07902391929038005,-0.019314873753954426,0
0.6295233895037262,0.459384040106574,2.1196139275078383,1.1898445248224099,0.2919442799581482,1
1.2657968983654693,1.0042882971731861,-0.5126899861575345,-0.3107584354935041,-0.894983974432401,0
2.3109590276330656,0.8867094616135847,-0.5699496054292038,-0.2625687518536135,-0.48515228380798775,1
2.620114272579372,-0.10281964187089818,1.5740491394748606,-0.6984070387855597,1.155737125211107,0
1.338156115945002,1.4328030202064503,-0.7057797387464325,-0.35625700523723736,-0.46702837407476316,0
0.08534794499769836,-0.747793613656118,-1.0610364741819056,-0.7210996833629583,-1.113975283132243,1
-1.3053872818518344,0.7910935353706124,0.6982033042861392,-0.21043902964975353,-1.8051203089398349,0
-0.6654455184960244,-1.1788390104004818,-1.8349210979626052,-0.7079804377951283,-0.11281532516896732,0
2.654143959679865,-0.7746705338396784,-0.6523543604076257,-0.7658504049180036,-0.5340614471997425,1
-0.08790399170978537,-0.6932708973767928,1.2662002330949509,-0.22044937824217153,1.036131528872112,1
1.1667930138499514,-0.05437909567069824,0.6454943747842858,-0.17113194001749565,0.8294019843726885,1
-1.4229744753861628,0.36730354820676786,1.5673398603765996,0.25993493851565574,-0.21038527436309093,1
-1.5616247560198184,1.3126122487606804,1.2759432285919503,0.38880033184514873,0.4584654388010738,1
0.2600544673983344,-0.43531688908015165,-0.12093749863634909,-0.009037084981368378,-2.5325220079056825,1
-2.185733480058808,-0.7645148053557382,0.4144917515935393,-0.67351979806344,0.19591592681934053,1
2.4701402272884896,1.0305390851571996,-0.22702026306836096,-0.46682658295854007,0.05086036453147213,1
-2.8904670840366418,-1.3911927909206923,-0.9466966838090853,-0.5927261856808173,-0.29243015016025614,1
-3.5117482261105097,1.919813548914313,-0.925926255995488,0.17443068775019416,-0.43157265293393987,0
1.76620997057135,0.22776577277001966,0.8226361811482987,0.004892128825647105,-0.004406000623090219,0
3.1029389681259274,1.2714164155983765,-1.6023196527276777,-0.5230670087932606,-0.24471679766614576,1
-0.8057656882854233,-1.8591283481087713,-0.16416163798820835,-0.6197183128513051,0.02186394177551329,1
-1.4705062759517196,-0.6153505246507416,0.45050944406892657,0.21898641145753178,-0.4745323256289845,1
-1.2313374821596825,-0.021820068883812195,-0.5596910790327133,-0.27804170997300587,-1.3320228427953515,1
0.3749502198297748,0.9039519275389578,-0.740128598771691,-0.9235471647398257,-0.5962305791391267,1
1.4303127157639122,1.0427792462219545,-0.632211349070281,0.08097270912551667,0.6167110807731249,1
2.0974477824645414,-0.3817562502074489,0.18162086409195438,0.0889740076689617,-0.4506904834017825,1
1.6186296722193132,0.32745581127319945,0.5782831762301406,-1.2980569276761602,0.7003038867795954,1
0.48659096932188,-0.37870079279311664,-1.2767230129602292,-0.027150972554623468,0.5142839039508034,0
-1.2350521668844545,1.51434573275104,2.2394735680494877,-0.24400119817158164,0.7984957955275728,2
0.43468519664833755,-1.8416156033054867,-0.2957273854674299,1.1061209604190851,0.5165273636573853,0
1.7876406001448109,1.191435853091322,-0.05238044959563154,-0.7970973113796869,0.3149822074885797,0
-1.644306768573267,0.9598993896510003,-0.17962964491451325,0.18347793733925216,-1.6512622942495263,0
-0.33736532412770825,0.12341047560255265,-1.533630849102164,0.4608008555241777,-0.9873239876172066,0
-2.510045029292038,-0.16703933960582304,-0.616250632325414,-0.2794725045432035,0.794696988306486,1
-2.0345181525752603,-1.5543962317168118,0.31600444138423617,-1.0133672939874767,0.7376333832492002,1
-2.9715773792448283,2.717138063857405,-0.35838288161262133,1.9384763044382687,2.862469102522328,1
-1.7494792833407935,-0.7663459019451994,1.0463729607186687,-0.18459237392528843,-1.2012699300860086,1
-0.332465093528356,-0.9963410845391771,-0.2480552753783514,-0.09163667838647059,-1.0189569070880782,0
-1.9275193791946863,-0.8790943588564535,-0.2904938421339961,-0.8664144579445319,1.8830905980847803,1
12.704152522381483,-0.08734742988277515,-6.722120078412981,0.8246827110539307,3.9486354319477184,1
2.344134607815592,-1.0029204907573483,-1.6889057696437781,-0.3579719273536839,-0.7928998084688389,1
0.3212595973788129,1.297376769978156,-0.9135740736703689,-0.38416736697772336,0.09923980363313546,0
0.25853816490542014,1.5144179292312554,0.05916599057586169,-1.4112719393384157,0.29586677460570565,0
0.2568476656219924,1.988162090908869,1.1821206151153967,0.11231803619235835,-0.81864211480968,1
-1.2575726141148817,0.5857063314198467,0.7174626618091577,-0.8586096559425956,0.642651381446307,1
-1.597973441246211,-0.24138850425054123,1.3701306708584626,-0.024181140360001276,-0.6197200214040594,1
2.142806623996412,-0.03983861968158609,-1.1970893143793386,-0.8685415591441907,-1.2416072935683435,1
3.2001621067706076,0.07618672594522227,0.5916795705220304,0.10156111811812739,1.0679974088673732,0
-0.5800156118330717,-1.9103614610607245,-0.8140793512482773,-0.5141609446088398,0.6369759268859693,1
2.011141499828996,-0.3398641715222814,-1.387092848005387,0.27046696982164015,-0.05772459078042523,0
-0.20195251385507773,0.2768308369045468,0.14843526195895085,0.018017400032675834,-0.5484321524130467,1
0.18907486682404243,0.4950756578777646,0.7492321176862415,0.3575716010605553,0.7911773988625973,1
0.8889332836374534,0.7089683504046423,-0.3145753381187207,-0.33483215588899967,-0.8480249289265259,0
1.6114492483138578,-0.9725082553603281,-0.372678067945924,0.10721057403296674,-0.058536800281579655,0
0.074712932682052,-0.09719229172135574,-0.10047109394464022,-1.3347399387077448,-0.048082650077934753,1
-1.7195654876070179,0.036043274922890355,1.3329146009543769,-0.06815256825041721,-0.32780180878817994,1
-0.6530560043922542,-0.3073455616863566,-1.8530611780370068,0.7919512555801732,-0.7277379115372774,0
-1.9086975972639064,-0.5205462322081648,-0.4018358076131028,-0.5000761444942854,0.4457481002554114,1
1.0045468280340952,1.1921117018341554,-0.5416489635024248,0.2658362691842207,-1.1805921123081726,1
0.7843571531788616,0.1701969800445674,-1.389287174531174,0.220714480160757,0.5090217764594476,1
1.2395437729583936,0.36565708928564544,0.20901984248773822,-0.7869582293787806,0.09512784498591659,1
1.4237205922137046,-1.4827691045187696,-0.8241693161365118,-1.2850923726963328,-1.3898224482163621,1
2.04789578462499,-0.687244952788233,-0.3286742135906316,0.20556196575338434,0.35461964434444004,0
-1.2959242447341408,-0.7632375857089065,0.7972276580924631,-0.21364319882944416,1.0763377239272605,2
1.9043970461977375,0.6888720601284869,0.90932838720506,-0.12052618963771629,-0.46780846315136576,1
3.676943505025828,-0.5452332906380123,-0.9304218828220076,-1.1353742626913268,-0.29285476787588427,1
-1.6810959168616764,-0.037885035085281044,-1.2685693350614098,0.0751247422143934,-0.30596375627041594,1
-1.6823203753158602,-1.2611546375349172,-1.3155138977559726,-0.8822832444966467,0.6177221665491404,1
0.5817925955175149,1.4692527515490184,0.529905040586027,1.0034610354358908,0.6123339227128869,1
1.9440633424047868,0.15458850667138793,-1.4534122063894712,-0.29535150713235486,-0.026882187737127954,0
1.7488699762811482,0.27194935271086595,1.8446041809953515,-0.12858697621852583,1.0804895056920365,1
-2.8647464273487473,0.005753498498830095,0.4587554044237071,0.8933530667642682,0.7723693157793478,1
5.401227706355539,-1.5011362164191835,-3.560318521034763,8.978957145579832,-1.2518839422840609,0
-1.7467050337485754,-0.9753286979966305,0.7598777996356398,-0.12958881252285445,1.5711408249844632,0
-2.6471127327149055,-0.3526233042957602,-1.7037237870365856,-0.09284401806749079,1.4348768131920364,1
-2.2430364734384765,0.8750216132649724,-0.23780599862691923,-0.14168934664199198,-0.2635432419900111,1
-1.569369049242067,1.4220873571675954,-0.09810624171614891,-1.6329900386348633,0.10408418341610179,2
-1.1926167368011498,1.8304626057620423,2.801999775229715,1.1731350600808605,2.162200084718215,1
-1.686677244865673,-1.2550410125537168,0.21284926213261263,-0.9294704206229633,-0.05805082197554179,1
4.161171735191817,-0.3849820689329391,-0.25238430545623314,-0.7782387831715477,1.1907977517904276,1
2.618754267860064,0.036067749148181776,-0.29407054232740765,0.8434508311902258,-0.130238681295692,0
-1.2926535936069636,0.6410332624327444,0.8954855704056003,0.8930714129418923,-0.2188843630836144,2
0.4790974953088963,-0.45693458091598227,-0.18612836404273728,0.48214814525948113,0.5246154683064874,0
-0.5667818198218622,-1.0320747302728421,0.5990486322380834,0.4784993062554157,-1.539921891931113,0
2.2294539107395823,-1.6035286652039678,-0.8938679282935422,-0.7952204078820677,-1.3963397335702412,1
-0.41615885598146135,-1.68743554017162,1.054121895347693,0.7661685310117704,-0.4324553090764235,0
-1.445228247436883,-1.5553868609891552,0.04351020527804691,-1.0344802263557504,0.7735714608957548,2
-0.4309406216712771,0.4808522454617065,0.6889368151331977,-0.40136341067987386,-1.640020763828815,1
2.8239163855469314,-0.27170731629315586,-0.17099581228525212,-0.5978189851008759,-0.5393198407440355,1
-2.7734747617239326,1.3830623475958888,-0.29469484698538057,-0.33742205947798853,-1.4333235962302813,0
1.3701212198597337,-0.1387650268558298,-1.0970907773785006,1.0184552610054778,0.6081472161204549,0
0.846252767088617,1.2442980977222373,0.6423155631230683,0.47923224549003285,0.705704842531348,1
1.930681847702618,0.534615891579908,-0.08455241919697418,-1.485303249679358,-0.25175905923873626,0
0.8087736862976336,-0.926483077939589,-0.3999579041874497,-0.23046766161078047,-1.4740140033025482,1
1.7147866207675715,1.3814240084670246,0.20306880221486823,-0.720851882645173,0.3163735157046701,1
-1.2634010361799928,1.5203434183346292,0.44516283151188324,0.7035584727550588,-1.541755376171632,1
-2.5053214031243827,2.3753422316614534,1.7683333654920834,0.28022844406781383,-0.931966460746849,1
-0.15144731084828916,-0.2152968164498975,-1.1991651658506686,-0.9709434786730482,0.7875884052558332,1
2.388926796967316,-0.7128163565687902,-0.4113656524882665,-0.04338471217154454,-0.19413543057662222,1
-1.2955505010884234,-0.7956099895069547,-1.84565739258741,-0.9586031097717572,0.9737798491186789,1
-0.9301958670261432,-0.9229479665990326,2.0478435818741048,0.5960022213446927,0.17369779034741914,1
2.2436232499187616,0.8384819475530186,0.818017000856604,-0.2758271020490856,0.32386860413971,0
-2.061415799919036,-1.3152395728487059,-0.2851737624761193,0.7849841010059685,0.46302442770965024,1
2.0041085285429925,1.5063763439026792,3.214137131511155,0.5627402867146899,-0.03684042726658843,0
1.327586471158919,0.7030390271807003,0.9174996348300362,-0.5057515521359729,0.7343829983741597,1
-1.572711655625336,-0.6002119384970056,0.9737638765190514,-0.3158766481563427,-0.2740238478820422,1
-3.5411041353302584,1.828255191435924,-2.045204673509828,0.4478974042195054,-0.7766676400930289,0
-0.5619245078932235,1.1989407312590084,-0.5362218815483509,-0.2042957702953709,-1.052678390898994,0
-2.2492559204211315,-0.9332407856384142,-0.47246940229173234,-0.0690916873991534,1.8976956045968845,1
-1.241292642280121,0.9697627302994724,0.9929165918220881,1.0412771993469019,-0.6423190957681879,1
1.7015136539653273,-0.6603975651087473,0.4139516574456183,-0.5328484405560474,-0.10650925712038367,1
-0.26300485510778865,0.6528407059146616,-0.7006993395128995,1.3652929836393846,0.15533479120968235,0
1.789680104395984,0.7029606129818583,0.40554982297682945,0.35286588858965184,0.6968062141364033,1
1.0982436274211524,-1.3794425032658046,-1.4878511209839675,-0.6423158549244106,-0.3540357979295998,0
-0.7565884444153473,-2.712362140620405,-0.793425272273359,0.2606756134850183,0.07095992405430691,0
3.012051904456579,-1.8682844144977504,0.7942673329275455,-0.5468098309658386,0.06736330833694841,0
4.121637262340462,-1.1825185594814869,0.6826296773630909,-0.6144594373091823,0.7794378614199265,1
3.1949165282074743,-1.11745462891898,1.2286631687245424,-0.41592618622544875,1.26795097936151,0
-0.6383527533024509,0.6442631955385103,-0.28441908141929145,-0.710059929304078,0.01051129145006977,1
-0.7222780338088824,-0.12444364885715165,0.5472952011804271,-0.6473484869197701,-1.108523434960535,1
-0.2712417393286205,-0.7047419957397751,-0.3137737833490908,-0.059190623863224684,0.6370780600789299,0
-0.11979829887262229,-1.3219630819419173,0.14966072602037558,0.5638777909541504,-1.284032009784309,0
2.178401867003677,0.7765401871835771,-0.5379486355084802,3.69729578554421,-1.7620403259241622,0
-3.0868689944577095,-0.39599752193452725,-0.47285844934804944,0.02279368663372248,-0.3667795841982945,1
0.772315026857239,1.4880622945120774,1.178473250263357,0.7685711423160316,0.4541012433095757,0
0.0381115063541506,1.2748058713699066,-0.1547567411305205,-0.05414729379537222,-0.2334182961476078,1
-1.819069069222276,0.31770262876011085,0.15867100965716058,0.06300242128918002,0.39254694225370806,1
1.804868051692795,-0.979770392267766,0.5707178605771385,-0.8754171095518614,-0.3961208403295804,1
-1.4754795687547635,1.0406765976120649,1.0609982210569662,-1.3429757440018413,-0.963161305471396,1
2.4297637824180396,-1.6684760890685189,0.5521927060176917,-0.7001823612337909,0.017486504572953025,1
1.0990236100467285,1.582102944324624,1.498052430397741,0.022091680232279764,0.5942382509200506,1
3.4731938574810015,0.7428830035277905,0.10096820129595666,-0.26910891056564235,1.6035500859452572,0
-0.7899954533214613,1.4430877798645567,0.4864008935815889,0.1252482178269812,-1.1513487567331346,1
-2.2347358872632976,-0.142286517893706,0.6121302683109121,0.543093396897596,-1.3394749922184854,1
-1.4969375865774401,-0.43386253851569895,0.3911027205321942,0.3697324431045684,-0.5743941812690511,1
-2.1260253901394766,0.46637422448770394,1.076640206538328,-0.1759303261523088,0.22134165584769655,1
2.661335714419764,1.6937681367953847,-0.018677193582982754,-0.9363774565241472,1.1680168615358513,1
2.035896088834853,0.48065006526936055,-1.5612573073714848,-0.8496919523047708,-1.0489539878790213,1
-2.2577077591997297,1.1437819062440353,-1.1048760555822172,1.1378976215226153,0.25115023095703737,0
-2.1714889232248806,1.3583156791033963,2.5584788951648667,0.523632134745215,-0.19766719017366327,1
2.4320449161517463,-0.19245935461568203,0.6605731646143939,-0.571152308023538,0.8608876815293672,1
0.509127421514849,-0.9341705070093075,0.6544765636470592,-1.3706080784022379,1.2724874630239669,1
0.4697904656037211,-2.6934188644072634,-0.2225423859532822,0.5834428956932791,-0.20121037297873973,0
0.45025412668623704,-2.098022497473157,1.0127704606816843,-0.4489895118865462,-0.1436659020154748,0
2.058123728605856,-1.06847005446976,-0.770230253077095,-0.9819967525721182,-1.5455414231585902,1
-1.4293708447955669,4.530744458464603,1.4167453988123604,0.9841820731802143,0.25927229813736086,1
-1.710212688781323,-0.31281766746720246,0.516322057211152,-0.7747387040617194,-0.5000883569702693,1
0.2878761258149517,0.27469978327011335,-2.620479738699127,1.1005191320548786,0.6335087639660034,0
1.2375324638572822,1.677533896312735,0.21959204550461855,-0.16324761189330256,0.26336730257344154,1
-0.08369394527118414,-0.5781359451849162,-1.2465705404525695,1.5783757583411435,-1.9458112034564972,0
-0.28515768293226496,1.3337828918092163,1.2782070046117258,0.09605737740272174,-1.7926321196227277,1
0.08436124071141052,-0.6335945138378586,1.8172426472834535,-0.9655780603343902,0.2233895884491234,1
0.3124399449927505,-0.6227018238908371,-0.19115135526767085,-1.0091196539786687,-0.22269341657801023,1
0.31167696640876724,2.1992987182915704,-0.1559786084440634,0.11699316904099748,0.6953352214693103,0
-0.781602579988809,-1.6764489031500398,0.48355637684729963,0.12384818740510373,-0.0032256696470161837,0
4.772243707334931,-0.7206238812232468,0.49924830800944286,0.0653028866944302,1.0479061460232737,1
0.4744781408248905,0.6249303400434468,0.7297322738252376,0.22331236128889745,0.021295826864487093,0
-1.364408586964396,-0.9325028264530338,0.5009605779520557,0.19121942078689722,0.29391565355237437,1
-0.43889008629176285,0.8050526881710464,2.988799089298344,0.2200223573364003,0.6976272320743625,1
-0.15157422713476004,0.14444600110438685,-0.7789310425751823,0.37444842698776004,-0.08151375103470657,1
2.555733900783845,-0.17376606155683932,-0.17253974433211983,-1.8076972176117443,-0.5102163721803279,0
2.8057978763288793,0.6684087799041516,-1.800328024135857,-0.25226315935647403,1.5161811707242812,0
1.3519101315051856,0.720312728331419,-0.0975403026318609,-0.2535821290121184,-0.4698950561836985,0
-2.8979485217071015,-1.7152239803538547,0.7243553727464364,-0.8052590050602867,-0.7188851308317548,1
-0.2035993323148614,0.8147321954783386,0.7797892112146388,-0.4983813399555479,0.7577811036554544,1
2.381064639597865,1.8483518492313824,-0.6043366262857406,-1.0841699231223623,-0.5710732960002585,0
-0.36826461311955083,-0.8408892458866265,-2.242315767878028,-0.9479506648516298,-0.5935440536107328,2
-1.113865137482676,0.08017591015655971,-2.226779504521992,1.0544445275938032,0.06618842167591904,0
-2.1925505552455538,0.8904684983372452,-0.32207780369900363,0.33530408504104525,-0.8433022943721037,1
-3.09088264841884,-0.12755740312310035,-0.2682459995160497,-0.5209660384788626,0.4423107036003112,1
-1.0008997989158168,0.5431013941221015,1.5296039467555123,-0.5396523554862644,-0.6573805681509927,1
0.2037028936337819,-0.46084438681810724,-0.36490117118518,-0.2747666108506785,0.44446228102214763,0
1.8276753128505006,-0.5810644697286608,-0.14663632209722474,-0.7584507710226938,-1.1816251299783047,0
0.8527750813447762,0.1039569927722939,2.866034894763972,-0.08134430833195747,1.1503624892052486,1
0.0447302147388458,1.1275869716254068,-0.27659313269726077,-0.38623907195744195,0.3140377418826939,1
2.6371504129426717,-1.8981223544758188,1.0333079659799747,-0.31060076113643037,0.2019423348827347,0
-0.6438133727334964,0.45506164013814976,-1.1737735089100623,-0.7311575748164131,-1.1533294474366633,0
0.05567975737428966,0.7568390471853036,0.19985521719719232,0.099219873965881,-1.0781761039688664,1
-1.825705070080171,1.407677669793201,0.3843659888336687,0.06208482002529111,-0.5688162436110404,1
-0.8816656851148437,-2.054844284505228,-0.424224779521589,-1.3917894958322174,1.1556465631815809,1
0.8183234123309135,-2.675433016929082,0.443009210827463,0.6691410572017757,-0.2231599061597673,0
-0.9918012419227117,-0.6354875065803248,0.553909355570434,0.5023348325234935,0.2963207861376143,0
2.5463229941945085,0.2626857170534778,-0.5965957685757126,-0.1179898315946959,1.156305677061699,1
-0.37447656984440014,1.4824212373830405,-2.8823176421167753,0.20191911327544287,1.0548023102872506,1
-1.8280492671103608,-0.5469160408427703,0.16926800824273164,0.055038798338424656,-1.443065489058672,1
-2.989039904808124,0.5210437974537024,2.990276828274749,1.425446893067008,1.1336826352466647,1
-1.6665561382547782,-2.828924237472243,-0.012599600367309173,0.6519524235272778,-0.23732405415110142,0
-1.4501383164769923,-0.0022902583269109682,1.874098614378631,1.182493819947972,-1.1892430645508232,1
2.872042133256506,-1.7427742740615808,0.004353981631382901,-0.4408183099389709,0.737313284343583,0
0.5169476431716098,0.5224616613438297,0.29704741388629535,0.4436489406490945,-0.08413683067375603,1
-1.4859826344396396,-1.178320919450517,1.5119259976883486,0.9388015369819795,0.35649631631677864,0
-0.4103572049974641,-0.5956143460989832,0.9748456845045325,-0.24678591193050395,-0.049845978933169915,1
-0.9595997675843885,0.4538562431246161,0.8998415597830176,-0.8250029883641716,0.22415889433716063,1
-1.2806993067919654,-0.06909189488873574,-0.6246576573363244,0.6707478410965673,-0.895245057224128,0
-0.00695724742780124,0.1479718964243271,-0.3727090887107912,-0.00510395049599142,0.655475011710209,0
3.171647962190751,-0.47819051400987306,-1.6775313922702544,0.2579974907069669,-1.5313241602943344,0
-1.8703836972466164,-1.897543761626104,0.06671135367560994,-0.6520895761172169,0.6751493584661311,1
-2.3134377044548007,0.7484794636241423,-0.3528760971338806,-0.2200621642572857,-2.237245858480592,0
4.497813730689177,-3.0209740783248886,1.850835745481971,-0.3340886571449212,1.3562529414684967,0
-1.995222354335932,0.6480514967180412,-2.883002205070403,-0.923620921601752,1.5699026054070209,0
0.9228226965727363,0.23868595433625106,-0.25136423169487787,-1.3714688037817602,-0.7952087865004474,1
-0.9897864226397075,-0.14225571430625386,1.1214479096269676,2.8821806060136175,-0.9899546970586601,1
0.9917549576710218,0.2964528458227135,-0.017926130031824947,-0.3926687631933407,-0.19472890430162673,1
-1.4754036901491794,0.7205173268521792,-0.3972544709759768,0.4005244993412901,0.42640899791712417,2
-2.1040391184099336,0.6127783555313461,0.1418962573099007,0.33869434614933996,-1.8670434614783842,1
-1.09663800710299,-1.913219719334143,0.14378902148917833,-1.5271713643249527,-0.08031640595949024,1
1.1016773990751276,1.3599441772693925,0.8853040186749908,0.06537368216778755,-0.26379205879578266,1
-2.5373834465117096,-0.17447186773238874,0.48327944652394145,-0.7351212096692661,-1.2610149554264818,1
0.21229095587348973,0.11061944702278248,-0.17070662924855698,-0.8248450029818502,-1.3961767151817466,1
2.0366016523077204,-2.3728489036679195,2.020735577372784,3.2443436472820526,-1.7670019370315475,1
-0.5825693563963585,0.07346825204122795,-0.7043298548570257,0.4302007169479399,0.8940455738889591,2
-0.28635024263987047,-1.8048275035438162,0.8189261566183781,4.445593508364814,-3.315941857323129,1
1.6478888447277715,-0.04397352772164561,0.46148251127961787,-0.05878137004114465,-1.0859737350630043,1
-0.9364368571432478,-1.3306309704531256,0.7058221486698052,0.4162823358906733,-0.9154206954242227,1
-1.3475566469332014,-0.40239792363964505,-0.13565874237035652,0.18897408223210405,1.7437214114893225,1
0.6794932643023281,0.5922947091840622,0.6329174590321208,-0.15340602674234927,0.6719162244325854,1
-1.2103402610219425,-0.25394242594536204,0.5668268197347968,-0.5897770708159336,0.4480232126563396,2
1.4318357736535212,1.4693203282633458,-0.4133954668101969,-0.8288007492628828,-0.027088836310272466,1
-2.094367131194764,0.3907885273026988,0.3253635438730217,0.08814549026794789,-0.7553373673405823,1
-1.1704494081392611,-0.6629360852272216,-0.7515698555331718,-0.3099035954827741,-0.13338580803293348,1
0.4458642442973997,0.9192590783563882,-0.1508899634371299,-0.11128513742231597,0.11663232034005273,0
1.6123282863227308,-1.5477395953610373,-0.059780823874328745,-0.9131949123278597,1.1330397643107248,0
0.8610499900460165,1.24607179044778,-0.269645293774979,-0.02162299496012775,-0.7211449003803878,0
2.5670516852951093,-0.050078832865328146,-0.9732810547094208,-0.5014404963410539,0.36243906003537724,0
-1.9120868979316152,-0.39316576957648547,0.4701046610000824,-1.2996649227219776,0.25363803903698473,1
-0.0857858648223167,-0.556976012659839,-0.556192596088897,-0.1088272861672492,-0.04519367200495851,1
-3.3895921330958827,0.10044658942176092,-0.1844781558944728,-0.7013396623014428,-0.9696374226158758,1
2.7457756773888753,0.9109019287299378,-1.6834277379809284,-0.02332951256922721,-1.0943596656061978,1
-1.5888480071456788,-0.9563265054147277,-1.3415933793285246,-0.4669989007120663,1.2451995326003247,1
-0.2785455128198485,-1.497322349495944,-0.5754961487727746,-1.2905348426102357,1.7586484253312271,2
-1.465909685932898,1.8468277422136299,-0.8265648735024212,-0.8780626914332375,0.20162076606793675,1
0.2777654604727193,0.861532811830891,0.32593951302684937,1.2647473247348644,0.12984296930419378,1
-1.5671584051687515,-1.6699462637055615,0.11589508782848698,-0.19831602776994844,0.8893196401408331,1
-1.6852563087245631,0.27309779842951815,-0.11948293106776506,-0.7989280794084005,0.4203952928969769,1
2.20718728350183,0.81704972834115,-1.4162538904165194,-1.0973999948522175,1.1799431601112562,0
0.988832731335214,1.5390999306894027,-3.042531985032624,1.3264470613379324,1.5582312880070703,0
3.2424207521236985,-0.9090114077302613,0.419355544205025,0.11364384313799823,0.48700122078564523,0
0.4267053970994988,-3.6899599813990602,2.1533582082224263,0.3884641016126261,-0.235682788906413,1
-0.9023742258937757,0.0690841073611418,0.7434398751080595,-0.740461814626039,-0.813407847323971,1
-0.4314122683533702,2.8635163670361212,0.7177386518607975,0.5313700378904491,-0.6204103083024155,1
-0.9787913776149421,1.6268081689887675,-1.3012943661262646,1.1138268393296888,1.1354143564510717,1
-0.634546816545263,0.7597082333717776,0.29077554417949353,0.5058073241569044,-0.08420401559074137,0
2.169823702148397,-0.1736969202784414,1.7888255270007907,-0.20780817777327387,-0.12639873762491424,1
-1.5203083835962639,-1.0576632374879633,-0.6284159776864429,-0.7251709175111111,-0.4881659621625811,1
-0.5622266984164404,1.4046943613869947,-0.40030267181499757,0.19010716446429382,-0.10383053480554343,1
1.1277732533072857,0.2508747498562598,0.6442518318850877,-1.186136794529301,-1.1094707331014946,1
1.4132186323547784,-1.3406373115772092,-0.23570569617998802,-1.826422093060191,-0.43040064959770963,1
0.9529071259918992,1.1201982831167503,-0.15307709531699032,-0.04077794283592399,0.9859955143698763,0
-2.998039799867565,0.27932900228209256,-0.27687139143811285,-0.13798834189106648,0.912321261790107,1
-2.956552111348052,1.6575707982062118,-2.922571924885613,-0.5829804021941021,1.3261643646621948,0
-0.8327332456049699,0.6914435066684799,1.4022136675749475,-0.1297213045503816,0.10221759635658446,1
-1.0385900588912635,-0.22665007038487103,-0.3666591746151841,-0.4484713060276623,-1.0539321819117957,1
-1.1086600136181433,0.36110117040321116,0.6874849851926144,0.9019992075548835,-0.999590525363975,1
1.2237050857249272,-1.9457699693975095,1.1032301320547606,1.1419300894078712,0.5962143450661928,0
-2.7629353355939195,1.7210511655186216,0.5455342824571149,0.16145608443609574,-0.1346454005325437,1
1.3662614616541047,1.5026065782735336,0.5269898792794255,0.48547682859676927,0.6894384787409622,0
-1.0164568894937813,-1.3961391426821594,1.1005621978122342,-0.4761293510677808,0.36551778271475005,0
1.1800064198574918,1.5041764429328228,-0.8630123198773592,-0.9939001928776345,-0.8570176923901447,0
-1.3583184348627062,-0.7159364715128755,-0.6191874810363631,-0.31533699168012685,2.235226287210032,1
-1.800485844330151,0.6590785288048508,1.2660190703101786,-0.6257189681081597,0.8384876315305071,1
1.9701439075319778,1.8010268196499968,-0.09324652078378017,0.33562596046637194,-1.04284359950678,0
-1.1409019030548195,0.08452850243860136,0.853518730891008,1.1575673041311636,0.9736794345349615,1
2.4297637824180396,-1.6684760890685189,0.5521927060176917,-0.7001823612337909,0.017486504572953025,1
-0.7726838874187559,-0.3076234762765984,0.3592145453751246,-1.3829503967660408,-0.1367478429326624,1
0.11951751295160191,2.098121254382492,0.7351702832498069,-1.2117427813660309,-1.5792766960497928,1
0.753266046729643,0.392723318287647,-1.0369852189712754,0.11063626922059783,0.05766982636054224,0
-1.8723958424661236,-0.11591747362875186,0.5839448384208763,-0.18134322269538833,0.647162917468038,1
-0.5579757313783016,-1.3406756963671138,-0.6725057430724999,4.696203635011762,-1.5509197511305586,0
1.7579649981127574,-4.8497877139609376,1.2446918819224864,1.5940436299174536,1.9438046692973474,0
-2.7286095863404296,1.4841460283283245,0.05135693457213726,-0.008964641036449979,-0.27563207836113846,1
0.19544851626723406,1.1243732333943097,-0.6926346662816782,-0.5608036532469477,-0.43304401773114737,0
1.5346504331659463,-0.3526390359184384,0.03229907176818055,0.029876951130252394,-0.03066892813307161,1
-1.4326775672200456,-3.0276247657193758,-0.27439668691268243,-1.1083511593039344,-0.4846649098500906,0
4.111516815557736,-1.300580320787315,-2.6655826444904482,4.454567056971734,0.8719657381133707,0
-0.7336145720865557,1.1067844341750341,0.08201398702926678,-0.6250037741640804,-2.1012801628197573,1
1.5903580903542998,1.2291127567591138,0.9522128729965065,-0.6871206652827803,0.2863976603454335,1
0.5992790983218718,0.6702761237079783,-0.24844996447421952,-1.1680720364397297,-0.7942979404186767,0
0.16746887673346325,0.2377843438421662,-1.1923308285227487,-0.5090456414160368,1.2778717989375021,1
-0.8974362658581786,0.8231832743439673,0.14843523280807894,-0.5482755306823724,-0.043965618307304846,1
-3.6510723050869633,2.4350167169770756,0.007215667257573491,1.2366600294916814,2.6254312546106844,1
-0.30647494841374695,-1.5991605609905872,0.4367419799969091,0.9604427508549578,-1.1257405346200322,0
2.290170606424416,-2.3755169056368843,0.7348081667307034,-0.30937266748284115,-0.7940962196736937,0
-0.26260866908924246,2.625631075831725,-2.3720105140149235,1.0231785580292005,0.3924361335792309,1
-0.10025152819974607,0.7429802843088525,-0.18698097002367875,-0.33532016431501654,-1.408674593094248,1
1.5508591981636684,1.2519244821739697,-1.0678417341901083,-0.8258088316992053,-1.4920277475546189,1
2.0102665142876,1.1716640437545527,-0.17250576060114806,-0.9476530286666895,-0.5106043969196519,0
-1.8192447314300404,-0.7444141851316863,1.0906867628013606,2.700013837630174,-1.5455323868716646,1
3.6508175498527806,0.9544898382409991,1.6899800438723658,-0.26839343888635553,1.1788313376651238,1
-1.136879420645495,-1.0510600008894688,-0.8120055093705428,-1.2610775669701304,0.532778424503193,2
0.5100655896536342,0.1047206049796795,-0.6573017789700616,1.7402980779896828,-1.194053990576973,1
3.224714416626198,-0.5013656467891695,0.21422090351511835,-0.016287883643580147,0.5631759152058416,0
2.5925920025760143,0.9536546241632277,-1.2841725998158813,0.2341112775869576,0.4149385615880867,1
2.3383739530294507,0.4457582132899553,-0.8071303083901457,0.6519054729436569,0.9918112654047823,1
-1.8257131407439733,-1.4134602454752918,-0.13833276599965424,-1.4207963827759127,0.21155584973103328,2
2.431353452934087,-2.0309213824344923,0.9264977221237004,0.878609558841977,1.4666259247799507,0
-0.6527744487929946,-0.10296692510659416,0.6341440230297709,-0.9505486480219673,-1.2654477452869812,1
1.9699448526053045,0.8073063624508606,-0.2324957544501878,-0.6876209074588502,0.052820701414349955,0
-0.5444673670554298,0.6845453126995834,0.6569542400433396,-0.10156824444547384,2.180927243281553,1
1.3211066242542757,-0.5779136873214928,-2.5555128181790936,2.230651342714259,-1.3096369985225746,1
1.6875028115811457,-0.4528329055247985,0.10786734521251791,0.2127223943305363,-0.23971060181466658,0
1.658540701728529,-0.613691366078578,-0.7501470756343608,0.6521679123815313,-1.432232679192999,0
-2.105376652052189,-0.5840570673073012,-3.1164838347982906,-0.5903097789476183,0.368199683239407,0
0.8172799361323136,1.203541214939505,1.8643723283030396,-1.2274315210321138,1.4963311976525897,2
-1.0439049275710541,-0.1766489989787657,-1.7121980309829776,0.4770038037892307,-1.0792408104304598,0
-1.0606226960670075,0.8829992821446528,-0.9657579845991557,-0.40632701518558545,0.8034271467467052,1
2.59122525775659,-1.0651260155153954,0.8684607321870325,0.06734629947460977,-1.4127266804081113,1
-0.6131599907578844,-0.3472511847221367,-1.0878637997814828,0.5366593846463011,-1.1178709020477005,0
2.4987235140838644,1.9901348389346198,-0.6318935711856375,4.014725680403052,-2.8396966905416714,1
-0.03596648631222926,0.5417324404553365,0.4830249104290914,0.00931549795193682,-1.7754225771560788,0
0.7554610862678273,-0.5465583771710212,-0.5824765027580121,1.0138819781433752,-0.09795510666863645,1
3.1202942281947643,-0.34891396365220695,-0.722991544035428,-0.786458437012849,-1.2193404250779287,0
1.6406804292851644,0.3943955555318553,-0.9889699571230435,-0.02548031410286902,-0.8459677419096979,1
-0.22795907094235202,1.0842829915754735,1.269341485874456,0.6620965943790509,-0.06423196187887062,1
-1.811673519675495,-1.6101841764091178,-0.5104046571905156,0.28149619757240474,-0.40941054899905005,1
-0.9595997675843885,0.4538562431246161,0.8998415597830176,-0.8250029883641716,0.22415889433716063,1
-1.9772990117179905,1.7447324272577376,0.066411907247265,-0.038162738883182896,0.09427008291787331,1
0.7645082244262086,1.6058492014115564,-0.431385968694314,0.4379461425198887,0.5697308212120534,0
-0.8901374515179808,0.9510811690793838,-1.3098766490040648,1.0428256797073294,-0.5027991829439663,1
0.02362329064348791,-0.45186396375760807,-1.7512655801610832,-0.7167337193313275,1.9034343361040331,2
-1.2103402610219425,-0.25394242594536204,0.5668268197347968,-0.5897770708159336,0.4480232126563396,2
-1.8478482393801203,0.14614886346961334,-0.7830055085835225,-1.670346309997987,0.3372142249403776,1
-1.7727175783168325,1.0036920333253436,1.2475608563914702,0.015428195929763605,-0.6044013195404373,1
-0.7700948853024105,-2.7000820481675327,-0.05646386685033219,-0.7704928491684955,0.5124698331526807,1
-2.652558450877345,0.294426633829028,-1.100136724851863,0.2788152633151746,1.516370895084281,1
-0.7433719266219395,-0.1224367070931951,-1.8281606996932769,1.4665634005634693,0.7403783125789163,0
-1.7514816109774884,-0.5847336863323913,-1.1102574761561605,0.25342880390116956,0.4869592046335917,1
1.5676959440309424,2.9217718762749443,-0.7117308219006284,2.868395347021262,-0.001928765467207322,0
-0.8370585895131014,-4.8757599003458525,0.404742514325158,0.5709426920616049,0.023212708591743972,1
-2.2485470450727636,-0.43108435068174533,-0.9253230820711466,-0.5825176601227867,0.45860854394501216,1
2.290170606424416,-2.3755169056368843,0.7348081667307034,-0.30937266748284115,-0.7940962196736937,0
0.679395174782676,1.573166457690011,-1.4338422827801733,-0.3519465936243557,0.13857476285376127,0
4.35516902085,0.26288635868433124,-0.09377087151822606,0.5223728646688114,1.6085823506811756,0
2.7406095746299166,-0.34476046596658855,-0.8585607011722897,1.9754568793849248,0.022817424719607442,0
2.2115049968394342,-0.7623638095587458,0.2048216002768387,0.08554955414932514,-0.5817420167505041,0
-1.9822179583736437,-0.9890755464197849,1.1390978816263828,-0.6422789206476074,-0.40925393399709337,1
-0.4809110386369356,0.388245377216496,-0.05301912041357549,0.6584681367305211,0.7729994282748579,1
-0.9581650471374653,-2.0835410286717804,-0.5007784350433173,-0.7220665883975858,2.2360240073333464,1
-2.598377071160909,0.5808956161162668,0.15912420090236923,0.047046476252364376,1.5327047281453883,1
1.6770988500625854,1.1490604769614734,-2.1001333850196784,3.491511083834789,1.6984308170594582,0
1.827586228804745,-1.3758216724787091,0.4237022584370558,0.9953959833133555,-1.5311363805966849,0
-1.0389612070624394,-0.15869720596700437,2.035172906246239,0.6616324515000808,0.12628114544821073,1
-0.29209434071304863,-0.49257112651374363,-0.1330488639227535,-0.8393018876878092,-0.7707178969492625,1
-0.6264144991139655,1.6721678135087037,0.011604569890998966,-0.697280594399539,-0.9366650367050676,0
-2.105376652052189,-0.5840570673073012,-3.1164838347982906,-0.5903097789476183,0.368199683239407,0
-3.313059022262569,-1.457017260169926,-0.5744431638902936,-0.5395915999935034,-2.0588785465366617,0
1.8540784069234784,-0.1359118868285433,-0.14070126108562822,-1.0868426844496724,-1.2701370953763162,1
2.556308564864125,-0.6007054807165182,-0.23700009449687964,-0.5867958314791221,-0.59115397754763,1
-0.18964171832955096,1.0091509932920029,-0.4373414009911314,-0.9273671885533336,-0.06972549619776122,0
0.8301666909838042,-0.3517369101039348,-3.179503003822746,4.062193506232496,-1.4934486378114977,0
0.09887369558605083,-2.2010178301303744,2.0436510359477364,-0.1432152053609082,0.3416280609433848,1
-2.0129414368402827,1.3237601971736401,0.0013166401544629082,0.6758848256722263,-0.45165278155081173,1
-0.16701260963772482,3.2728804743996576,-1.0660191608865728,0.15066584761750945,0.004628047228100481,1
3.1029389681259274,1.2714164155983765,-1.6023196527276777,-0.5230670087932606,-0.24471679766614576,1
1.1279666389779555,0.6855898318420942,0.22906883198971922,-1.0485983456085155,-1.4767604565090313,1
1.2030212545462668,-0.33279910664465834,-0.8168493558893292,-1.1888730910700234,-0.11404761410181716,0
-2.6422304404269736,1.6853150032600945,0.5027409099593267,-1.3318209020313854,-0.16391875055166027,1
3.0346172878363,-0.6432181666591432,0.050088083371187614,-0.4291111470772492,-0.22817136750518632,1
-0.43889008629176285,0.8050526881710464,2.988799089298344,0.2200223573364003,0.6976272320743625,1
3.0224564680927113,-1.4876956897658504,1.5246232556754542,-0.6863452064497376,0.3776592899087734,0
-0.9976318996842221,0.7005938272181261,1.7636556326294528,0.35659285823529235,0.312060729282448,1
-2.57908924484104,0.41591931357492173,-0.16353700233064378,-0.634926917767574,-0.0858314238726893,1
0.7733079365569513,-0.8709605652871896,1.237241391902464,0.37465347111235225,0.03817058070357083,1
-2.6660959393896637,0.7561614933964171,0.2846296395172506,-0.5668695616958794,-0.8047639111272468,1
-0.7824826210205709,-1.0280932868249164,0.2810010534122781,-0.30422024985657303,-0.3507017858011183,1
1.7330228435247381,1.94050819886751,1.044809802351195,0.8628110843111133,0.9521120600696809,1
-1.8769731887727181,-0.3413049359269241,1.6282754184790886,0.279763083342488,-0.5424376461069671,1
1.8604057904490987,1.1589109535014042,0.6850157858417373,-0.6664467552465408,0.723491381482366,1
0.5781516248159042,-0.4564082657292013,-0.3758648595202698,-0.9656517704247258,0.4998706516333751,1
-0.06034614708619056,-0.09327212928638648,0.20533048170216853,4.015367754734569,-2.0377440273467693,0
1.978567238808306,-0.20914531471865477,0.656173617262035,-0.6995172278037094,0.6265909680330615,1
-2.43313091617345,0.9860926045902073,-1.9062822885871316,0.9201646449390569,-0.1499127447540101,0
1.3470309551630821,1.6141904816545567,0.620024194263639,1.872232039539968,0.0850103971818553,0
2.9510214783432627,-3.5752616462136753,-0.4544073763390397,-1.6627042220586545,0.9037270250025532,1
-2.878143107750733,1.5894228189402058,-1.6319684922131652,0.2540458490574418,2.1712360832419155,2
-0.49792263584565316,1.385317919716486,-0.9283155637240624,1.0977345771346967,1.8814858236971819,0
1.1711848860221465,-0.78572070940694,-1.5480303955869417,1.5658321189969737,-0.35622543258363515,0
0.31210209933268585,0.8448873275151492,-0.7078591072824233,-0.26704799882270036,-0.3352707110607352,0
1.6315425906815002,-0.7057483609084899,0.3228660591673554,-0.6880973888910606,-0.552030821526849,1
-0.7860318906936439,-1.5648548635255914,1.630366766525819,-0.5556373488934203,-0.5559018358642105,0
1.9457181782243602,-0.37452022779398614,1.130969168857391,-1.0814714504467324,-0.4323693910633967,1
-2.4792499419578347,0.24890173252628148,0.3143012306752347,0.15091143222738174,-1.4791221960687733,0
-0.539720159099536,1.7581744363727267,0.41338839550510165,0.13375276839638908,-0.2830563427172667,1
-0.1464175725034316,0.7970041654880048,-0.14269716281292802,-1.0139988024266269,0.3617430613702476,1
-0.2764126753753836,-0.4440839908141415,-2.333983861660964,0.8332772208422411,0.7748996214608942,0
-0.17631047136714953,-0.9382847897484717,0.07512815652563574,-1.2505358608630754,0.8008049241104815,1
-0.8683838916343619,-0.027316557301857204,-0.2028568890925182,0.23806144338964416,0.40069662109123955,1
-0.25884661507664314,1.2370573755541576,-0.6922959827294314,-0.5452505461903819,-1.8776887368678548,1
1.8645883986826972,-0.3136685998936698,-0.6289334400619909,-0.15754855356922787,-0.8663381402627507,1
0.04228498444343576,0.7022408523564696,-0.08511797268395935,-0.1184949931015702,-1.5269894414738714,1
2.388926796967316,-0.7128163565687902,-0.4113656524882665,-0.04338471217154454,-0.19413543057662222,1
3.2865267264731006,0.12817636865768742,1.5664792375539136,-0.2117406866547706,1.3673550427581846,0
-0.9750509651576033,0.034730584736414875,1.1108259363426516,-0.8419637249936441,0.5789658521447162,1
-0.16446807217504492,-0.11387067871370757,-0.1760225309101769,-1.1089334796656694,-0.5229744867759534,0
0.34519408014766806,1.550348501391564,1.6756651003760457,0.4700935364597785,1.0823264512650619,1
-2.1762209291529753,-1.0533328592885183,-0.035267681708887014,-1.058641472985677,-0.7152230818595738,1
1.8834488236734013,0.5204113447463748,0.5744154186862183,-0.529907748601804,0.31182387142480195,0
2.9550457069545537,-0.8136336701285267,0.561122548696334,-0.6006574225809497,0.0959849297633169,1
1.4635304810858112,0.3572242448191669,0.43212635538667005,-0.06648696484948954,-0.0862354246120075,0
-0.5651006555573403,-0.6657259325344437,1.189532067840479,1.0675184987141995,0.5536802683935387,0
2.20718728350183,0.81704972834115,-1.4162538904165194,-1.0973999948522175,1.1799431601112562,0
-2.678719211591552,3.4731048899725323,0.6143560493794034,0.5562041364983243,-0.5978321280754633,1
3.8703364600423766,-2.2308159631942877,1.6853235009445504,-1.4146502562815826,-0.21462190902506556,0
3.0346172878363,-0.6432181666591432,0.050088083371187614,-0.4291111470772492,-0.22817136750518632,1
-1.1449821876351796,1.2874684081570777,0.25857016113814446,-0.24234913783143194,-0.020857645327107134,1
2.1895009921481905,0.7856983385135892,0.03537144538327112,-0.9150525980324803,0.1338910709010429,1
-1.2590188961307351,0.06406643797706982,-1.3887105023211228,-0.4530640614776842,0.5435683218382649,1
-0.036283237019562146,0.6983041588409509,0.07891415182172054,0.9806596699546692,0.18227770851503655,0
-1.3964835125401036,0.0632000395813312,0.4676484883355791,-0.30120041175846696,1.7901909491152035,1
1.117992028427456,-0.6096092296310236,-0.34832418967505774,0.9391806400761565,-1.5784590096217692,0
-2.127596510270563,-0.2005087336301929,-0.07424590018855094,-0.974420565831313,-1.2411234768827875,1
1.3120231778554978,0.8393379494405632,2.27418749824392,-0.3790874218466377,0.5779589837530458,1
0.27572579762158894,1.3147774873793825,-0.5496098716201457,0.23139953346929656,0.6145203169443976,0
-0.320233555729971,1.2991664879207387,1.4765182521034137,-1.4677775619399243,-0.18824164530803913,1
-3.1270181856191344,-0.5827393518778259,0.7091889453829281,-1.099779985504459,-0.6830580073181761,2
3.1906068300335018,-0.427599717014588,1.1127790759186684,0.6807046792722891,0.3645317526097243,1
4.73861290242461,-0.9085186047261126,-0.5251689293876438,-1.1584387678080328,0.715554478706878,0
-1.3656560381921752,3.387869461082254,1.1416922534813472,0.6012366697370471,-0.9866030380237216,0
-0.03108740376082724,0.6789430414738109,0.5519587884266666,-0.23965646713613872,-0.1820980119757816,1
1.3500179596666686,2.2596269509325904,-0.30535572515535014,-0.011816432826912835,-0.314631385208498,1
0.6373802383125684,-0.9604163764575118,0.6190191570002189,0.03011591238511536,-0.4942023193374427,1
2.7457756773888753,0.9109019287299378,-1.6834277379809284,-0.02332951256922721,-1.0943596656061978,1
1.3231297835592435,0.6720579632486328,-0.42365424444347743,-0.587836098781836,0.2593466660127832,0
-0.6037711672397564,-0.49547335955825955,0.008976441619212135,0.07865422269498724,0.7018297719890001,1
2.0884139506774764,0.332786652642956,-0.06230765828292849,1.1826346021134155,-1.530424047871704,1
-0.4106679979500711,0.6611228336469142,0.10312987841403222,0.013800858989929644,-0.8281838741634936,1
-0.4652971586579078,-0.8237518677810743,-0.4510619213722773,-0.35272450694740987,0.32077877665808635,1
3.2213448518993864,-2.159329187081945,-0.10571216018936176,-0.45502611483512007,0.36657698985533754,0
3.025647171279849,-0.12043137995180936,1.6741952296124767,0.7494849324525671,-0.05369747028647244,2
-0.41887206965325563,-0.5300853852210526,-2.233247607875799,0.9562233552611574,-1.050509827634391,1
-0.48607813811201134,1.3862814524940639,-0.9311844135718549,1.1015563102860733,1.8723453424738277,0
1.463766652383315,-0.5815449881535717,-2.966361529775115,1.159697449730808,0.7716944663190964,0
1.2846125450794472,0.9567255570036549,1.5208722276508464,-0.06536877368123604,0.07682924902475531,1
1.8997873382730635,0.24527133113629013,-1.6913156448094544,0.16095661011356954,-0.716839890339546,0
-1.664395634277544,-0.5167985394122722,0.3305467814069136,-0.3747945256787913,-1.7856472591523704,0
0.6312996509214476,-1.5422056607876244,0.3776594706572004,-1.8921776289427088,-0.049106136147690015,1
1.586695579223359,0.4602330101366318,0.8557881994598988,-0.792970318518809,0.021550957204737445,1
-0.031626078871367584,-1.9909843553880848,0.5773589348139095,0.3392909207260978,-0.05786806985830686,0
0.16709940142861687,-0.26109169814380345,-0.8743073429517946,1.5462682556967156,-0.29722168864425297,0
-1.579193107823009,0.030570453644883904,1.4454045714396742,0.21011971635067325,0.688281954440944,1
-2.2723243831082507,0.684355657154637,-0.03575764593375842,0.5606032096490682,0.46539279655784405,1
1.2138708145930455,-0.6833002471354778,0.29192858652132614,-0.36231992972802574,-1.686122481571195,0
4.066611464442748,2.210168319206163,-0.3205573730075112,0.11586399259727485,0.1888796903781453,0
1.2277432452992374,0.706054961750007,1.085254070509638,-0.07150718899301352,-0.4459150853835478,1
-1.8708882869061283,2.3837169960922986,1.7956581083704168,0.03783326141090571,-1.0032958534190952,1
-0.033851378190094074,-3.1474575930826236,-3.9575392742920625,0.6833639419942292,2.5118228185139166,1
0.04682689393539288,-1.5538752200494952,1.6387037434077973,-0.5170516382616868,-0.6282071987879807,2
-0.735474672494347,-0.8265110582931802,-0.8814434337294601,0.012940203133400038,-0.31043977148466845,0
0.29522205273308727,0.9414019992523283,-1.2081789612200085,-0.08083834699915532,-0.32030832211455895,0
-1.240374717162472,-0.021218231714662354,1.0947921016280933,0.4109878556738967,-0.27053315658685356,1
2.061973743384591,1.0742884398062789,-0.5415713750640286,-0.24331982067141478,0.08484166176686096,0
-2.1480492140760754,-2.1142887023173036,-0.21119257658374152,-0.32835117945323467,0.5008026344805938,0
2.142806623996412,-0.03983861968158609,-1.1970893143793386,-0.8685415591441907,-1.2416072935683435,1
-0.7679371943155507,0.5654742400610197,0.2367988024944056,0.19603845853478757,0.023999129501840116,0
-2.8619770643084346,-0.9505898837273642,-0.4222792366020206,-0.6268804489789727,0.6919019275336412,1
-0.884972408601575,0.8897193900286717,-0.552972982938732,-1.0955729893977955,-2.07679109282327,1
-1.4448039246689017,-2.2870348604411266,-1.4378144843412763,-0.7787190822070679,0.8667556803699688,1
0.9339910054172278,-0.7921124028683904,0.5049120243367878,-0.5801243139380106,-0.793734508446132,0
-1.80033321594591,0.14521232860036407,-0.22014657461037968,0.3153448625037734,0.4580508272052457,2
-2.065824637767044,0.5143089888206155,-0.14160372196525853,-1.01104217612382,-1.5237047298319215,1
-1.2955505010884234,-0.7956099895069547,-1.84565739258741,-0.9586031097717572,0.9737798491186789,1
4.393383273811014,-1.4393590151190072,1.3604874706128416,-0.8575940353290767,0.5655711366413284,1
2.7953677342002896,1.5785543445682402,1.3141080958668927,-1.0157413866846947,0.401668971616269,1
2.3249873969599517,0.2028293204476544,-0.4415670221608543,-0.47924111147672005,0.1658762048866271,1
-1.7274759406846618,-0.3508306284384454,1.9583697509021856,-0.7703761989543503,-0.06651154344378504,1
-1.3245176913261985,0.28895605233730337,0.06410112136483775,0.0031201481031266436,-0.6966861000541196,1
0.13466371045375025,-2.79340992194112,0.3350460798013141,1.2991594264311321,-0.14340864772007236,0
-0.057652512067697115,0.6948851431434921,0.353026638477223,0.9520360496047126,-0.5832827508124468,1
-1.2223580127501932,-0.9436368558529863,0.7233728666557603,0.37980800497621775,-0.28460177481567733,1
2.763476008274066,-1.0829062882076739,1.4054841168419054,-2.861548649342041,2.0118841963881895,0
-1.0630501533196135,0.6294222840853777,0.5930345715936425,-0.9985030262862558,-0.584508235283873,1
2.1728287821824543,1.0015521106349718,-2.119651462260226,0.39170521672825775,1.5756300992354932,0
2.5610825781356117,1.5547667057159769,2.6185458307288267,-0.3536632154838867,0.7970734998673573,1
0.9603302344385054,-0.41784676102053403,0.32064881982887206,1.2536039983576335,1.700891766575407,1
-1.3089826741790163,0.23902330524341492,0.3899357802675828,-0.7282790933000023,-0.8396007209504401,1
2.701409051604041,1.2172439559786314,0.06840829807738556,-0.6205989040654957,0.5860248586002053,1
-0.12822225431928325,-1.4849081641883257,0.3096635555226323,0.11320734919950506,-1.467112977371898,1
0.25853816490542014,1.5144179292312554,0.05916599057586169,-1.4112719393384157,0.29586677460570565,0
-2.7148812782130727,0.9062122500370877,-0.0763529631395464,0.4183608861505938,0.17290984033963971,1
2.9413136449543273,-0.9692141702717789,0.2381205280281269,-0.22979742306505596,1.4307088133952113,0
2.543878893083128,-0.1336929157095023,0.8000702480835683,-0.8446848809256318,0.5746340469715796,1
2.819441256043018,1.50774788281339,0.6694108720096035,-1.638874906198692,-0.21113853927725243,1
1.0297192293134418,0.7642006729563137,-0.8116506627312123,0.5390518684858742,0.6327531644770731,0
-2.279379341837249,0.7874419136686361,0.3687817303927095,0.672906565834539,0.31075587897473983,1
-1.2112218603856235,-1.334154164473722,-0.8962482600999254,-0.9202748603925556,0.2681537477115041,2
1.8645883986826972,-0.3136685998936698,-0.6289334400619909,-0.15754855356922787,-0.8663381402627507,1
0.7855250612895229,0.4055600720613564,0.3771629285961743,-1.400078392144322,-0.7848266211668152,1
0.7814921651639586,-0.30975255504789545,-0.15428689905782905,-0.9235600675282041,-1.7121605871182177,0
-1.7862894253569543,0.8324790273708501,0.917670765525075,-0.10672335068235193,0.04797776433519668,1
2.6231296676235667,0.548425695697599,-0.9246406687408308,-0.93284802926974,-1.209078934417577,0
-0.9377922965887885,1.2908333667355614,0.2758530655459838,1.3754582937376258,0.5580657219254479,0
3.029281719167113,0.46878270980079334,-1.2622486400424562,-0.2603645747844001,0.34207917564173995,0
-0.693449685209019,0.20032833059560376,-2.586341408720566,1.208613264007205,0.01537651020193129,1
-1.917332045614826,2.268500765687522,-1.6547050541300905,0.40974496083412243,-0.6291459301415414,1
0.8485381226215989,0.5030558691132412,-0.5161745714313575,-1.6864670423768948,-0.49019037209247124,1
0.763496238268105,-1.9295224345493809,0.2063085156227646,0.3185060882234679,0.4582726155126876,0
3.1268036626263087,0.1082477999657351,-0.7319398772513277,-0.42485544029599265,-1.0784937428455477,1
-0.17558747674249375,-1.440735007512313,0.6511619958739971,-0.9802090761207358,-0.6421448871809874,1
3.481254082695458,-1.2749629995253773,0.8132604957113958,0.11309085219164282,1.5175925649496484,1
4.4710221123436105,-0.09479803698899633,-0.8581861487598449,0.6862880295273889,4.256935993686254,0
0.09149464825605853,-2.6237469931492283,-0.10359019487675017,0.5745840686870357,2.1104080050167213,1
1.5955894026627018,0.6663463211426555,0.31603442278120575,-0.355799945234724,0.6817573223366996,1
-1.2295352423058896,0.6439298215174336,1.0343168688240136,0.6114446946124935,0.2813195592043494,1
-1.1458110453846615,-0.8593352588994492,-0.9494899209065665,-0.1499762320238652,1.0838998510711628,1
-2.067888137543355,-0.14156151915760135,1.0219851982298027,-0.12516131636782193,-0.21609991505013174,1
0.6563385041409745,-1.0834630675489212,1.325982931545568,-1.307836871492475,-0.03303016131053621,1
-1.8488206066443191,0.12228132819560983,-1.3526564791278326,1.106358727532995,2.734465697922623,1
-1.943022670728659,-0.003540838019257877,-1.7169315555340352,-0.3288961571215021,0.540749886476367,1
-1.9549861284518737,-2.5751875251332716,-0.2277940269640661,-0.1509762098225429,-0.03098172135145109,1
0.9675603299263846,-0.3254162456392595,-1.1006240783515844,0.02552487564220725,-1.2214170412078516,0
-0.1269092699184252,-1.1570721212163524,2.078107367117396,-0.9887383727778672,0.052074783812584784,1
-1.8427828250237392,1.0139123761677842,0.5657363967129265,0.6179379600745711,-1.3517972356987913,1
-1.6930142273107684,-1.3580388142392075,-0.4708224286369795,0.20012319841834583,-0.44114700231268705,1
-2.114526644692998,0.6210793283698857,0.04802384615847068,-0.7331582132326956,0.11141557111756323,1
4.084575957749378,-0.904000563801709,-0.5396798407484893,-0.5649282471377599,-0.038480598697786854,0
-0.31552857591234773,0.5603086909091574,1.8364371073730736,-0.12129116354996725,-0.8221143014438017,1
0.7316745762088184,-0.8153334419115196,1.4864905672022228,0.3771818984477149,0.11922490689954565,0
0.361051037242274,-0.13257606730590038,1.0071702000914073,1.0058101025423147,-2.1761689871442766,1
3.8673776084662417,-0.8710438386365483,-1.0914256112778895,4.829109663296218,-0.07996946185373072,0
1.6175051959369429,1.9255156490586691,0.9335507422598479,-2.2370852842528373,-0.24632962093347607,1
3.205840003712981,-0.9620722060784931,0.1826198839873504,-0.2607874600421459,0.8647782973035513,0
-0.12601953718656073,-1.1355820568701853,-0.5063633878404615,-1.221151984829623,-0.8733704257756817,1
-1.030912345030649,0.21404169564869532,0.04622427987969159,1.2850388781178959,0.18746757300837444,0
-1.6141697931278274,1.4476152680310455,1.36062309322012,-0.034948662068923365,-1.3190967236674342,1
1.0607728971297135,0.6127308795491079,0.18557833735627982,-0.8668771909357629,-0.4599455552111808,0
3.6181797514663705,-1.6472743340050564,2.4928815067804533,-1.0328955032665021,0.4394852233814869,0
2.6442734236200045,1.2935291688805257,0.36967444148300305,0.17030102547522868,0.3286523087031331,1
-0.9030255785963852,-0.8365839785122606,0.7510347516177833,-1.5931255706560983,-0.06094003675473963,1
1.8295265667247218,0.7775142715519237,-1.9895685245696018,-0.4211654262525615,-0.5171011773078459,0
-0.6871868925911847,1.0482767101792614,0.0548383055970232,-0.15676059370520504,-2.1668127773696813,1
-0.9713633559918665,1.6957428007080249,0.2951521094662512,1.7076433608137378,0.4730346268640777,1
-3.043973959138323,0.03669075874326087,-1.5709435773424953,0.6194435129809059,2.3427570444441392,2
0.5594667899631666,0.77377515883131,0.502370652827808,0.796553292322438,0.9295186670654136,0
6.065591716640834,-0.5730407269808145,-2.6728187124022815,-1.4501665246530098,-0.46448928761748637,1
2.959140597418869,-0.17427412612657242,0.200368063394279,-0.16241084581709786,0.42799991688484545,0
3.299008948866429,-0.3255234035528657,0.9895165743121866,-0.5017249600677082,1.4161691510692263,0
-0.6663207327393992,-0.2809616422078357,-1.2344511813928956,0.033992019122429766,-0.3549462550439354,0
0.389032673260075,-0.20091247156335884,0.6971381201764095,0.019727796029976454,-0.1794199846937844,1
1.8065011240028788,-0.22913762487122358,-0.6032711162964999,-0.6003856081581547,-0.9186896077535616,1
-3.3020189775958455,0.3726789630260749,-2.093717569001453,0.38250813633401487,2.332217789422104,1
-2.8653765125002364,-0.6330169621379925,0.21062137589000648,-0.5198082742989929,0.004657687388284972,1
1.104138374959335,-0.04239179481876239,-0.10915436713498422,-0.6242734646729406,0.555183063253722,1
1.1859576701258019,0.7041949411500776,-0.25374469952913914,-0.430324853553615,-0.37733260652892586,0
2.516502273096953,1.6820099933023323,-0.9620623170443802,-0.5184944807999388,-0.5241934580604212,1
0.18549868095260533,-0.5454585238504981,-0.8254390388655529,0.27658830871735685,0.40924991040731434,0
-0.6850264463537916,0.6152979251455742,-2.89268594611154,-0.4606230201265403,0.6112121970281874,0
-2.0809544146506225,2.0421506686289486,0.051706080864590984,-1.609773254137591,0.27912819073977285,1
-1.3161723208561502,-0.07006958213809437,0.35530851202094027,0.3736399967464696,-1.4731768348757885,1
-1.2646179908423938,0.3310625633891597,0.5598557831494295,-0.6656912403696912,-0.882573691150001,1
-0.9696119381930519,-0.3699514610381585,0.5229585882272283,-0.5452951523635196,-0.6220894479643264,1
-1.278694932828605,0.27188563588305115,0.9973281796490789,0.40539720823843023,0.38139232616408963,1
0.4674689975283964,-1.1803125146944715,0.006051870951212131,0.8266088844747929,-0.8173299104818934,0
-0.17820606876065603,0.464344122564914,-0.3111569282190763,-0.0946417079868218,-1.6757786060688333,0
-1.5205067961065435,-1.8777397463524705,-0.15280501428238144,-0.3145651022518197,-0.4770515035292144,1
1.9666131165281573,-0.07141477573707464,-0.06172352427841499,3.301459741668597,-2.5028649623617696,1
-1.832027072465563,0.20974251212498402,0.5273441228881763,-0.27236434258537023,-0.5649010711088048,1
1.5508591981636684,1.2519244821739697,-1.0678417341901083,-0.8258088316992053,-1.4920277475546189,1
-0.5976275263278308,-3.1669211281423753,-0.15008659381109885,-1.2041603631304945,-0.273840225555103,0
2.6042171684278377,1.1031812347560441,1.7103803363087202,0.5004969161925342,0.01217399630444461,1
-0.7971246336049999,1.1344655265692933,-0.43679562769323216,-0.5608062402773454,0.9343546741150356,1
1.616515109281485,0.18406606529621594,-0.29336914558729776,0.9011041744182191,1.2392072631458244,0
0.1590032715678293,-2.0048889124931524,-2.2939777643051316,0.491344363011077,1.6733032594990145,0
0.1727048500509184,0.6352665098686328,0.6703981533390652,-2.059243497516035,0.06152702573403731,2
-0.6776055040032515,-1.9186483454709098,1.3295297323782767,-0.07608753566477704,0.3728023812887843,1
-0.22196105128975815,-1.4715186082388425,0.4765354619648757,-0.8948128489720844,0.5602402509106001,1
2.058123728605856,-1.06847005446976,-0.770230253077095,-0.9819967525721182,-1.5455414231585902,1
-0.5927335826270901,0.501798609377906,0.5764630352992344,0.037128387855827484,1.1844648044749018,1
-1.8461011182204101,-2.151658232409791,-0.07843063473938444,0.4010283417670934,-0.3630463888062127,0
1.7589025101941689,-0.24289005344155798,-1.3301412224798195,3.9177881783199853,-2.7824249414700173,1
-1.3327268920658049,-1.6124374165620698,-0.3261851963839812,0.029615711164472733,-0.5020153708533448,0
0.25113263166351346,1.248744527847633,3.4847084325854785,1.7916137755405124,0.7083941294222089,1
0.5703422203686556,-0.30317021587771675,-0.17397859309142394,-0.05506876483937259,0.29853601387865947,1
3.207277049825787,1.2899054593071242,1.5926443580676974,-0.148970444224016,0.8064561542252364,0
-2.475516291310295,-1.095408067352639,0.08243027772470532,0.8812537765589817,-0.6300068155352173,0
-0.6018023291472755,0.7719478463313858,2.8904918100475467,0.17692801311505005,0.43598634080679843,1
-2.086273813282794,1.6987683945655463,0.891040948145267,-0.3663129435812624,1.804209263432779,2
-1.5299488855425363,-0.0070145054365532995,0.9617850930311188,-0.6368332747995313,-0.7433757375476291,1
-3.6547886465763555,1.9517049014938928,-0.9422811413496318,-0.4188757562267213,-0.45444361954833606,1
-0.9165598083680422,1.227843358102114,1.0672800715957673,-0.3701877947444311,-0.48110327005643133,0
-0.09534127077865487,1.2108157771363572,0.6758491878774759,0.18458851109880836,0.4894858620874425,1
-1.4360518635493653,-0.633670389233786,-2.220762707617515,1.1573074868446798,0.42682890713096083,1
-1.2313374821596825,-0.021820068883812195,-0.5596910790327133,-0.27804170997300587,-1.3320228427953515,1
-2.1803986296911715,0.4216403399557535,0.7234805524452695,-0.23743112712986372,1.0330833470199488,2
-1.966664114032969,-0.2340198300615885,0.7429535705108938,-0.5507479143570075,-0.18802013317541777,1
0.8725580743100899,0.5459505388170157,-1.3456734002281625,-0.28166114461289277,-0.2541801770907689,1
-0.6663999578648103,-0.343343266625415,0.455285864271505,0.3296094694363377,0.9731178224672196,1
-0.8567911566363002,-0.4004338828059275,-1.2574796014706335,-0.19577721929096328,-0.8731565411783554,0
2.537772091901026,4.6584403542474595,2.305306978862382,-1.7268078362057135,1.3065090005077329,0
0.4148053856721791,-1.6863363917489724,1.1637614967135752,1.879686456417156,0.43833558819332724,1
-0.9603732467181736,-0.5140667233275362,-0.17704254675957826,-0.7687425110448128,-0.226004746456781,0
0.4431514164190823,1.100946299303608,0.46656247727063227,0.18214183450456153,-0.3488039841620718,0
-1.9685841680206606,-1.4419075724858614,0.7431164543665035,-0.6563424615660403,0.13547129610517866,1
2.344134607815592,-1.0029204907573483,-1.6889057696437781,-0.3579719273536839,-0.7928998084688389,1
-0.22739779515735295,-0.15664203363477314,-0.4812996969480449,0.11318679555352945,-0.7252264621707057,1
2.1565203180561636,1.1513558131882955,-0.7763839330061232,-1.2095863243546627,0.407801081950412,0
3.5236110096057622,-1.4742012944667588,-0.2951013793465143,0.78077182111213,0.3842734398981421,0
0.2913207010578223,-3.7979965220991443,0.979734137261828,0.2502052640824471,0.7415930574899229,0
0.8513774774347812,0.45416482703291156,0.12650501093997268,0.8647222463298044,2.203477508346585,0
2.6150547762930922,0.12866777593674822,0.3455482827249582,-0.6267667509271058,-1.5921748875624162,1
1.025501820705544,1.589513865689422,-1.2254942345827553,-1.02266951904436,-0.5297820026710504,0
-2.044866197281729,1.1623332688588257,0.46375330539077286,0.810854310249806,1.2329290710207172,1
-1.6363779049771687,-1.7718667140609161,0.4113732375355383,-0.09942897498991148,0.6664280567622473,1
3.0970752215668744,1.0772474464978077,1.1426606394779415,-0.4962543112552057,0.6815028425007454,1
-2.089106848766009,2.144346687123314,-1.7396053575424772,-0.6684280879125192,-0.6964228699340949,1
-2.278701984994412,0.3617904337686748,0.8856695628209035,-0.08264193952316835,0.7960770844141372,2
2.323559464598723,0.6515728241805108,-0.12515420111329748,-1.9693766649450641,-0.8858411432772124,0
-2.2920057193495085,0.4399905984232926,0.5345082689374182,0.37687980501683593,1.4767796418801207,1
-1.1077968120879063,-0.4093412811442771,1.0006224319141708,1.6883115501773165,0.7719335596940533,1
-2.971760032629349,0.25319641282681327,0.08988689179796922,0.18596108854501586,-0.21709481085478335,1
3.137582834509527,-0.5998705258120125,0.7732064629675148,-0.7382938379049798,0.16599254648924275,0
-2.764897524391993,1.5393989623483881,0.12178620682533899,0.9481944139097201,-0.6220145065014429,0
1.4237205922137046,-1.4827691045187696,-0.8241693161365118,-1.2850923726963328,-1.3898224482163621,1
-1.2711726150469513,-0.5585517518812372,0.8478926530036988,-0.6983175011722093,0.09964176732258774,1
-1.8061372052357796,-0.12999769596127267,-1.3349873422197214,-0.08546064037528554,1.3301508837125906,1
-0.5018290379717663,-3.034834144005787,-0.15778178168816945,-1.219547164919757,-0.10616906988624866,1
-2.522412474326727,-0.7434308693315137,1.1440692018358656,0.12013666462314318,0.2874553375661858,1
-0.23181793026840244,-3.6081096746942896,-0.14392823235207167,-0.7595710506309412,0.4183828049930092,1
-3.059971448544795,-0.42466218719794235,-0.40371105470921886,0.17566018669614306,0.22403919142278758,1
-1.0177469948818332,0.30499630074631573,0.06423626258026045,0.56491675244043,-1.0428191443135129,0
2.6601982330886713,0.8630531016037618,-1.7768229822064876,0.1619917213730449,-0.5144556218898677,0
3.077389460905296,2.269396625460611,1.9498489638043006,0.5672612037222249,0.7955956914022486,1
-0.883445961912212,0.4536915750762132,-0.9807382137838593,0.6990970429881598,0.16762200255761472,1
-3.37815482248887,2.336378733987488,-2.0251334347553804,-0.7089218283780744,-0.357329846759882,1
3.4721305370371547,0.9911954701356432,-1.4381323578174015,-0.955419860512541,0.8953445307088491,0
-3.043973959138323,0.03669075874326087,-1.5709435773424953,0.6194435129809059,2.3427570444441392,2
-2.232072624303994,-1.1331325711439904,0.12174265346765784,0.2810738836865886,0.8215041805790804,1
-1.2274159991484235,-1.1950856361739484,-1.6716805838909343,-0.8539825270932816,-0.3747749998899645,0
0.0888708531964974,-1.8641696515542274,0.39268515225422235,1.2410058654175917,0.19443630943423904,0
-0.1890226237834373,0.8439899789661033,1.072098120862825,0.23579876756740434,-1.0747008333830488,0
-0.7874299749768916,0.4243990120802761,0.37287922385689587,-0.6524310627619198,-1.7720512480612949,1
-1.8354349346794792,-0.6054965577328699,0.9839736211589779,0.3271625895664358,0.6178288955242328,1
0.763496238268105,-1.9295224345493809,0.2063085156227646,0.3185060882234679,0.4582726155126876,0
1.6421528292752279,2.40155555231365,1.0856833447245475,-1.8992567298191798,1.528153922211884,0
-0.6130982015838911,0.18834345226728758,-0.20954659900970235,0.8166985242624076,0.178060157234912,1
-0.1382222120525225,0.6035893778944947,0.07115543185951509,0.9022515584724952,0.642371482428052,0
1.2788150610846372,0.6771473546706996,-0.75064832926371,0.051498380225624106,0.4378098012905636,1
1.5165204115438262,0.7914521509431112,-0.1912158102043826,-0.3585449921552878,0.18648240860171617,0
0.16654065263351564,-0.062218672981963256,0.1645363977832303,-1.2297602207372653,-1.8350688673783957,1
-1.5980001303444982,-0.07404125717543132,0.6124006814402644,0.10410807786511116,-0.878417471738316,1
0.12503217943822414,0.7619271265750025,-1.9382041248789184,-0.32965848194043895,0.9004198594222326,0
-0.633607166759801,-0.574635283055157,-0.8522825871913654,-0.8327840348824078,-1.4781652655666668,1
1.6797330435922952,0.9011530266959044,-1.2803062814059027,0.11686594137364023,1.468488852356117,1
2.385538937226984,1.324957122214986,-0.5008635542926001,-0.7604129541597598,-0.6168561022992344,1
1.4011493159921442,0.8383346196032659,1.2367011338854754,-0.07947452721449134,-0.5682160867728268,1
0.39747743768241456,-0.5162733439625663,0.4580006443493723,-0.21659265638982161,0.11460428987455515,1
0.9633860470717874,1.0991212116586597,0.26542490270318325,0.8436981592988703,0.6895103116886977,1
0.22861649800364864,-1.1463981736798348,-1.4972645906253441,1.167647130007338,-0.7148487209097061,0
2.8760902155124692,0.1523087934054207,-0.018606543015547452,-1.048911976691094,-1.2449698668968892,1
0.7813283606738154,0.10967582951789599,-1.840365263865956,-1.3688765095108457,0.9572988362040137,1
3.0339657815710015,0.5762865471028911,-0.04785104073980594,-0.9711148141139578,-0.4454300997909861,0
-1.0074972800543582,-0.43252446018911267,0.8842111464233523,0.0002836048362925728,0.8703116079147392,1
-2.5156419211688976,0.39503238305641736,0.011013546193836956,-0.3265724041644362,1.1547876401665367,1
-2.041469176629404,-2.308851855599993,0.1397638578214949,-0.7455472289983667,-0.9297581067728482,2
1.5932720614893996,1.2462509127065124,-1.1864391244182704,-0.9349521995176358,-1.5446411064433088,1
-2.5457236902991127,0.10325575844989168,0.6201655523979898,-0.11788922483640177,-0.8120177591646679,1
0.7067069176911764,-1.15899390842549,1.3757134043917354,0.07976723013668735,-0.23209899078603416,1
1.978567238808306,-0.20914531471865477,0.656173617262035,-0.6995172278037094,0.6265909680330615,1
0.10839404510843903,0.8678922359889861,0.38678557636958805,-1.1770711048591178,0.43565532397350587,1
2.6312480311001076,-1.4292365016814925,-0.8927608157175418,-1.4552543628806065,0.5314132843255783,1
-1.701539838403929,-1.9089010112252882,1.6873991975229223,-0.14774679276453187,1.2903817846337795,1
1.338460454962682,0.6064299413377302,-0.346849122317001,-0.31945744182017144,0.3258692118768632,0
0.20845211282332746,0.49900464860716287,-0.09844669540270125,0.2230726904676996,-1.8032636863628762,1
0.34604075166309906,-2.390586833479573,0.8255942476164605,-0.8610522987778937,-0.26713123040062114,1
1.6553895788768116,1.5245661674190818,-1.2057607807227517,1.823447023796921,-0.6533828318151883,0
-1.716395146090568,-0.25351454056189227,1.3378453821833582,0.23087905938847028,-1.2648330390467355,0
0.06078963392868004,-0.7669154916367487,0.46553270093910837,0.30245558867992095,-0.4588218725780023,1
-1.3375637075443392,-0.4490969421221931,0.02741478675826002,-0.20533058350282468,-0.44458823708445677,2
-1.7530081265655897,0.136567343917666,-0.40980413350916867,0.18371538270789073,-0.4222091704837593,1
0.8136450286984998,1.0145200838046757,-0.27806801924820196,-1.6366784599544113,-0.9017383402255978,1
1.6571393355341877,1.0456685637678622,-0.14002632665330253,-0.8238107487443846,-0.524385105059551,0
-0.2586710419395263,1.755197724044991,0.271520368725251,-0.5573203402462812,-1.2386562487541635,0
1.4228777001128097,-0.15419700481928106,-0.25538235537402854,-1.222838824649115,-1.6665838286248862,1
-0.30647494841374695,-1.5991605609905872,0.4367419799969091,0.9604427508549578,-1.1257405346200322,0
-1.6728118967562757,2.532292504161703,0.2650047660732843,-1.6242278792192673,-0.03914352810835852,1
-2.636901863058954,0.6390638726623448,0.10084445651039683,0.05403265529497008,0.9226887187876394,1
3.2243823072822266,-0.41171313543347443,-1.0864483527918671,-1.7755054420287089,0.6349449696849851,0
2.057273184973288,-2.067293555435297,-1.0216425885285705,0.57765366921632,-0.5565000543083605,0
1.1666570440364992,-0.6768521376245397,-2.414195196049177,1.807217351767381,-0.4947380513941152,0
-1.9108874249745775,-1.1998665030099154,0.24611757711162843,-0.2841127357476654,-1.09031115955974,0
1.9129565193254048,1.8585102650178509,0.6806439692521148,-1.105214891334686,-0.18717242509346033,1
-0.2122745248743631,0.8513575256292379,-0.5981888061034346,-0.009628336199223639,-0.30242129585362915,1
-0.4960815312366703,-1.5554509705097368,-1.916945462791105,0.3797201834016101,2.0217956236709402,0
2.2811108791235055,0.39754890149483546,0.46884756660896215,-0.6003203657828545,1.831939253823761,1
-0.3828063036385164,2.0330892766432402,2.3051181449118294,1.0520736788895069,1.048418709779459,1
1.786027801537943,-1.6321856419282526,1.0876394380867258,1.4699488081039849,0.29670384572675396,0
-0.6776055040032515,-1.9186483454709098,1.3295297323782767,-0.07608753566477704,0.3728023812887843,1
-0.5588840420156612,-1.705086953256619,1.2034927224094178,0.38129294416151305,0.8993033374852383,1
-0.13311313916898526,-0.5053365562530094,0.8358501484268275,-0.11896158428405008,-0.5556354466669524,2
-1.4840890397702398,-0.9491175837289777,-0.2606406597167798,0.4235943317618127,-1.311647754234895,1
3.308740171849831,0.6401848809032776,0.511566117290459,-1.0809770606223321,-0.9895955354533166,1
2.7081025826401546,0.091021124677112,-0.5016898948533294,-0.8258695740573136,-1.146537361866214,0
-1.1650868087551076,1.1185996147723083,0.19715720475074436,-0.21105932163976335,-0.2334004714224606,1
2.6605795766711826,-0.23721808901570088,0.03037800949876164,-0.7654591575312437,-0.350236404206284,1
1.3360804882972694,0.19987306620122247,-1.6783838922201348,0.4374033962824255,0.4967968996332922,0
1.4001575499180237,1.0794997719921107,-0.06637539818560803,0.6804895527826142,0.8777537403795267,1
-2.13797688091061,0.4236790868726216,0.36835102558170557,0.10022298158044933,0.904402962298202,2
-2.12809253782161,-0.22176212114753024,-0.9942958525863312,0.5405196529897475,-1.2901669226755128,1
-1.513648908315983,1.9399985794590018,1.136991156968001,0.49254266644008304,-0.46340716241685204,1
-0.4762143932630266,0.10238260169127213,-0.7475720958641889,2.3502653949474634,-2.032439188917025,1
3.252266978882595,0.42870449259886567,1.587872372959957,0.14812651047209252,0.3563242678712541,1
1.7369537432797342,1.7005353810579105,-0.6306740296203003,-0.9627500359261294,-0.6877522046499968,1
-0.8609226102653044,1.3323928042255173,1.6784090854540235,-1.2003950878145317,-0.5996505405925922,0
2.035896088834853,0.48065006526936055,-1.5612573073714848,-0.8496919523047708,-1.0489539878790213,1
-2.5514283089860257,1.5609258145324345,-0.13910788021891649,-0.9709466531325157,-1.7778154091325449,1
2.9262620416518033,-0.6707278369807068,-0.1614796451197447,-0.49643207120140254,-0.16805348008277052,0
2.3347268196645525,0.7465695270611135,0.5679734763458308,0.1420238323845194,0.18616462888475765,1
1.5008966297365658,1.380513840456097,1.7801955309407669,0.21475835314706898,0.30783151370613976,1
1.8227953126382985,0.21024477199650937,0.6735523330915814,-1.3342822462899193,0.9416960943301301,1
-0.8872418613202916,0.27364936014218405,0.5545431829014928,-0.20027061695279721,0.14909302332771296,1
0.2045865223985167,-0.06775353034555853,-0.6082098730148627,0.2557945598986258,-1.886924879467545,1
-1.5573221642405815,0.48613418206217934,1.110868600730239,0.40707003726900265,0.8664397639169668,1
-0.3877358654962754,-0.07450703202318985,0.9374289722693333,-0.05355675416043546,-0.12315162737104907,1
-0.4989516129957638,-1.1794723953838888,-0.8860682059851399,-0.5001485010182792,-0.9485512003288116,0
1.582321850660944,-0.47322179785677043,-0.2812837283857338,-1.2410471874286908,-0.6420107556460133,1
1.5108838093712604,0.9467973335564042,-0.6589739672185458,-0.1337519882371645,0.30238918404840903,1
1.6757619193526625,0.7365820676110868,0.95376432540799,0.7778248228842373,0.897398212533084,1
-1.3541344117050296,0.6147899369100186,1.122801992384385,-0.26347500400328,1.9292117431305322,1
2.144708329635406,1.3487046058802878,-0.2662346733298113,0.8707343476004875,0.6959932597396343,0
1.065866115328095,-0.6942167971076876,0.19073828953900238,0.1311105997154678,-0.5986077316879194,1
1.4220791508289328,-0.5118060790642374,-1.310569497715121,0.25864776798994293,-0.17439497366797652,0
2.9000055097440214,-0.5891899039777928,-0.1005063323334897,-0.09067532811579108,-0.26238637222512723,1
0.7047992656564636,-0.8923240087915161,1.5180300973653114,0.32048371883229787,0.20874384522313444,0
3.9603726773588925,-0.019251241702475275,0.8935623634692648,-0.3778779712148737,-0.41633907070937337,1
2.2232841356876727,-1.9008877474037453,-0.9267661443555612,1.5816146885456868,0.35581904650744306,0
-0.417490273925878,0.12337466743021755,-2.442689214185261,0.3025074583330642,-0.9191113921851186,0
-1.684908099079768,0.02523210810388213,1.1630097042484073,0.13104681272922195,1.646604674020524,1
-2.8269627778245208,-1.6508551761527344,-0.3524575864058156,-0.9471436221721508,0.06939848656694757,1
-2.1675157926699153,0.47740794358977684,0.568316063084685,-0.03064448344349361,-0.5011225418580193,0
-1.399764335605943,-0.9182072013422744,-0.9428237850452904,-0.619030926605791,0.495387979571333,1
-0.602738606819759,0.04163811934062343,0.5081805596083334,0.7048521219246787,0.3658538745745785,1
1.6293353601441718,2.119226169964678,0.24867047441410353,-0.12929772816808022,-0.6368873242515694,0
2.069388272753632,-0.6149380198222747,-0.4425085612069359,0.2568836480688256,-1.1068495907886513,1
1.0937080273258892,2.0129806638313514,2.4077334181373113,-0.8418743367820395,1.43996293304032,1
-0.09617564915737757,-0.5126537498782068,0.735578232008905,1.8629571051669345,-1.5954130995161862,0
1.311326687930569,-0.46294330384288146,0.029664508904680857,-0.012706064935702874,0.3405799672370703,1
-1.2140990231422786,-3.8429939605562966,-1.0889143474663023,0.028421953242741115,-0.06090569118567357,0
1.021055480865346,1.7352299850091875,4.3430719532690505,1.454053916003832,0.4826743445746232,1
-0.5800839523201128,-0.7673454689510228,2.1081185875736934,1.0263523069255445,0.13854483524352057,0
-1.928095571429605,0.7926489275302064,-0.02033053522485626,-0.5523055983909821,-0.44264534424125224,1
-2.085191360614991,-1.9321659258912223,1.205556373262231,0.30233566749222296,-0.44370546746515105,1
-1.8936910184189921,1.0526657776467225,0.08916470534135101,-0.579903999386726,-1.9978332592520065,1
-2.1260253901394766,0.46637422448770394,1.076640206538328,-0.1759303261523088,0.22134165584769655,1
-1.79902458751173,-1.3169249809764663,-0.6518768003855725,0.6659648346684558,-0.3224404228999232,0
0.26868312016694856,-0.08819614566014664,0.3764663864003266,0.35904562788619,-0.29480545663705926,1
-1.0532882439710307,0.28446547665749267,0.3007822175108774,0.8176372636387957,-0.3867451537731075,1
1.1508672172471048,-1.8330773614576454,0.33656649749728584,-0.5663332334716242,0.011216044269880729,1
1.5662795496699822,0.039536503361851306,0.6294569276710585,-0.5442733344325715,-0.0032433851460207113,0
-1.6519744381928692,0.13807277988845873,0.46394500539986716,-1.0726736344656602,0.38331547643002695,1
0.7749154831775532,1.0611021715170086,-1.7788590121917658,-0.5322586286539911,-0.6045091282440792,1
2.3696243050984003,-1.0481785434746873,-0.16968399458322364,-0.023071737837984843,-0.2887394565171707,0
-0.5888015219443731,2.3768222732172717,0.8785416679290503,-0.3639159931072038,-1.1728212714192598,1
-1.5163523095007303,-0.3225359409575756,0.7395990434359678,-1.2991634368953497,0.47765142621864104,1
-1.8855615831790555,0.5190090865500337,1.7523625951528519,0.4986571000858958,-0.1602354395837332,1
-1.1086600136181433,0.36110117040321116,0.6874849851926144,0.9019992075548835,-0.999590525363975,1
0.8904499554645141,-0.13109784387543977,0.0762442816917978,-0.44032117263515647,0.572000301252339,1
-1.224378254617513,0.8035214352296743,0.29449451132892807,0.9960600114986756,0.4247107690604445,1
0.8527750813447762,0.1039569927722939,2.866034894763972,-0.08134430833195747,1.1503624892052486,1
1.2978000543124706,1.5430624144414309,0.11272646930368231,0.8305698657276983,0.5555836204331063,0
-2.5183545586832388,-1.597496552208902,1.0293473294355486,-0.1336227949663006,0.5649325879162801,1
2.2115049968394342,-0.7623638095587458,0.2048216002768387,0.08554955414932514,-0.5817420167505041,0
0.5901948767904406,1.1155523759098867,0.8379177815752874,0.352760356690347,0.2934112267894779,0
1.0950420137050134,1.4922267986022235,-1.0580848528834712,-0.6800714397601612,-0.4833764348290842,0
0.18232187426313706,0.736157094372857,0.3839243284798817,0.6036053580932244,0.9842439370787992,1
0.45583046331255145,0.18689589965113332,-0.3644584423398462,1.1928403711955882,0.06644424625511519,1
3.8476535432164325,-0.16325042655901514,1.4170998232438696,-0.0947873639422395,1.4447602625017468,1
-2.325144552807181,-1.0017038280184707,-1.5341104223045439,-0.8859037102947395,0.5735993510232372,0
1.1250905874469233,1.049430519798062,-0.10616154868537185,-1.1394978015828496,-0.7357280115348064,1
-0.4529823074470964,-2.3071383661379383,0.17284605770593403,-1.2558192436614395,1.2545504334806523,0
0.1397239031515342,-0.6222294755929623,-0.4946140747382728,-0.6788557201460123,-2.177293243462723,1
2.3876263517832372,0.33996479323498474,-1.2244066776488074,4.297724063579317,-2.009971442878174,0
-0.652885036239578,-0.43690499098242497,-0.08475695156801927,1.0607013643348382,-0.9975386465611268,0
1.0302242390208096,1.2114752623336322,1.1386510120735314,0.9680023816730761,0.5133311138072931,1
